dataset,config,holdout,seed,n_train_bearings,n_test_windows,hi_cols,vtoi_a,vtoi_b,vtoi_fitness,vtoi_sat_frac_test,rul_mae,rul_rmse,rul_r2,rul_mae_hours,rul_rmse_hours,rul_phm_score,rul_asym_score,first_warning,lead_time,false_alarm_rate,mtoi_rmse,mtoi_spearman,mtoi_spearman_signed,mtoi_spearman_vs_deg,mtoi_monotonicity,stage_acc,stage_macro_f1,stage_bal_acc
xjtu_sy,vtoi_static,35Hz12kN_Bearing1_1,43,13,1845,E_norm|C_norm|VTOI,1.0,0.0,0.921294,0.0,0.1369765549898147,0.161141961812973,0.7670600098404021,0.1671113669872284,0.1965931802988052,1.853343296006548,0.2556177682690019,120,2,0.0,0.0653639733791351,0.7856170299128252,-0.7856170299128252,0.7856170299128252,0.0983606557377049,0.7642276422764228,0.388348588863463,0.4583333333333333
xjtu_sy,vtoi_traj,35Hz12kN_Bearing1_1,43,13,1845,E_norm|C_norm|VTOI|VTOI_vel|VTOI_acc,1.0,0.0,0.921294,0.0,0.152986541390419,0.1762069016695022,0.7214695502957647,0.1866435706615448,0.21497243642807,2.050262562525548,0.2784094916792904,120,2,0.0,0.0970823466777801,0.7873560788650269,-0.7873560788650269,0.7873560788650269,0.0983606557377049,0.0,0.0,0.0
xjtu_sy,transformer_vib,35Hz12kN_Bearing1_1,43,13,1845,,1.0,0.0,0.921294,0.0,0.151885911822319,0.1910899132490158,0.6724313081056412,0.1853007972240448,0.2331297248601913,2.1524610713803733,0.3146452806526568,-1,0,0.0,0.3262020051479339,0.6961792747963365,-0.6961792747963365,0.6961792747963365,0.0327868852459016,0.1138211382113821,0.0598290598290598,0.1458333333333333
xjtu_sy,tcn_vib,35Hz12kN_Bearing1_1,43,13,1845,,1.0,0.0,0.921294,0.0,0.1229069232940673,0.1567197442054748,0.7796696965583512,0.1499464660882949,0.1911980956792831,1.655019951654197,0.2261060885479295,92,30,0.0,0.4170808792114258,0.6411170879799482,0.6411170879799482,-0.6411170879799482,0.1311475409836065,0.056910569105691,0.0286885245901639,0.25
xjtu_sy,tcn_transformer_vib,35Hz12kN_Bearing1_1,43,13,1845,,1.0,0.0,0.921294,0.0,0.207510232925415,0.2333274483680725,0.5116193744533231,0.2531624734401703,0.2846594750881195,2.578568891439707,0.3058800360233318,79,43,0.0,0.4087540507316589,0.6950621282080494,0.6950621282080494,-0.6950621282080494,0.1147540983606557,0.1626016260162601,0.144927536231884,0.2083333333333333
xjtu_sy,cnn_bilstm_attn_vib,35Hz12kN_Bearing1_1,43,13,1845,,1.0,0.0,0.921294,0.0,0.1514877825975418,0.1708877384662628,0.7380317782549025,0.1848150789737701,0.2084830403327942,2.003981801279731,0.2672405383148329,95,27,0.0,0.3973014056682586,0.7037907888143174,-0.7037907888143174,0.7037907888143174,0.0491803278688524,0.6585365853658537,0.3102641717116126,0.5
xjtu_sy,abl_no_idxhead,35Hz12kN_Bearing1_1,43,13,1845,,1.0,0.0,0.921294,0.0,0.175015777349472,0.214914470911026,0.5856588393837345,0.2135192602872848,0.2621956467628479,2.486760281337288,0.3635673110744333,-1,0,0.0,0.1281859278678894,0.7716579971355739,-0.7716579971355739,0.7716579971355739,0.180327868852459,0.048780487804878,0.05578231292517,0.087797619047619
xjtu_sy,abl_cond_noaux,35Hz12kN_Bearing1_1,43,13,1845,E_norm|C_norm|VTOI,1.0,0.0,0.921294,0.0,0.2442328184843063,0.3070857226848602,0.1540474691808755,0.2979640662670135,0.3746445775032043,3.5503103773603506,0.5254765201087405,-1,0,0.0,0.3214196860790252,0.8487572024334832,-0.8487572024334832,0.8487572024334832,0.0491803278688524,0.7235772357723578,0.3996685257287172,0.4548611111111111
xjtu_sy,abl_E_only,35Hz12kN_Bearing1_1,43,13,1845,E_norm,1.0,0.0,0.921294,0.0,0.129467636346817,0.1468358337879181,0.8065846635408804,0.1579505205154419,0.1791397184133529,1.7115735117869193,0.2286740313397675,88,34,0.0,0.0661349147558212,0.8470767522695631,-0.8470767522695631,0.8470767522695631,0.1311475409836065,0.073170731707317,0.1084615384615384,0.2708333333333333
xjtu_sy,abl_no_smooth,35Hz12kN_Bearing1_1,43,13,1845,E_norm|C_norm|VTOI,1.0,0.0,0.921294,0.0,0.1326443403959274,0.154598668217659,0.78559331159037,0.1618260890245437,0.1886103898286819,1.7863159141995812,0.2449509779793944,85,37,0.0,0.0671483501791954,0.8432188620652536,-0.8432188620652536,0.8432188620652536,0.0655737704918032,0.089430894308943,0.0869155354449472,0.2916666666666667
xjtu_sy,abl_no_mono,35Hz12kN_Bearing1_1,43,13,1845,E_norm|C_norm|VTOI,1.0,0.0,0.921294,0.0,0.1366524994373321,0.1528789699077606,0.790336760934363,0.1667160540819168,0.1865123510360717,1.8381516037637784,0.2522488425114775,104,18,0.0,0.0950723588466644,0.8606293406556869,-0.8606293406556869,0.8606293406556869,0.2131147540983606,0.2682926829268293,0.2395652173913043,0.4027777777777778
xjtu_sy,vtoi_static,35Hz12kN_Bearing1_2,43,13,2415,E_norm|C_norm|VTOI,1.0,0.0,0.9056,0.0683229813664596,0.3167029023170471,0.3910128474235534,-0.3758195756981621,0.5067247152328491,0.6256206035614014,6.511685384635527,0.5187178187026,56,104,0.4166666666666667,0.0926269963383674,0.8675512778671041,-0.8675512778671041,0.8675512778671041,0.0375,0.1987577639751552,0.0893650793650793,0.09375
xjtu_sy,vtoi_traj,35Hz12kN_Bearing1_2,43,13,2415,E_norm|C_norm|VTOI|VTOI_vel|VTOI_acc,1.0,0.0,0.9056,0.0683229813664596,0.3061461746692657,0.380291223526001,-0.3014037038644872,0.4898339509963989,0.6084660291671753,6.323107145283103,0.5099664932544927,56,104,0.4166666666666667,0.1114028096199035,0.7362104060606287,-0.7362104060606287,0.7362104060606287,0.0625,0.3602484472049689,0.1324200913242009,0.1510416666666666
xjtu_sy,transformer_vib,35Hz12kN_Bearing1_2,43,13,2415,,1.0,0.0,0.9056,0.0683229813664596,0.3336286246776581,0.3956814706325531,-0.4088697205512954,0.5338059067726135,0.6330904364585876,6.945361493251902,0.5702818417863816,55,105,0.4270833333333333,0.3198132812976837,0.6062618718536603,-0.6062618718536603,0.6062618718536603,0.1,0.1987577639751552,0.1103448275862069,0.25
xjtu_sy,tcn_vib,35Hz12kN_Bearing1_2,43,13,2415,,1.0,0.0,0.9056,0.0683229813664596,0.2739649713039398,0.3534913957118988,-0.1244420790369547,0.4383439719676971,0.565586268901825,5.630956429850596,0.4505930884527216,63,97,0.28125,0.3781583905220032,0.7883724896763429,0.7883724896763429,-0.7883724896763429,0.1,0.2422360248447205,0.0975,0.1015625
xjtu_sy,tcn_transformer_vib,35Hz12kN_Bearing1_2,43,13,2415,,1.0,0.0,0.9056,0.0683229813664596,0.2918669581413269,0.4045548141002655,-0.4727675783625404,0.4669871926307678,0.6472877860069275,6.0304262759243485,0.4780506277399033,56,104,0.4166666666666667,0.2931329607963562,0.8861134411288193,-0.8861134411288193,0.8861134411288193,0.1,0.0559006211180124,0.0394736842105263,0.25
xjtu_sy,cnn_bilstm_attn_vib,35Hz12kN_Bearing1_2,43,13,2415,,1.0,0.0,0.9056,0.0683229813664596,0.3361923098564148,0.3929948210716247,-0.389802518834818,0.5379077792167664,0.6287918090820312,6.938903705463243,0.5602109034701904,56,104,0.4166666666666667,0.2954539656639099,0.5820179421562638,-0.5820179421562638,0.5820179421562638,0.05,0.0559006211180124,0.0394736842105263,0.25
xjtu_sy,abl_no_idxhead,35Hz12kN_Bearing1_2,43,13,2415,,1.0,0.0,0.9056,0.0683229813664596,0.3065510392189026,0.3939372301101684,-0.3964758372450754,0.4904817342758178,0.6302995681762695,6.339583663351055,0.5092339384722413,55,105,0.4270833333333333,0.0949660912156105,0.8054018495472348,-0.8054018495472348,0.8054018495472348,0.0125,0.1987577639751552,0.1159420289855072,0.25
xjtu_sy,abl_cond_noaux,35Hz12kN_Bearing1_2,43,13,2415,E_norm|C_norm|VTOI,1.0,0.0,0.9056,0.0683229813664596,0.2998350858688354,0.3710101246833801,-0.2386568649550184,0.479736179113388,0.5936163067817688,6.177169037898423,0.4967273087327524,56,104,0.4166666666666667,0.3296807706356048,0.7758479591883556,0.7758479591883556,-0.7758479591883556,0.05,0.5031055900621118,0.3256192918481257,0.3593749999999999
xjtu_sy,abl_E_only,35Hz12kN_Bearing1_2,43,13,2415,E_norm,1.0,0.0,0.9056,0.0683229813664596,0.3425526618957519,0.4209538102149963,-0.5945873249276239,0.5480843186378479,0.6735261678695679,7.111248544742231,0.5748274239786664,55,105,0.4270833333333333,0.0919754058122634,0.5172266424937403,-0.5172266424937403,0.5172266424937403,0.0375,0.15527950310559,0.1109121909633418,0.25
xjtu_sy,abl_no_smooth,35Hz12kN_Bearing1_2,43,13,2415,E_norm|C_norm|VTOI,1.0,0.0,0.9056,0.0683229813664596,0.3229158222675323,0.403245598077774,-0.4632505742355866,0.5166653990745544,0.6451930403709412,6.6769736090115686,0.5364585654428287,56,104,0.4166666666666667,0.0739015787839889,0.5935047273521955,-0.5935047273521955,0.5935047273521955,0.05,0.391304347826087,0.227310401989225,0.3307291666666667
xjtu_sy,abl_no_mono,35Hz12kN_Bearing1_2,43,13,2415,E_norm|C_norm|VTOI,1.0,0.0,0.9056,0.0683229813664596,0.3278979659080505,0.4066246151924133,-0.4878760628876573,0.5246368050575256,0.650599479675293,6.760485935084379,0.5396066862881553,52,108,0.4583333333333333,0.0933726951479911,0.712177707067431,-0.712177707067431,0.712177707067431,0.0125,0.1987577639751552,0.1111111111111111,0.25
xjtu_sy,vtoi_static,35Hz12kN_Bearing1_3,43,13,2370,E_norm|C_norm|VTOI,1.0,0.0,0.925663,0.0759493670886076,0.1498029381036758,0.172395259141922,0.7326018439315107,0.2351906150579452,0.2706605494022369,3.0914209342955545,0.2883294763963056,121,36,0.0,0.1960775405168533,0.9267556710047165,-0.9267556710047165,0.9267556710047165,0.0828025477707006,0.0,0.0,0.0
xjtu_sy,vtoi_traj,35Hz12kN_Bearing1_3,43,13,2370,E_norm|C_norm|VTOI|VTOI_vel|VTOI_acc,1.0,0.0,0.925663,0.0759493670886076,0.154142290353775,0.1765777766704559,0.7194696236899782,0.2420033812522888,0.2772271335124969,3.220207824032057,0.306841322869251,120,37,0.0,0.1871261000633239,0.952034440963277,-0.952034440963277,0.952034440963277,0.0828025477707006,0.120253164556962,0.1158536585365853,0.1532258064516129
xjtu_sy,transformer_vib,35Hz12kN_Bearing1_3,43,13,2370,,1.0,0.0,0.925663,0.0759493670886076,0.1664841622114181,0.1798181235790252,0.7090792909057528,0.2613801658153534,0.2823144197463989,3.560950301836117,0.3544542057368952,137,20,0.0,0.3208855390548706,0.5865357629786399,-0.5865357629786399,0.5865357629786399,0.0063694267515923,0.6329113924050633,0.2576949384404924,0.2903225806451613
xjtu_sy,tcn_vib,35Hz12kN_Bearing1_3,43,13,2370,,1.0,0.0,0.925663,0.0759493670886076,0.230950653553009,0.251743346452713,0.4298044842013117,0.3625925183296203,0.3952370882034302,4.968953529108729,0.4916897707064695,149,8,0.0,0.361295223236084,0.2305852493256869,-0.2305852493256869,0.2305852493256869,0.0,0.0696202531645569,0.0384615384615384,0.0289473684210526
xjtu_sy,tcn_transformer_vib,35Hz12kN_Bearing1_3,43,13,2370,,1.0,0.0,0.925663,0.0759493670886076,0.2694610059261322,0.2990035712718963,0.1956213099866958,0.4230538010597229,0.4694356322288513,6.106624929349927,0.6460842712534757,-1,0,0.0,0.3328952491283417,0.6982570604739728,-0.6982570604739728,0.6982570604739728,0.1464968152866242,0.1962025316455696,0.0861111111111111,0.25
xjtu_sy,cnn_bilstm_attn_vib,35Hz12kN_Bearing1_3,43,13,2370,,1.0,0.0,0.925663,0.0759493670886076,0.2601859271526336,0.2954170405864715,0.2148024749791406,0.4084919691085815,0.4638047814369201,5.74988421749746,0.5853794381446853,149,8,0.0,0.3527255058288574,0.9648983949183784,-0.9648983949183784,0.9648983949183784,0.3121019108280254,0.0,0.0,0.0
xjtu_sy,abl_no_idxhead,35Hz12kN_Bearing1_3,43,13,2370,,1.0,0.0,0.925663,0.0759493670886076,0.1602626740932464,0.1794724613428115,0.7101966595358633,0.2516123950481415,0.2817717790603637,3.2751145594740483,0.2999632137627164,111,46,0.0,0.1783761531114578,0.7929709011556292,-0.7929709011556292,0.7929709011556292,0.0700636942675159,0.1139240506329113,0.1069401444788441,0.3306451612903225
xjtu_sy,abl_cond_noaux,35Hz12kN_Bearing1_3,43,13,2370,E_norm|C_norm|VTOI,1.0,0.0,0.925663,0.0759493670886076,0.1623785942792892,0.1772624105215072,0.7172900690562445,0.2549343705177307,0.2783019840717315,3.475885824536172,0.3463449640128809,120,37,0.0,0.3439163863658905,0.3784789246941998,0.3784789246941998,-0.3784789246941998,0.0445859872611464,0.2088607594936709,0.1164141414141414,0.2708333333333333
xjtu_sy,abl_E_only,35Hz12kN_Bearing1_3,43,13,2370,E_norm,1.0,0.0,0.925663,0.0759493670886076,0.1780430525541305,0.1981561928987503,0.6467167526453907,0.2795276045799255,0.3111052215099334,3.861032567016852,0.3905831420487618,148,9,0.0,0.2348733842372894,0.9158752055369164,-0.9158752055369164,0.9158752055369164,0.0573248407643312,0.1645569620253164,0.2459795321637427,0.3958333333333333
xjtu_sy,abl_no_smooth,35Hz12kN_Bearing1_3,43,13,2370,E_norm|C_norm|VTOI,1.0,0.0,0.925663,0.0759493670886076,0.1624910831451416,0.1830208152532577,0.6986239406893036,0.2551110088825226,0.2873426675796509,3.422621093416979,0.3309570214935118,117,40,0.0,0.2030527889728546,0.8333710345640939,-0.8333710345640939,0.8333710345640939,0.1210191082802547,0.0696202531645569,0.0753424657534246,0.0887096774193548
xjtu_sy,abl_no_mono,35Hz12kN_Bearing1_3,43,13,2370,E_norm|C_norm|VTOI,1.0,0.0,0.925663,0.0759493670886076,0.1455971747636795,0.1704644858837127,0.7385578696467768,0.2285875529050827,0.2676292359828949,3.0342365485428395,0.2880439644891627,120,37,0.0,0.2012093365192413,0.8825924872741031,-0.8825924872741031,0.8825924872741031,0.0445859872611464,0.6075949367088608,0.2084737971192154,0.2604166666666667
xjtu_sy,vtoi_static,35Hz12kN_Bearing1_4,43,13,1830,E_norm|C_norm|VTOI,1.0,0.0,0.950315,0.0,0.2773581147193908,0.3583942055702209,-0.1521575308212504,0.3356032967567444,0.4336570203304291,3.991954224610059,0.59423444832324,-1,0,0.0,0.1152959167957305,0.4049143364013092,-0.4049143364013092,0.4049143364013092,0.1074380165289256,0.0491803278688524,0.0234375,0.2142857142857142
xjtu_sy,vtoi_traj,35Hz12kN_Bearing1_4,43,13,1830,E_norm|C_norm|VTOI|VTOI_vel|VTOI_acc,1.0,0.0,0.950315,0.0,0.281098872423172,0.381401389837265,-0.3048315191737636,0.3401296734809875,0.4614956974983215,4.139016314275699,0.6296394502469262,-1,0,0.0,0.1287421882152557,0.6343570234729382,-0.6343570234729382,0.6343570234729382,0.1074380165289256,0.0491803278688524,0.0234375,0.2142857142857142
xjtu_sy,transformer_vib,35Hz12kN_Bearing1_4,43,13,1830,,1.0,0.0,0.950315,0.0,0.2805906534194946,0.3684492707252502,-0.2177139390435196,0.3395147025585174,0.4458236396312713,4.074302061492055,0.6116859767219571,-1,0,0.0,0.3017362654209137,0.3915129809075501,-0.3915129809075501,0.3915129809075501,0.0082644628099173,0.5983606557377049,0.1881443298969072,0.25
xjtu_sy,tcn_vib,35Hz12kN_Bearing1_4,43,13,1830,,1.0,0.0,0.950315,0.0,0.2937380969524383,0.3290116190910339,0.0290154565225788,0.3554231226444244,0.3981040418148041,3.899576317654244,0.526661196296088,-1,0,0.0,0.3877973258495331,0.2782062628624078,0.2782062628624078,-0.2782062628624078,0.0578512396694214,0.5983606557377049,0.1871794871794871,0.25
xjtu_sy,tcn_transformer_vib,35Hz12kN_Bearing1_4,43,13,1830,,1.0,0.0,0.950315,0.0,0.2970973551273346,0.3339620530605316,-0.0004239721550265,0.3594878911972046,0.4040940701961517,3.952984202896906,0.5350410064651829,-1,0,0.0,0.3527271449565887,0.3593530433292422,-0.3593530433292422,0.3593530433292422,0.0743801652892562,0.1967213114754098,0.0821917808219178,0.25
xjtu_sy,cnn_bilstm_attn_vib,35Hz12kN_Bearing1_4,43,13,1830,,1.0,0.0,0.950315,0.0,0.2871351838111877,0.3341718018054962,-0.0016810359453092,0.3474335670471191,0.4043478965759277,3.926423157211116,0.5515048719759359,-1,0,0.0,0.2963553667068481,0.3910899228259953,-0.3910899228259953,0.3910899228259953,0.1074380165289256,0.1967213114754098,0.0827586206896551,0.25
xjtu_sy,abl_no_idxhead,35Hz12kN_Bearing1_4,43,13,1830,,1.0,0.0,0.950315,0.0,0.2778486907482147,0.3594706952571869,-0.1590891752334098,0.3361969292163849,0.4349595606327057,4.004037524352007,0.5968514388640884,-1,0,0.0,0.110048197209835,0.6929853910307957,-0.6929853910307957,0.6929853910307957,0.024793388429752,0.5983606557377049,0.1881443298969072,0.25
xjtu_sy,abl_cond_noaux,35Hz12kN_Bearing1_4,43,13,1830,E_norm|C_norm|VTOI,1.0,0.0,0.950315,0.0,0.2816224992275238,0.3776296973228454,-0.2791520612430493,0.3407632410526275,0.4569319486618042,4.128260970486705,0.6254065887788769,-1,0,0.0,0.3977041840553283,0.1051845808680222,0.1051845808680222,-0.1051845808680222,0.0578512396694214,0.1967213114754098,0.0827586206896551,0.25
xjtu_sy,abl_E_only,35Hz12kN_Bearing1_4,43,13,1830,E_norm,1.0,0.0,0.950315,0.0,0.2814838588237762,0.3771871626377105,-0.2761556803157001,0.3405954539775848,0.4563964307308197,4.124697509196368,0.6246516177827706,-1,0,0.0,0.1368298977613449,0.522376089704078,-0.522376089704078,0.522376089704078,0.0082644628099173,0.5983606557377049,0.1881443298969072,0.25
xjtu_sy,abl_no_smooth,35Hz12kN_Bearing1_4,43,13,1830,E_norm|C_norm|VTOI,1.0,0.0,0.950315,0.0,0.2816729545593261,0.3815613389015198,-0.3059262006943266,0.3408242464065552,0.4616892635822296,4.146870883027707,0.630776136716614,-1,0,0.0,0.1359917223453521,0.4417151009774908,-0.4417151009774908,0.4417151009774908,0.0909090909090909,0.1557377049180328,0.1272482014388489,0.2857142857142857
xjtu_sy,abl_no_mono,35Hz12kN_Bearing1_4,43,13,1830,E_norm|C_norm|VTOI,1.0,0.0,0.950315,0.0,0.2795670628547668,0.3767935931682586,-0.2734939113552843,0.3382761478424072,0.4559202492237091,4.103264177551797,0.6224895130354361,-1,0,0.0,0.1403741389513015,0.585056983426035,-0.585056983426035,0.585056983426035,0.024793388429752,0.1967213114754098,0.0827586206896551,0.25
xjtu_sy,vtoi_static,35Hz12kN_Bearing1_5,43,13,780,E_norm|C_norm|VTOI,1.0,0.0,0.968763,0.0384615384615384,0.1365901827812194,0.1549689471721649,0.7884216107289519,0.0696609988808631,0.0790341719985008,0.3005474887015789,0.0870116759951298,39,12,0.0,0.1740481406450271,0.7514934678889943,-0.7514934678889943,0.7514934678889943,0.1372549019607843,0.1923076923076923,0.1611519607843137,0.425
xjtu_sy,vtoi_traj,35Hz12kN_Bearing1_5,43,13,780,E_norm|C_norm|VTOI|VTOI_vel|VTOI_acc,1.0,0.0,0.968763,0.0384615384615384,0.1605881601572036,0.1774767637252807,0.7224987833791843,0.0818999856710434,0.0905131623148918,0.3534610433817582,0.1022489782995902,39,12,0.0,0.148465484380722,0.876035756290908,-0.876035756290908,0.876035756290908,0.0196078431372549,0.7115384615384616,0.3459595959595959,0.4
xjtu_sy,transformer_vib,35Hz12kN_Bearing1_5,43,13,780,,1.0,0.0,0.968763,0.0384615384615384,0.1709414422512054,0.1924216747283935,0.6737955509186778,0.0871801376342773,0.0981350690126419,0.3686401261269456,0.1024547018683873,39,12,0.0,0.3798751533031463,0.6940510061304375,0.6940510061304375,-0.6940510061304375,0.1372549019607843,0.1538461538461538,0.1332951945080091,0.375
xjtu_sy,tcn_vib,35Hz12kN_Bearing1_5,43,13,780,,1.0,0.0,0.968763,0.0384615384615384,0.2492769509553909,0.2783114016056061,0.3175922906209117,0.1271312534809112,0.1419388502836227,0.513770335744222,0.1289023355858981,34,17,0.0,0.2806057631969452,0.9037707056229654,-0.9037707056229654,0.9037707056229654,0.0588235294117647,0.5961538461538461,0.1867469879518072,0.25
xjtu_sy,tcn_transformer_vib,35Hz12kN_Bearing1_5,43,13,780,,1.0,0.0,0.968763,0.0384615384615384,0.188274085521698,0.2102370858192443,0.6105959058001877,0.0960197821259498,0.1072209253907203,0.4025122069498241,0.1098063019319222,39,12,0.0,0.4778837561607361,0.8589184834377822,0.8589184834377822,-0.8589184834377822,0.0196078431372549,0.0769230769230769,0.08,0.1
xjtu_sy,cnn_bilstm_attn_vib,35Hz12kN_Bearing1_5,43,13,780,,1.0,0.0,0.968763,0.0384615384615384,0.3246053159236908,0.362036645412445,-0.1547472887864089,0.1655487120151519,0.1846387088298797,0.7643900024833894,0.2445106845922195,-1,0,0.0,0.3769481778144836,0.8062986317080482,-0.8062986317080482,0.8062986317080482,0.0196078431372549,0.5961538461538461,0.1867469879518072,0.25
xjtu_sy,abl_no_idxhead,35Hz12kN_Bearing1_5,43,13,780,,1.0,0.0,0.968763,0.0384615384615384,0.1632900834083557,0.1816014349460601,0.7094502990746008,0.083277940750122,0.0926167443394661,0.3756337391326838,0.1172727247556814,39,12,0.0,0.0877243131399154,0.7143074370966498,-0.7143074370966498,0.7143074370966498,0.0980392156862745,0.6538461538461539,0.2973484848484848,0.325
xjtu_sy,abl_cond_noaux,35Hz12kN_Bearing1_5,43,13,780,E_norm|C_norm|VTOI,1.0,0.0,0.968763,0.0384615384615384,0.1739521622657776,0.2034275233745575,0.6354129252368721,0.0887155979871749,0.1037480309605598,0.3647422922157011,0.0955405188007996,39,12,0.0,0.4746574461460113,0.7406449489537026,-0.7406449489537026,0.7406449489537026,0.0196078431372549,0.0,0.0,0.0
xjtu_sy,abl_E_only,35Hz12kN_Bearing1_5,43,13,780,E_norm,1.0,0.0,0.968763,0.0384615384615384,0.1538717448711395,0.1707746386528015,0.7430618415773864,0.0784745961427688,0.0870950669050216,0.3408927820428686,0.0998507848439308,39,12,0.0,0.1248958110809326,0.7792284172210516,-0.7792284172210516,0.7792284172210516,0.1764705882352941,0.0769230769230769,0.08,0.1
xjtu_sy,abl_no_smooth,35Hz12kN_Bearing1_5,43,13,780,E_norm|C_norm|VTOI,1.0,0.0,0.968763,0.0384615384615384,0.1704357266426086,0.1983291506767273,0.653458709808723,0.0869222208857536,0.1011478826403617,0.3577129172674669,0.0939354581328538,39,12,0.0,0.1850188076496124,0.751670123617224,-0.751670123617224,0.751670123617224,0.1372549019607843,0.6346153846153846,0.2795358649789029,0.3125
xjtu_sy,abl_no_mono,35Hz12kN_Bearing1_5,43,13,780,E_norm|C_norm|VTOI,1.0,0.0,0.968763,0.0384615384615384,0.1652834713459015,0.1809560656547546,0.7115117415907808,0.0842945948243141,0.0922876000404357,0.3599237722490136,0.1020489482638927,39,12,0.0,0.162587359547615,0.7557332053665062,-0.7557332053665062,0.7557332053665062,0.1372549019607843,0.0576923076923076,0.0511904761904761,0.1458333333333333
xjtu_sy,vtoi_static,37.5Hz11kN_Bearing2_1,43,13,7365,E_norm|C_norm|VTOI,1.0,0.0,0.961961,0.0122199592668024,0.2659955322742462,0.3335148394107818,-0.0078334778774336,1.303378343582153,1.6342229843139648,67.41614765884991,2.2957732157360637,-1,0,0.0,0.1236453652381897,0.0417914041541412,-0.0417914041541412,0.0417914041541412,0.0244897959183673,0.1507128309572301,0.0660714285714285,0.25
xjtu_sy,vtoi_traj,37.5Hz11kN_Bearing2_1,43,13,7365,E_norm|C_norm|VTOI|VTOI_vel|VTOI_acc,1.0,0.0,0.961961,0.0122199592668024,0.255148708820343,0.2967037558555603,0.2023643839884794,1.250228762626648,1.4538486003875732,61.29838215525417,2.0412647859582225,463,27,0.0,0.0804147496819496,0.0709919856040449,-0.0709919856040449,0.0709919856040449,0.0489795918367346,0.6109979633401222,0.2854776595304154,0.31
xjtu_sy,transformer_vib,37.5Hz11kN_Bearing2_1,43,13,7365,,1.0,0.0,0.961961,0.0122199592668024,0.2682780921459198,0.3168719708919525,0.0902415969629027,1.3145630359649658,1.5526727437973022,65.25721536769134,2.168056458849346,-1,0,0.0,0.4411276578903198,0.1661745226054811,-0.1661745226054811,0.1661745226054811,0.0122448979591836,0.2016293279022403,0.0917807714958775,0.2533783783783784
xjtu_sy,tcn_vib,37.5Hz11kN_Bearing2_1,43,13,7365,,1.0,0.0,0.961961,0.0122199592668024,0.2651085555553436,0.3410058915615082,-0.0536154457553432,1.2990320920944214,1.670928955078125,68.21589360110194,2.33924366058042,487,3,0.0,0.2432460039854049,0.1436829556544347,0.1436829556544347,-0.1436829556544347,0.0285714285714285,0.1995926680244399,0.0831918505942275,0.25
xjtu_sy,tcn_transformer_vib,37.5Hz11kN_Bearing2_1,43,13,7365,,1.0,0.0,0.961961,0.0122199592668024,0.2531385719776153,0.28986656665802,0.2387019243012309,1.2403793334960938,1.4203463792800903,59.830626034438495,1.968081421323136,455,35,0.0,0.7911098003387451,0.282193607922186,0.282193607922186,-0.282193607922186,0.0040816326530612,0.219959266802444,0.1343192130626304,0.2837837837837837
xjtu_sy,cnn_bilstm_attn_vib,37.5Hz11kN_Bearing2_1,43,13,7365,,1.0,0.0,0.961961,0.0122199592668024,0.2666510045528412,0.2949046790599823,0.2120080687993065,1.30659019947052,1.445033073425293,60.98030947679954,1.935575971239514,464,26,0.0,0.4461054801940918,0.6334183446664863,-0.6334183446664863,0.6334183446664863,0.0040816326530612,0.1995926680244399,0.0876565295169946,0.25
xjtu_sy,abl_no_idxhead,37.5Hz11kN_Bearing2_1,43,13,7365,,1.0,0.0,0.961961,0.0122199592668024,0.2659590244293213,0.3345164656639099,-0.0138960599433834,1.3031994104385376,1.6391308307647705,67.53647400967638,2.301847711304116,-1,0,0.0,0.1137192770838737,0.089944114118824,-0.089944114118824,0.089944114118824,0.0204081632653061,0.0162932790224032,0.0080160320641282,0.08
xjtu_sy,abl_cond_noaux,37.5Hz11kN_Bearing2_1,43,13,7365,E_norm|C_norm|VTOI,1.0,0.0,0.961961,0.0122199592668024,0.2663869857788086,0.3334465026855469,-0.0074204190231066,1.3052963018417358,1.6338880062103271,67.43010093682489,2.293499917406475,-1,0,0.0,0.375602126121521,0.1932156776489164,0.1932156776489164,-0.1932156776489164,0.0204081632653061,0.1507128309572301,0.0661896243291592,0.25
xjtu_sy,abl_E_only,37.5Hz11kN_Bearing2_1,43,13,7365,E_norm,1.0,0.0,0.961961,0.0122199592668024,0.2507305741310119,0.3166209459304809,0.0916823673922254,1.2285799980163574,1.5514428615570068,63.19141046761818,2.1591437420828643,466,24,0.0,0.1032635048031807,0.1445955069101223,-0.1445955069101223,0.1445955069101223,0.0081632653061224,0.6496945010183299,0.4387739285437495,0.5
xjtu_sy,abl_no_smooth,37.5Hz11kN_Bearing2_1,43,13,7365,E_norm|C_norm|VTOI,1.0,0.0,0.961961,0.0122199592668024,0.2682665288448334,0.3368977606296539,-0.0283826085332448,1.3145062923431396,1.6507991552352903,68.07889674777978,2.315039221910559,-1,0,0.0,0.1176566481590271,0.0712860513974227,-0.0712860513974227,0.0712860513974227,0.0612244897959183,0.230142566191446,0.2740724381625442,0.4
xjtu_sy,abl_no_mono,37.5Hz11kN_Bearing2_1,43,13,7365,E_norm|C_norm|VTOI,1.0,0.0,0.961961,0.0122199592668024,0.2592277228832245,0.3165767192840576,0.0919361392166899,1.2702159881591797,1.5512261390686035,64.55370832062644,2.1917015947249783,-1,0,0.0,0.1074428856372833,0.056800118660204,-0.056800118660204,0.056800118660204,0.0204081632653061,0.5987780040733197,0.1936758893280632,0.25
xjtu_sy,vtoi_static,37.5Hz11kN_Bearing2_2,43,13,2415,E_norm|C_norm|VTOI,1.0,0.0,0.936151,0.1055900621118012,0.2404572367668151,0.2918468415737152,0.2335401010769907,0.3847315609455108,0.4669550061225891,4.937565838634112,0.4024716707767907,77,83,0.1979166666666666,0.3517421782016754,0.9178360857877568,-0.9178360857877568,0.9178360857877568,0.0625,0.0993788819875776,0.1485019539730786,0.21875
xjtu_sy,vtoi_traj,37.5Hz11kN_Bearing2_2,43,13,2415,E_norm|C_norm|VTOI|VTOI_vel|VTOI_acc,1.0,0.0,0.936151,0.1055900621118012,0.2317129522562027,0.2822865545749664,0.2829328777410254,0.3707407712936401,0.4516585171222687,4.778788729474797,0.3940853752797434,80,80,0.1666666666666666,0.3300371766090393,0.8314784287345807,-0.8314784287345807,0.8314784287345807,0.1375,0.093167701863354,0.0449027822537329,0.046875
xjtu_sy,transformer_vib,37.5Hz11kN_Bearing2_2,43,13,2415,,1.0,0.0,0.936151,0.1055900621118012,0.2018981426954269,0.2262275964021682,0.5394565539451097,0.3230369985103607,0.3619641959667206,4.36881336965099,0.4020135830740751,87,73,0.0833333333333333,0.4491780698299408,0.8029976516209911,-0.8029976516209911,0.8029976516209911,0.075,0.5962732919254659,0.1867704280155642,0.25
xjtu_sy,tcn_vib,37.5Hz11kN_Bearing2_2,43,13,2415,,1.0,0.0,0.936151,0.1055900621118012,0.1980003863573074,0.2120362073183059,0.5954245964662821,0.3168006539344787,0.3392579555511474,4.114242951024681,0.3521211557784436,110,50,0.0,0.7417354583740234,0.8727844441866182,0.8727844441866182,-0.8727844441866182,0.075,0.0807453416149068,0.0393939393939393,0.1354166666666666
xjtu_sy,tcn_transformer_vib,37.5Hz11kN_Bearing2_2,43,13,2415,,1.0,0.0,0.936151,0.1055900621118012,0.2638172507286072,0.2993559837341308,0.1935910858066112,0.4221075773239136,0.4789696335792541,5.468004289345491,0.4560290177508911,70,90,0.2604166666666667,0.4016890823841095,0.666605426406648,0.666605426406648,-0.666605426406648,0.0625,0.1801242236024844,0.0763157894736842,0.0755208333333333
xjtu_sy,cnn_bilstm_attn_vib,37.5Hz11kN_Bearing2_2,43,13,2415,,1.0,0.0,0.936151,0.1055900621118012,0.2754524350166321,0.3216496706008911,0.0690087891324284,0.4407239556312561,0.5146394968032837,5.605014593758668,0.4456241118796863,84,76,0.125,0.3898633420467376,0.8235438894655959,-0.8235438894655959,0.8235438894655959,0.1125,0.5962732919254659,0.1867704280155642,0.25
xjtu_sy,abl_no_idxhead,37.5Hz11kN_Bearing2_2,43,13,2415,,1.0,0.0,0.936151,0.1055900621118012,0.1931787580251693,0.2198533564805984,0.5650437209241889,0.3090860545635223,0.3517653942108154,4.031897137787007,0.3468047290207436,83,77,0.1354166666666666,0.2970306873321533,0.9169167859624412,-0.9169167859624412,0.9169167859624412,0.05,0.1490683229813664,0.1153846153846153,0.25
xjtu_sy,abl_cond_noaux,37.5Hz11kN_Bearing2_2,43,13,2415,E_norm|C_norm|VTOI,1.0,0.0,0.936151,0.1055900621118012,0.2423888742923736,0.2862801551818847,0.2625002019653516,0.3878222405910492,0.4580482840538025,4.990859380382153,0.4105875261174225,79,81,0.1770833333333333,0.4205581545829773,0.8404244953194466,0.8404244953194466,-0.8404244953194466,0.0875,0.1987577639751552,0.146788990825688,0.25
xjtu_sy,abl_E_only,37.5Hz11kN_Bearing2_2,43,13,2415,E_norm,1.0,0.0,0.936151,0.1055900621118012,0.1748244762420654,0.1973024159669876,0.6496966990866098,0.2797191441059112,0.315683901309967,3.7934435536612394,0.352540889373107,122,38,0.0,0.273089736700058,0.909419583503558,-0.909419583503558,0.909419583503558,0.0625,0.0559006211180124,0.0505617977528089,0.25
xjtu_sy,abl_no_smooth,37.5Hz11kN_Bearing2_2,43,13,2415,E_norm|C_norm|VTOI,1.0,0.0,0.936151,0.1055900621118012,0.244101345539093,0.2879520952701568,0.2538606453218475,0.3905621767044067,0.4607234001159668,4.998383426615277,0.4060470768661232,80,80,0.1666666666666666,0.326215535402298,0.8859521497751172,-0.8859521497751172,0.8859521497751172,0.0875,0.217391304347826,0.1922492401215805,0.3333333333333333
xjtu_sy,abl_no_mono,37.5Hz11kN_Bearing2_2,43,13,2415,E_norm|C_norm|VTOI,1.0,0.0,0.936151,0.1055900621118012,0.2203706949949264,0.2504814267158508,0.4354135281542552,0.3525931537151336,0.4007703065872192,4.751659266369509,0.4321600130718687,80,80,0.0520833333333333,0.3040804862976074,0.7902378650500412,-0.7902378650500412,0.7902378650500412,0.05,0.0993788819875776,0.0601639807746677,0.2430555555555555
xjtu_sy,vtoi_static,37.5Hz11kN_Bearing2_3,43,13,7995,E_norm|C_norm|VTOI,1.0,0.0,0.938293,0.0056285178236397,0.1611173450946808,0.1792497932910919,0.7088001190960629,0.857144296169281,0.9536089301109314,37.736742572018834,0.9432140780476536,326,206,0.0,0.1575419008731842,0.911302344747874,-0.911302344747874,0.911302344747874,0.0451127819548872,0.651031894934334,0.3055088240145143,0.5
xjtu_sy,vtoi_traj,37.5Hz11kN_Bearing2_3,43,13,7995,E_norm|C_norm|VTOI|VTOI_vel|VTOI_acc,1.0,0.0,0.938293,0.0056285178236397,0.1444977968931198,0.1630765199661255,0.7589779706166501,0.7687283158302307,0.8675671219825745,34.01354095126108,0.8663786104469653,326,206,0.0,0.1556889861822128,0.903730940300984,-0.903730940300984,0.903730940300984,0.0037593984962406,0.0056285178236397,0.0136363636363636,0.0070754716981132
xjtu_sy,transformer_vib,37.5Hz11kN_Bearing2_3,43,13,7995,,1.0,0.0,0.938293,0.0056285178236397,0.137856438755989,0.1643132269382476,0.7553085290674407,0.7333962321281433,0.8741463422775269,33.805580344409314,0.918307243652404,357,175,0.0,0.4277396202087402,0.8629777775411812,0.8629777775411812,-0.8629777775411812,0.0206766917293233,0.7429643527204502,0.3702938594226101,0.4292452830188679
xjtu_sy,tcn_vib,37.5Hz11kN_Bearing2_3,43,13,7995,,1.0,0.0,0.938293,0.0056285178236397,0.2275284379720688,0.2651199102401733,0.36297198976731,1.2104514837265017,1.4104379415512085,63.03320320046623,1.8908594451341465,-1,0,0.0,0.4831632971763611,0.5352348130793174,0.5352348130793174,-0.5352348130793174,0.0338345864661654,0.1294559099437148,0.076837416481069,0.1627358490566037
xjtu_sy,tcn_transformer_vib,37.5Hz11kN_Bearing2_3,43,13,7995,,1.0,0.0,0.938293,0.0056285178236397,0.1418168842792511,0.1574297696352005,0.7753804587790765,0.7544658780097961,0.8375263810157776,34.18128666962491,0.9142753908421152,326,206,0.0,0.4025988280773163,0.8891681260855387,-0.8891681260855387,0.8891681260855387,0.0075187969924812,0.7861163227016885,0.4059490548091784,0.4834905660377359
xjtu_sy,cnn_bilstm_attn_vib,37.5Hz11kN_Bearing2_3,43,13,7995,,1.0,0.0,0.938293,0.0056285178236397,0.329498678445816,0.3603513240814209,-0.1768633914570188,1.752933144569397,1.9170690774917605,89.1387487126147,2.4813790822831483,-1,0,0.0,0.3342761099338531,0.950028503637821,-0.950028503637821,0.950028503637821,0.0357142857142857,0.150093808630394,0.065252854812398,0.25
xjtu_sy,abl_no_idxhead,37.5Hz11kN_Bearing2_3,43,13,7995,,1.0,0.0,0.938293,0.0056285178236397,0.1420637816190719,0.1606013923883438,0.7662387908556536,0.7557793259620667,0.8543994426727295,33.13321667521683,0.8299500702287981,329,203,0.0,0.1645596921443939,0.9244537478895656,-0.9244537478895656,0.9244537478895656,0.0300751879699248,0.0675422138836773,0.0687863860277653,0.2712264150943396
xjtu_sy,abl_cond_noaux,37.5Hz11kN_Bearing2_3,43,13,7995,E_norm|C_norm|VTOI,1.0,0.0,0.938293,0.0056285178236397,0.1320863515138626,0.1437685638666153,0.8126724447763365,0.7026993632316589,0.7648487687110901,31.835556976747508,0.8607218393507303,326,206,0.0,0.3336400687694549,0.6981192519478301,0.6981192519478301,-0.6981192519478301,0.0394736842105263,0.1519699812382739,0.1377551020408163,0.1910377358490566
xjtu_sy,abl_E_only,37.5Hz11kN_Bearing2_3,43,13,7995,E_norm,1.0,0.0,0.938293,0.0056285178236397,0.165881410241127,0.1834696382284164,0.6949280850552932,0.8824892044067383,0.9760584831237792,38.91504762844587,0.9727865431185176,326,206,0.0,0.2016429603099823,0.8682436018498209,-0.8682436018498209,0.8682436018498209,0.0225563909774436,0.7898686679174484,0.4853114353801613,0.5526827830188679
xjtu_sy,abl_no_smooth,37.5Hz11kN_Bearing2_3,43,13,7995,E_norm|C_norm|VTOI,1.0,0.0,0.938293,0.0056285178236397,0.1412283480167389,0.1584192365407943,0.7725480365009714,0.7513348460197449,0.842790424823761,33.87488679459296,0.8971318279866541,326,206,0.0,0.1594495177268982,0.8648825972168864,-0.8648825972168864,0.8648825972168864,0.0037593984962406,0.7898686679174484,0.408890040981583,0.4882075471698113
xjtu_sy,abl_no_mono,37.5Hz11kN_Bearing2_3,43,13,7995,E_norm|C_norm|VTOI,1.0,0.0,0.938293,0.0056285178236397,0.1348746120929718,0.1507176756858825,0.794125690186238,0.7175329327583313,0.8018180131912231,32.681040379743024,0.8859003280651166,333,199,0.0,0.2181798368692398,0.8527706450414089,-0.8527706450414089,0.8527706450414089,0.0338345864661654,0.7654784240150094,0.3991404881350533,0.458313679245283
xjtu_sy,vtoi_static,37.5Hz11kN_Bearing2_4,43,13,630,E_norm|C_norm|VTOI,1.0,0.0,0.922825,0.0476190476190476,0.1484810262918472,0.1669943332672119,0.7561332421054137,0.060877226293087,0.0684676766395568,0.2256360947558418,0.0899084007278794,30,11,0.0,0.0872930958867073,0.9026479308929048,-0.9026479308929048,0.9026479308929048,0.1219512195121951,0.1428571428571428,0.1666666666666666,0.25
xjtu_sy,vtoi_traj,37.5Hz11kN_Bearing2_4,43,13,630,E_norm|C_norm|VTOI|VTOI_vel|VTOI_acc,1.0,0.0,0.922825,0.0476190476190476,0.1783836483955383,0.1962462961673736,0.6632155135364319,0.0731372982263565,0.0804609805345535,0.2636932602205051,0.1003474232164167,31,10,0.0,0.1351924985647201,0.9122068592832244,-0.9122068592832244,0.9122068592832244,0.1219512195121951,0.0714285714285714,0.0333333333333333,0.25
xjtu_sy,transformer_vib,37.5Hz11kN_Bearing2_4,43,13,630,,1.0,0.0,0.922825,0.0476190476190476,0.1838230490684509,0.2109934985637664,0.6106973901439108,0.0753674507141113,0.0865073427557945,0.2834189733025154,0.1151584456009524,35,6,0.0,0.3742362558841705,0.5333714341300295,-0.5333714341300295,0.5333714341300295,0.024390243902439,0.6428571428571429,0.3083333333333333,0.4166666666666666
xjtu_sy,tcn_vib,37.5Hz11kN_Bearing2_4,43,13,630,,1.0,0.0,0.922825,0.0476190476190476,0.1782566756010055,0.1956839263439178,0.6651429415583421,0.0730852410197258,0.0802304148674011,0.2468463778519767,0.0832517695589991,31,10,0.0,0.4414775967597961,0.781735871780265,-0.781735871780265,0.781735871780265,0.073170731707317,0.0714285714285714,0.034090909090909,0.25
xjtu_sy,tcn_transformer_vib,37.5Hz11kN_Bearing2_4,43,13,630,,1.0,0.0,0.922825,0.0476190476190476,0.284781277179718,0.3230031132698059,0.0876475851576897,0.1167603358626365,0.1324312835931778,0.4408019268115124,0.179048061459547,-1,0,0.0,0.5575296878814697,0.571774848189384,-0.571774848189384,0.571774848189384,0.073170731707317,0.1428571428571428,0.1764705882352941,0.25
xjtu_sy,cnn_bilstm_attn_vib,37.5Hz11kN_Bearing2_4,43,13,630,,1.0,0.0,0.922825,0.0476190476190476,0.2995341718196869,0.3374783396720886,0.0040421768373488,0.1228090226650238,0.1383661180734634,0.4590999715377235,0.1835997758344525,-1,0,0.0,0.3986309468746185,0.6869850903674473,0.6869850903674473,-0.6869850903674473,0.1219512195121951,0.1428571428571428,0.0625,0.25
xjtu_sy,abl_no_idxhead,37.5Hz11kN_Bearing2_4,43,13,630,,1.0,0.0,0.922825,0.0476190476190476,0.1585237830877304,0.1849482208490371,0.7008771871771188,0.0649947449564933,0.0758287757635116,0.2476206906684614,0.1027105093179714,31,10,0.0,0.1204195395112037,0.9106975548005424,-0.9106975548005424,0.9106975548005424,0.1219512195121951,0.0714285714285714,0.0333333333333333,0.25
xjtu_sy,abl_cond_noaux,37.5Hz11kN_Bearing2_4,43,13,630,E_norm|C_norm|VTOI,1.0,0.0,0.922825,0.0476190476190476,0.1475830376148224,0.1737214177846908,0.7360899656365725,0.0605090446770191,0.0712257847189903,0.2313559879346423,0.0965153423271008,33,8,0.0,0.3485045135021209,0.5960914204103726,-0.5960914204103726,0.5960914204103726,0.1219512195121951,0.1904761904761904,0.08,0.25
xjtu_sy,abl_E_only,37.5Hz11kN_Bearing2_4,43,13,630,E_norm,1.0,0.0,0.922825,0.0476190476190476,0.1697446554899215,0.2211688756942749,0.5722429175663919,0.0695953071117401,0.0906792432069778,0.281677956579405,0.1264736106885331,-1,0,0.0,0.1452632844448089,0.4966450250514329,-0.4966450250514329,0.4966450250514329,0.024390243902439,0.0,0.0,0.0
xjtu_sy,abl_no_smooth,37.5Hz11kN_Bearing2_4,43,13,630,E_norm|C_norm|VTOI,1.0,0.0,0.922825,0.0476190476190476,0.1642125397920608,0.1824660003185272,0.708852440080764,0.0673271343111991,0.0748110711574554,0.2468006115211087,0.0965696787018151,31,10,0.0,0.1232652366161346,0.8858778810853265,-0.8858778810853265,0.8858778810853265,0.024390243902439,0.0952380952380952,0.1458333333333333,0.1354166666666666
xjtu_sy,abl_no_mono,37.5Hz11kN_Bearing2_4,43,13,630,E_norm|C_norm|VTOI,1.0,0.0,0.922825,0.0476190476190476,0.1705466508865356,0.1996607780456543,0.651394153365346,0.0699241310358047,0.0818609148263931,0.2653982841310982,0.1093667870653527,34,7,0.0,0.1835511773824691,0.924952097136984,-0.924952097136984,0.924952097136984,0.1707317073170731,0.2142857142857142,0.1530612244897959,0.2916666666666667
xjtu_sy,vtoi_static,37.5Hz11kN_Bearing2_5,43,13,5085,E_norm|C_norm|VTOI,1.0,0.0,0.978252,0.0058997050147492,0.2041577845811844,0.2181442081928253,0.5694754001123566,0.6900532841682434,0.7373274564743042,19.160098422672057,0.7638542194875468,189,149,0.0689655172413793,0.0881372615694999,0.9435063738035068,-0.9435063738035068,0.9435063738035068,0.0769230769230769,0.1504424778761062,0.125,0.25
xjtu_sy,vtoi_traj,37.5Hz11kN_Bearing2_5,43,13,5085,E_norm|C_norm|VTOI|VTOI_vel|VTOI_acc,1.0,0.0,0.978252,0.0058997050147492,0.2091127038002014,0.2284171134233474,0.5279718544413545,0.7068008780479431,0.7720499038696289,19.56326243820202,0.7699899771813974,183,155,0.0985221674876847,0.0987208411097526,0.9235128159267372,-0.9235128159267372,0.9235128159267372,0.0355029585798816,0.0707964601769911,0.0330578512396694,0.0295566502463054
xjtu_sy,transformer_vib,37.5Hz11kN_Bearing2_5,43,13,5085,,1.0,0.0,0.978252,0.0058997050147492,0.2413811236619949,0.2584973871707916,0.3954629742677076,0.8158682584762573,0.873721182346344,23.41436626358818,0.9759685395279992,191,147,0.0147783251231527,0.2992701530456543,0.903089949990395,-0.903089949990395,0.903089949990395,0.0532544378698224,0.0530973451327433,0.0483969263381028,0.2512315270935961
xjtu_sy,tcn_vib,37.5Hz11kN_Bearing2_5,43,13,5085,,1.0,0.0,0.978252,0.0058997050147492,0.2874967753887176,0.3560946583747864,-0.1472063317321543,0.9717391133308412,1.20360004901886,31.59176460583581,1.4660296489245597,189,149,0.0394088669950738,0.684374988079071,0.7608715049215972,-0.7608715049215972,0.7608715049215972,0.014792899408284,0.2035398230088495,0.1146340932822833,0.168103448275862
xjtu_sy,tcn_transformer_vib,37.5Hz11kN_Bearing2_5,43,13,5085,,1.0,0.0,0.978252,0.0058997050147492,0.2243297696113586,0.2461225837469101,0.451958409563423,0.7582346200942993,0.8318943381309509,21.377323219622557,0.8650683551301471,166,172,0.1822660098522167,0.3169476091861725,0.7705193895383917,0.7705193895383917,-0.7705193895383917,0.0236686390532544,0.2064896755162241,0.172896888185654,0.2733990147783251
xjtu_sy,cnn_bilstm_attn_vib,37.5Hz11kN_Bearing2_5,43,13,5085,,1.0,0.0,0.978252,0.0058997050147492,0.2991527318954468,0.3301182091236114,0.01406215607798,1.0111364126205444,1.1157995462417605,27.844002761071643,1.0338325959281407,164,174,0.1921182266009852,0.3641515672206878,0.9416478824524436,-0.9416478824524436,0.9416478824524436,0.0414201183431952,0.2625368731563421,0.2182943663186955,0.2967980295566502
xjtu_sy,abl_no_idxhead,37.5Hz11kN_Bearing2_5,43,13,5085,,1.0,0.0,0.978252,0.0058997050147492,0.1909160315990448,0.2154286950826645,0.5801272499189093,0.6452960968017578,0.7281489968299866,17.749329499291406,0.6914652612247122,185,153,0.0886699507389162,0.0944741442799568,0.9387933802429824,-0.9387933802429824,0.9387933802429824,0.0355029585798816,0.0737463126843657,0.0702944942381562,0.2598522167487684
xjtu_sy,abl_cond_noaux,37.5Hz11kN_Bearing2_5,43,13,5085,E_norm|C_norm|VTOI,1.0,0.0,0.978252,0.0058997050147492,0.3201432228088379,0.3585254848003387,-0.1629221273008023,1.0820841789245603,1.2118161916732788,29.922077835674685,1.1034974043414127,157,181,0.2266009852216748,0.3304853141307831,0.2640693620054647,-0.2640693620054647,0.2640693620054647,0.0118343195266272,0.5132743362831859,0.2841559247259943,0.4014778325123153
xjtu_sy,abl_E_only,37.5Hz11kN_Bearing2_5,43,13,5085,E_norm,1.0,0.0,0.978252,0.0058997050147492,0.2099802494049072,0.224343940615654,0.5446563355044013,0.709733247756958,0.7582825422286987,19.86700128664053,0.8026059697049733,187,151,0.0788177339901477,0.0943741649389267,0.9426431397564208,-0.9426431397564208,0.9426431397564208,0.0650887573964497,0.0501474926253687,0.0488505747126436,0.25
xjtu_sy,abl_no_smooth,37.5Hz11kN_Bearing2_5,43,13,5085,E_norm|C_norm|VTOI,1.0,0.0,0.978252,0.0058997050147492,0.2010707110166549,0.2150272578001022,0.5816906065596035,0.6796190142631531,0.7267920970916748,18.94854120240624,0.7625562606549721,187,151,0.0788177339901477,0.0754890963435173,0.9432050938151122,-0.9432050938151122,0.9432050938151122,0.0473372781065088,0.0501474926253687,0.0467032967032967,0.25
xjtu_sy,abl_no_mono,37.5Hz11kN_Bearing2_5,43,13,5085,E_norm|C_norm|VTOI,1.0,0.0,0.978252,0.0058997050147492,0.1953790783882141,0.2112277448177337,0.5963430031846471,0.6603813767433167,0.7139497995376587,18.267952457766437,0.7244823465898501,190,148,0.064039408866995,0.0788076221942901,0.9450564052025724,-0.9450564052025724,0.9450564052025724,0.059171597633136,0.0501474926253687,0.047752808988764,0.25
xjtu_sy,vtoi_static,40Hz10kN_Bearing3_1,43,13,38070,E_norm|C_norm|VTOI,1.0,0.0,0.998394,0.0283687943262411,0.2701355516910553,0.3041372895240783,0.1596376165681957,6.853338718414307,7.715963363647461,2508.786238778356,10.431977374276617,2451,86,0.0,0.0751870945096015,0.2575564071310084,-0.2575564071310084,0.2575564071310084,0.0003941663381947,0.1501182033096926,0.0675771550195104,0.25
xjtu_sy,vtoi_traj,40Hz10kN_Bearing3_1,43,13,38070,E_norm|C_norm|VTOI|VTOI_vel|VTOI_acc,1.0,0.0,0.998394,0.0283687943262411,0.26677206158638,0.3022828102111816,0.1698544455003667,6.768007755279541,7.668915748596191,2514.4968306659885,10.474602107873071,2438,99,0.0,0.0533621162176132,0.0897131665188464,-0.0897131665188464,0.0897131665188464,0.0019708316909735,0.2285263987391647,0.2692259664728019,0.3937007874015747
xjtu_sy,transformer_vib,40Hz10kN_Bearing3_1,43,13,38070,,1.0,0.0,0.998394,0.0283687943262411,0.2647803425788879,0.3019737303256988,0.17155127412822,6.717477321624756,7.661073684692383,2506.4142306825256,10.374861666909217,2439,98,0.0,0.3857795894145965,0.2265264090142064,-0.2265264090142064,0.2265264090142064,0.0035474970437524,0.1536643026004728,0.1011725812555186,0.2677165354330709
xjtu_sy,tcn_vib,40Hz10kN_Bearing3_1,43,13,38070,,1.0,0.0,0.998394,0.0283687943262411,0.2631668448448181,0.3219847679138183,0.058114893177976,6.676543712615967,8.168753623962402,2909.850760141285,11.345522260742513,2464,73,0.0,0.5118542909622192,0.1797982622617527,-0.1797982622617527,0.1797982622617527,0.0350808040993299,0.6142631993695824,0.2996219944366116,0.3208661417322834
xjtu_sy,tcn_transformer_vib,40Hz10kN_Bearing3_1,43,13,38070,,1.0,0.0,0.998394,0.0283687943262411,0.278145432472229,0.3157336711883545,0.0943318529607207,7.056550025939941,8.010163307189941,2696.425832225538,11.00231489188194,-1,0,0.0,0.4975940585136413,0.1894688266043175,-0.1894688266043175,0.1894688266043175,0.0023649980291683,0.1501182033096926,0.0682062298603652,0.25
xjtu_sy,cnn_bilstm_attn_vib,40Hz10kN_Bearing3_1,43,13,38070,,1.0,0.0,0.998394,0.0283687943262411,0.2909943461418152,0.3215917646884918,0.0604126255412431,7.382526397705078,8.158783912658691,2617.983335475911,10.63825451438972,2491,46,0.0,0.4044705629348755,0.2249954233588075,-0.2249954233588075,0.2249954233588075,0.0193141505715411,0.2237982663514578,0.247187125663111,0.3700787401574803
xjtu_sy,abl_no_idxhead,40Hz10kN_Bearing3_1,43,13,38070,,1.0,0.0,0.998394,0.0283687943262411,0.2697418630123138,0.3057856261730194,0.1505038295514723,6.843351364135742,7.757781505584717,2547.786923299937,10.5235328704744,2464,73,0.0,0.0567893758416175,0.0915735775193714,-0.0915735775193714,0.0915735775193714,0.0327158060701616,0.1875492513790386,0.2817575582700138,0.437007874015748
xjtu_sy,abl_cond_noaux,40Hz10kN_Bearing3_1,43,13,38070,E_norm|C_norm|VTOI,1.0,0.0,0.998394,0.0283687943262411,0.2653645873069763,0.2992634773254394,0.1863553747161185,6.732300281524658,7.592315196990967,2453.612151555809,10.27662891439706,2417,120,0.0,0.4523690342903137,0.2824605318205577,-0.2824605318205577,0.2824605318205577,0.0007883326763894,0.1997635933806146,0.0846976277981957,0.25
xjtu_sy,abl_E_only,40Hz10kN_Bearing3_1,43,13,38070,E_norm,1.0,0.0,0.998394,0.0283687943262411,0.2655594050884247,0.3005590736865997,0.1792951458124519,6.737242221832275,7.625184059143066,2458.954483674711,10.24045578022381,2439,98,0.0,0.0663530975580215,0.3419991341541612,-0.3419991341541612,0.3419991341541612,0.0177374852187623,0.6166272655634357,0.3172895058534134,0.3326771653543307
xjtu_sy,abl_no_smooth,40Hz10kN_Bearing3_1,43,13,38070,E_norm|C_norm|VTOI,1.0,0.0,0.998394,0.0283687943262411,0.2657153308391571,0.3027667105197906,0.1671947193955892,6.7411980628967285,7.6811909675598145,2521.460971087219,10.45089162254546,2444,93,0.0,0.141560673713684,0.2392873899540923,-0.2392873899540923,0.2392873899540923,0.0177374852187623,0.1501182033096926,0.0677212939921791,0.25
xjtu_sy,abl_no_mono,40Hz10kN_Bearing3_1,43,13,38070,E_norm|C_norm|VTOI,1.0,0.0,0.998394,0.0283687943262411,0.2554039061069488,0.3011264503002167,0.1761936525736303,6.479596614837647,7.639578819274902,2540.1546411247264,10.34054291026536,2427,110,0.0,0.096644215285778,0.1884520654613137,-0.1884520654613137,0.1884520654613137,0.0201024832479306,0.2214342001576044,0.2372940728092037,0.3582677165354331
xjtu_sy,vtoi_static,40Hz10kN_Bearing3_2,43,13,37440,E_norm|C_norm|VTOI,1.0,0.0,0.952708,0.0112179487179487,0.2528930008411407,0.2876783311367035,0.248140229290764,6.309681415557861,7.177574634552002,2234.284122094148,9.761139983476964,2457,38,0.0,0.0931112542748451,0.6037211723019228,-0.6037211723019228,0.6037211723019228,0.0180360721442885,0.6045673076923077,0.2323187298352861,0.274
xjtu_sy,vtoi_traj,40Hz10kN_Bearing3_2,43,13,37440,E_norm|C_norm|VTOI|VTOI_vel|VTOI_acc,1.0,0.0,0.952708,0.0112179487179487,0.2477922737598419,0.2772752344608307,0.3015349223966812,6.1824164390563965,6.918017387390137,2061.077858227771,9.219476504034947,2365,130,0.0,0.1233458742499351,0.4723124332775024,-0.4723124332775024,0.4723124332775024,0.020440881763527,0.2087339743589743,0.1138700482591885,0.2646666666666666
xjtu_sy,transformer_vib,40Hz10kN_Bearing3_2,43,13,37440,,1.0,0.0,0.952708,0.0112179487179487,0.316077709197998,0.3787665069103241,-0.3033639597790067,7.886139869689941,9.450224876403809,2524.6000402053387,8.520198093319777,175,2320,0.0140280561122244,0.3738161623477936,0.4806998402537171,-0.4806998402537171,0.4806998402537171,0.002004008016032,0.250801282051282,0.1152057012066415,0.1160454241816967
xjtu_sy,tcn_vib,40Hz10kN_Bearing3_2,43,13,37440,,1.0,0.0,0.952708,0.0112179487179487,0.2776075601577759,0.3093597292900085,0.1305388735196634,6.926308631896973,7.7185258865356445,2422.6205419564685,10.286160284054812,2474,21,0.0,0.4436682462692261,0.2144905305514302,0.2144905305514302,-0.2144905305514302,0.0228456913827655,0.1999198717948718,0.0841483979763912,0.25
xjtu_sy,tcn_transformer_vib,40Hz10kN_Bearing3_2,43,13,37440,,1.0,0.0,0.952708,0.0112179487179487,0.2580825090408325,0.3004142940044403,0.1800946670821637,6.439158916473389,7.495337009429932,2419.708606635372,10.19238159416142,2113,382,0.0,0.425489217042923,0.3820092711566892,-0.3820092711566892,0.3820092711566892,0.0092184368737474,0.6197916666666666,0.3066019760056457,0.35
xjtu_sy,cnn_bilstm_attn_vib,40Hz10kN_Bearing3_2,43,13,37440,,1.0,0.0,0.952708,0.0112179487179487,0.2871246337890625,0.3534802496433258,-0.1351488980635986,7.163760662078857,8.819332122802734,3280.2100583730144,12.070272892449374,2459,36,0.0,0.4849762916564941,0.5287922986838371,0.5287922986838371,-0.5287922986838371,0.0012024048096192,0.0364583333333333,0.0176083591331269,0.182
xjtu_sy,abl_no_idxhead,40Hz10kN_Bearing3_2,43,13,37440,,1.0,0.0,0.952708,0.0112179487179487,0.2499642074108123,0.2825698554515838,0.2746055354684823,6.236607074737549,7.05011796951294,2149.113243098841,9.4911841949051,2339,156,0.0,0.0972378328442573,0.5038916429197313,-0.5038916429197313,0.5038916429197313,0.0004008016032064,0.1442307692307692,0.1793078055964654,0.3266666666666666
xjtu_sy,abl_cond_noaux,40Hz10kN_Bearing3_2,43,13,37440,E_norm|C_norm|VTOI,1.0,0.0,0.952708,0.0112179487179487,0.254218578338623,0.2865409553050995,0.2540736698415494,6.342753410339356,7.149197578430176,2206.793874694895,9.71201115247095,2457,38,0.0,0.3888022601604461,0.4679914584024182,-0.4679914584024182,0.4679914584024182,0.0012024048096192,0.6233974358974359,0.3249449567390801,0.3653333333333333
xjtu_sy,abl_E_only,40Hz10kN_Bearing3_2,43,13,37440,E_norm,1.0,0.0,0.952708,0.0112179487179487,0.2528809309005737,0.2834757268428802,0.2699471370349435,6.3093791007995605,7.072719573974609,2159.066248961716,9.578247093737351,2457,38,0.0,0.0999582409858703,0.473646388534003,-0.473646388534003,0.473646388534003,0.0028056112224448,0.1438301282051282,0.0639017443930224,0.2393333333333333
xjtu_sy,abl_no_smooth,40Hz10kN_Bearing3_2,43,13,37440,E_norm|C_norm|VTOI,1.0,0.0,0.952708,0.0112179487179487,0.2675103843212127,0.3092229664325714,0.131307580745514,6.674385070800781,7.715113639831543,2535.700217851147,10.60581468305855,2458,37,0.0,0.0964978337287902,0.6668753763495838,-0.6668753763495838,0.6668753763495838,0.0108216432865731,0.6009615384615384,0.2007816446703713,0.256
xjtu_sy,abl_no_mono,40Hz10kN_Bearing3_2,43,13,37440,E_norm|C_norm|VTOI,1.0,0.0,0.952708,0.0112179487179487,0.2566138505935669,0.288624107837677,0.2431884009763127,6.4025163650512695,7.201171875,2230.6679188301164,9.808533945071618,2457,38,0.0,0.0883538350462913,0.5566874636282322,-0.5566874636282322,0.5566874636282322,0.0132264529058116,0.1486378205128205,0.0655245496291063,0.2473333333333333
xjtu_sy,vtoi_static,40Hz10kN_Bearing3_3,43,13,5565,E_norm|C_norm|VTOI,1.0,0.0,0.971995,0.0053908355795148,0.2357010394334793,0.2828862369060516,0.275709546304969,0.872093915939331,1.046678900718689,31.538494594779337,1.41833397331384,343,27,0.0,0.103780947625637,9.294725491872842e-05,-9.294725491872842e-05,9.294725491872842e-05,0.0162162162162162,0.1266846361185983,0.0588972431077694,0.2098214285714285
xjtu_sy,vtoi_traj,40Hz10kN_Bearing3_3,43,13,5565,E_norm|C_norm|VTOI|VTOI_vel|VTOI_acc,1.0,0.0,0.971995,0.0053908355795148,0.2379522174596786,0.287279337644577,0.2530390138088965,0.8804233074188232,1.0629335641860962,31.741972982154827,1.4172658097209796,343,27,0.0,0.10325638204813,0.3720502002707394,0.3720502002707394,-0.3720502002707394,0.0432432432432432,0.1805929919137466,0.2665217391304347,0.4642857142857143
xjtu_sy,transformer_vib,40Hz10kN_Bearing3_3,43,13,5565,,1.0,0.0,0.971995,0.0053908355795148,0.2476534843444824,0.2903818190097809,0.2368181650446801,0.9163179993629456,1.0744127035140991,32.83640443944,1.460149243303306,344,26,0.0,0.3444834649562835,0.1323260300856426,0.1323260300856426,-0.1323260300856426,0.0216216216216216,0.0107816711590296,0.0289855072463768,0.0178571428571428
xjtu_sy,tcn_vib,40Hz10kN_Bearing3_3,43,13,5565,,1.0,0.0,0.971995,0.0053908355795148,0.2466973960399627,0.2804615795612335,0.2880721791228257,0.9127802848815918,1.0377079248428345,31.162494216767424,1.3123006051069883,344,26,0.0,0.8569695353507996,0.0821323495613945,0.0821323495613945,-0.0821323495613945,0.0594594594594594,0.5309973045822103,0.2184447134088354,0.2488738738738738
xjtu_sy,tcn_transformer_vib,40Hz10kN_Bearing3_3,43,13,5565,,1.0,0.0,0.971995,0.0053908355795148,0.2983948886394501,0.3331140577793121,-0.0043268797073219,1.1040610074996948,1.2325220108032229,38.33766812458717,1.6161162044622024,-1,0,0.0,0.2637207210063934,0.1533370237351377,-0.1533370237351377,0.1533370237351377,0.0216216216216216,0.1994609164420485,0.0831460674157303,0.25
xjtu_sy,cnn_bilstm_attn_vib,40Hz10kN_Bearing3_3,43,13,5565,,1.0,0.0,0.971995,0.0053908355795148,0.2649455666542053,0.2905745208263397,0.2358048834012719,0.9802984595298768,1.075125813484192,33.628366732519105,1.4290571689424971,344,26,0.0,0.4858474135398865,0.2574311955538375,-0.2574311955538375,0.2574311955538375,0.027027027027027,0.1266846361185983,0.0588972431077694,0.2098214285714285
xjtu_sy,abl_no_idxhead,40Hz10kN_Bearing3_3,43,13,5565,,1.0,0.0,0.971995,0.0053908355795148,0.2320974916219711,0.2829628586769104,0.2753169893470508,0.8587607145309448,1.0469626188278198,31.005033039485298,1.3872952048247555,343,27,0.0,0.1020235866308212,0.2687305298417177,0.2687305298417177,-0.2687305298417177,0.0162162162162162,0.1778975741239892,0.2610249026822375,0.4598214285714286
xjtu_sy,abl_cond_noaux,40Hz10kN_Bearing3_3,43,13,5565,E_norm|C_norm|VTOI,1.0,0.0,0.971995,0.0053908355795148,0.2573315501213074,0.2973482310771942,0.1997606769182837,0.9521267414093018,1.1001884937286377,33.567445013808005,1.4614517429587497,343,27,0.0,0.5018849968910217,0.2642793146804016,0.2642793146804016,-0.2642793146804016,0.0432432432432432,0.0242587601078167,0.0523255813953488,0.0401785714285714
xjtu_sy,abl_E_only,40Hz10kN_Bearing3_3,43,13,5565,E_norm,1.0,0.0,0.971995,0.0053908355795148,0.2382273077964782,0.2841835916042328,0.269050883481518,0.8814411163330078,1.0514793395996094,31.736906406039125,1.4197795004998095,343,27,0.0,0.1168514266610145,0.1987441827796082,0.1987441827796082,-0.1987441827796082,0.0,0.2506738544474393,0.2908566763610388,0.5
xjtu_sy,abl_no_smooth,40Hz10kN_Bearing3_3,43,13,5565,E_norm|C_norm|VTOI,1.0,0.0,0.971995,0.0053908355795148,0.2426400780677795,0.2779627740383148,0.300701747679422,0.8977682590484619,1.028462290763855,31.59108009096528,1.3856424826957947,343,27,0.0,0.1020491048693656,0.1068754796353386,0.1068754796353386,-0.1068754796353386,0.0864864864864864,0.6495956873315364,0.4026348133353817,0.5
xjtu_sy,abl_no_mono,40Hz10kN_Bearing3_3,43,13,5565,E_norm|C_norm|VTOI,1.0,0.0,0.971995,0.0053908355795148,0.2442230880260467,0.2870480418205261,0.2542413454840755,0.90362548828125,1.0620776414871216,32.24671896886497,1.4280292924664253,343,27,0.0,0.1165812909603118,0.3938519034999883,0.3938519034999883,-0.3938519034999883,0.0972972972972973,0.0,0.0,0.0
xjtu_sy,vtoi_static,40Hz10kN_Bearing3_4,43,13,22725,E_norm|C_norm|VTOI,1.0,0.0,0.959018,0.0389438943894389,0.2627831101417541,0.3215750157833099,0.0609193738997326,3.978536605834961,4.868645668029785,789.9729056678691,6.812927893598383,1483,31,0.0,0.1086390838027,0.0032691001296307,0.0032691001296307,-0.0032691001296307,0.0171730515191545,0.2046204620462046,0.1288391552479942,0.2730263157894737
xjtu_sy,vtoi_traj,40Hz10kN_Bearing3_4,43,13,22725,E_norm|C_norm|VTOI|VTOI_vel|VTOI_acc,1.0,0.0,0.959018,0.0389438943894389,0.2558864653110504,0.3066101968288421,0.1462878939251809,3.874121189117432,4.642078399658203,739.700239479319,6.434497842455756,1444,70,0.0,0.1066592708230018,0.1469512375364965,-0.1469512375364965,0.1469512375364965,0.0013210039630118,0.636963696369637,0.4053610080395795,0.4342105263157895
xjtu_sy,transformer_vib,40Hz10kN_Bearing3_4,43,13,22725,,1.0,0.0,0.959018,0.0389438943894389,0.2806302905082702,0.3228067755699157,0.0537114062046351,4.248743057250977,4.887294769287109,789.3978252864217,6.722204615414241,-1,0,0.0,0.4518420398235321,0.27213819608392,0.27213819608392,-0.27213819608392,0.0072655217965653,0.0501650165016501,0.0238843494657448,0.25
xjtu_sy,tcn_vib,40Hz10kN_Bearing3_4,43,13,22725,,1.0,0.0,0.959018,0.0389438943894389,0.2832443118095398,0.3332661390304565,-0.0086038700959449,4.288319110870361,5.04564905166626,823.1343731197953,6.888428328373153,-1,0,0.0,0.207892045378685,0.3240361497601193,-0.3240361497601193,0.3240361497601193,0.0092470277410832,0.2,0.0837016574585635,0.25
xjtu_sy,tcn_transformer_vib,40Hz10kN_Bearing3_4,43,13,22725,,1.0,0.0,0.959018,0.0389438943894389,0.2962859272956848,0.3312060534954071,0.0038269010750959,4.485768795013428,5.01446008682251,796.0898543671108,6.606461539832574,-1,0,0.0,0.7444377541542053,0.1740520169646842,0.1740520169646842,-0.1740520169646842,0.0178335535006605,0.1498349834983498,0.0651549942594718,0.25
xjtu_sy,cnn_bilstm_attn_vib,40Hz10kN_Bearing3_4,43,13,22725,,1.0,0.0,0.959018,0.0389438943894389,0.2744702994823456,0.3047475516796112,0.1566288354400701,4.15548038482666,4.61387825012207,717.9354786624858,6.139402682629257,1455,59,0.0,0.4178081154823303,0.4990762224489348,-0.4990762224489348,0.4990762224489348,0.0105680317040951,0.0158415841584158,0.0077972709551656,0.0789473684210526
xjtu_sy,abl_no_idxhead,40Hz10kN_Bearing3_4,43,13,22725,,1.0,0.0,0.959018,0.0389438943894389,0.2640692889690399,0.3427658975124359,-0.0669240898892102,3.998009204864502,5.189476013183594,853.4820797215276,7.222533319568378,1479,35,0.0,0.1396620124578476,0.1496428381951681,-0.1496428381951681,0.1496428381951681,0.0006605019815059,0.0257425742574257,0.0125482625482625,0.1282894736842105
xjtu_sy,abl_cond_noaux,40Hz10kN_Bearing3_4,43,13,22725,E_norm|C_norm|VTOI,1.0,0.0,0.959018,0.0389438943894389,0.2634468674659729,0.3400987982749939,-0.0503848548172418,3.988586187362671,5.149096012115479,845.2025317277099,7.177158391984678,1492,22,0.0,0.4783073663711548,0.091844389045581,0.091844389045581,-0.091844389045581,0.011228533685601,0.0501650165016501,0.0238843494657448,0.25
xjtu_sy,abl_E_only,40Hz10kN_Bearing3_4,43,13,22725,E_norm,1.0,0.0,0.959018,0.0389438943894389,0.2657551765441894,0.3320990204811096,-0.0015520183284285,4.023533344268799,5.027979850769043,823.4905888306562,7.064201345299632,-1,0,0.0,0.0981041193008422,0.248857401220312,-0.248857401220312,0.248857401220312,0.0250990752972258,0.0132013201320132,0.006514657980456,0.0657894736842105
xjtu_sy,abl_no_smooth,40Hz10kN_Bearing3_4,43,13,22725,E_norm|C_norm|VTOI,1.0,0.0,0.959018,0.0389438943894389,0.2595504224300384,0.3365070521831512,-0.0283160907833224,3.929593086242676,5.094717025756836,831.2801401544264,7.063948809193208,1445,69,0.0,0.1318590193986892,0.1013675543430872,-0.1013675543430872,0.1013675543430872,0.0013210039630118,0.6,0.1931576710582235,0.25
xjtu_sy,abl_no_mono,40Hz10kN_Bearing3_4,43,13,22725,E_norm|C_norm|VTOI,1.0,0.0,0.959018,0.0389438943894389,0.2703628838062286,0.3219365775585174,0.0588065125077413,4.093294143676758,4.874119758605957,792.360018478153,6.818784660629609,-1,0,0.0,0.1259876489639282,0.3375298720870096,-0.3375298720870096,0.3375298720870096,0.023778071334214,0.1498349834983498,0.0679233991621783,0.25
xjtu_sy,vtoi_static,40Hz10kN_Bearing3_5,43,13,1710,E_norm|C_norm|VTOI,1.0,0.0,0.920027,0.0263157894736842,0.4261710047721863,0.5097140669822693,-1.3282159045891038,0.4815733134746551,0.5759769082069397,4.377499726102824,0.4967062987648604,10,103,0.8529411764705882,0.510154664516449,0.6322932518952036,-0.6322932518952036,0.6322932518952036,0.079646017699115,0.2368421052631578,0.1343504979868616,0.2867647058823529
xjtu_sy,vtoi_traj,40Hz10kN_Bearing3_5,43,13,1710,E_norm|C_norm|VTOI|VTOI_vel|VTOI_acc,1.0,0.0,0.920027,0.0263157894736842,0.4491164088249206,0.5315707921981812,-1.5321660952925544,0.5075016617774963,0.6006749868392944,4.62159010216341,0.5251110268658713,10,103,0.8529411764705882,0.5116869807243347,0.0873879781152552,0.0873879781152552,-0.0873879781152552,0.0619469026548672,0.1929824561403508,0.1062804736475505,0.2683823529411764
xjtu_sy,transformer_vib,40Hz10kN_Bearing3_5,43,13,1710,,1.0,0.0,0.920027,0.0263157894736842,0.4511426985263824,0.5317239165306091,-1.5336254512560237,0.5097912549972534,0.6008480191230774,4.6507777219185416,0.5307289618802699,10,103,0.8529411764705882,0.3202330470085144,0.0407274236325412,-0.0407274236325412,0.0407274236325412,0.0442477876106194,0.0526315789473684,0.027027027027027,0.25
xjtu_sy,tcn_vib,40Hz10kN_Bearing3_5,43,13,1710,,1.0,0.0,0.920027,0.0263157894736842,0.4990438222885132,0.5675947666168213,-1.8870001918656336,0.5639194846153259,0.6413821578025818,5.086874604694287,0.5639402197567713,12,101,0.7205882352941176,0.7043596506118774,0.8507380567983834,-0.8507380567983834,0.8507380567983834,0.2743362831858407,0.2368421052631578,0.1399954212454212,0.2867647058823529
xjtu_sy,tcn_transformer_vib,40Hz10kN_Bearing3_5,43,13,1710,,1.0,0.0,0.920027,0.0263157894736842,0.4606567621231079,0.5399983525276184,-1.6130931991866988,0.5205421447753906,0.6101981401443481,4.747774561253584,0.5410574675259883,6,107,0.9117647058823528,0.2577548623085022,0.0680047413123606,0.0680047413123606,-0.0680047413123606,0.0088495575221238,0.543859649122807,0.1761363636363636,0.2279411764705882
xjtu_sy,cnn_bilstm_attn_vib,40Hz10kN_Bearing3_5,43,13,1710,,1.0,0.0,0.920027,0.0263157894736842,0.2922406494617462,0.3433892130851745,-0.0566795820477035,0.3302319049835205,0.3880298137664795,3.500491267867172,0.52991446885362,-1,0,0.0,0.3194077908992767,0.7944152143633402,-0.7944152143633402,0.7944152143633402,0.1858407079646017,0.5964912280701754,0.1868131868131868,0.25
xjtu_sy,abl_no_idxhead,40Hz10kN_Bearing3_5,43,13,1710,,1.0,0.0,0.920027,0.0263157894736842,0.4865573048591614,0.5705075263977051,-1.9167065084841,0.5498097538948059,0.6446734666824341,5.007037654181778,0.5656926134568557,8,105,0.8823529411764706,0.5904288291931152,0.0494218067639737,-0.0494218067639737,0.0494218067639737,0.079646017699115,0.1228070175438596,0.1010477869173521,0.263000852514919
xjtu_sy,abl_cond_noaux,40Hz10kN_Bearing3_5,43,13,1710,E_norm|C_norm|VTOI,1.0,0.0,0.920027,0.0263157894736842,0.5401957035064697,0.6255828142166138,-2.507030988829604,0.6104211807250977,0.7069085836410522,5.535116491320472,0.6140925309767848,9,104,0.8676470588235294,0.2926531136035919,0.5643848820585167,0.5643848820585167,-0.5643848820585167,0.0973451327433628,0.5263157894736842,0.1724137931034483,0.2205882352941176
xjtu_sy,abl_E_only,40Hz10kN_Bearing3_5,43,13,1710,E_norm,1.0,0.0,0.920027,0.0263157894736842,0.4526326954364776,0.5392096638679504,-1.6054657987412582,0.5114749073982239,0.6093069314956665,4.648069735100714,0.5246037991815492,10,103,0.8529411764705882,0.4490226805210113,0.2208540917950225,-0.2208540917950225,0.2208540917950225,0.0619469026548672,0.1491228070175438,0.0702479338842975,0.25
xjtu_sy,abl_no_smooth,40Hz10kN_Bearing3_5,43,13,1710,E_norm|C_norm|VTOI,1.0,0.0,0.920027,0.0263157894736842,0.512491762638092,0.5979739427566528,-2.204309448073456,0.5791157484054565,0.6757104992866516,5.250760311350925,0.5847209891337052,10,103,0.8529411764705882,0.6161696910858154,0.3935811066514268,-0.3935811066514268,0.3935811066514268,0.0442477876106194,0.0526315789473684,0.0272727272727272,0.25
xjtu_sy,abl_no_mono,40Hz10kN_Bearing3_5,43,13,1710,E_norm|C_norm|VTOI,1.0,0.0,0.920027,0.0263157894736842,0.4436708986759186,0.5217875242233276,-1.439817508689091,0.5013481378555298,0.5896198749542236,4.565448419383111,0.5198472604286253,10,103,0.8529411764705882,0.5118975639343262,0.1280693110420395,-0.1280693110420395,0.1280693110420395,0.0973451327433628,0.5087719298245614,0.1686046511627907,0.213235294117647
xjtu_sy,ctl_scalar,35Hz12kN_Bearing1_1,43,13,1845,VTOI,1.0,0.0,0.921294,0.0,0.12996546924114227,0.14757463335990906,0.8046334598330233,0.15855789184570312,0.18004104495048523,1.7145533527934131,0.22827839145694323,92,30,0.0,0.0657382681965828,0.8681052522433126,-0.8681052522433126,0.8681052522433126,0.04918032786885246,0.6585365853658537,0.3107287449392713,0.5
xjtu_sy,ctl_EC,35Hz12kN_Bearing1_1,43,13,1845,E_norm|C_norm,1.0,0.0,0.921294,0.0,0.14494840800762177,0.16609516739845276,0.7525195983208692,0.17683707177639008,0.20263610780239105,1.983756475418565,0.2783788338121844,93,29,0.0,0.11505743116140366,0.8740619946313138,-0.8740619946313138,0.8740619946313138,0.14754098360655737,0.7479674796747967,0.3897218600608431,0.5
xjtu_sy,ctl_hc10,35Hz12kN_Bearing1_1,43,13,1845,hc_RMS_x|hc_RMS_y|hc_Kurt_x|hc_Kurt_y|hc_CF_x|hc_CF_y|hc_SE_x|hc_SE_y|hc_ESE_x|hc_ESE_y,1.0,0.0,0.921294,0.0,0.13809247314929962,0.15758684277534485,0.7772248904722435,0.16847287118434906,0.19225594401359558,1.8601806404529857,0.25544632180798343,114,8,0.0,0.08240777999162674,0.8610424480696199,-0.8610424480696199,0.8610424480696199,0.19672131147540983,0.08943089430894309,0.0869155354449472,0.2916666666666667
xjtu_sy,ctl_random,35Hz12kN_Bearing1_1,43,13,1845,VTOI_rand,1.0,0.0,0.921294,0.0,0.11819677799940109,0.13120578229427338,0.8455696291249886,0.14420008659362793,0.16007104516029358,1.5468608464116098,0.20396851448387635,83,39,0.0,0.08628354966640472,0.8874879855841354,-0.8874879855841354,0.8874879855841354,0.14754098360655737,0.7317073170731707,0.36649797570850207,0.41666666666666663
xjtu_sy,ctl_shuffled,35Hz12kN_Bearing1_1,43,13,1845,VTOI_shuf,1.0,0.0,0.921294,0.0,0.1411576271057129,0.1752425879240036,0.7245098286888643,0.17221230268478394,0.2137959748506546,1.979823784761286,0.28629911039781764,-1,0,0.0,0.08225390315055847,0.8153407746475833,-0.8153407746475833,0.8153407746475833,0.06557377049180328,0.056910569105691054,0.04266826923076923,0.22470238095238093
xjtu_sy,ctl_elapsed,35Hz12kN_Bearing1_1,43,13,1845,elapsed_norm,1.0,0.0,0.921294,0.0,0.20871427655220032,0.2536209523677826,0.4229716934297355,0.2546314001083374,0.30941757559776306,2.986429144621389,0.43790094200067403,-1,0,0.0,0.21276460587978363,0.8528336039734032,-0.8528336039734032,0.8528336039734032,0.08196721311475409,0.14634146341463414,0.15517241379310345,0.25
xjtu_sy,ctl_lifefrac,35Hz12kN_Bearing1_1,43,13,1845,Deg_oracle,1.0,0.0,0.921294,0.0,0.1584012508392334,0.1775083690881729,0.717339918124729,0.19324950873851776,0.2165602147579193,2.140320870039793,0.2944758078613417,120,2,0.0,0.13606692850589752,0.8016295661491122,-0.8016295661491122,0.8016295661491122,0.09836065573770492,0.6016260162601627,0.18781725888324874,0.25
xjtu_sy,ctl_nodeg,35Hz12kN_Bearing1_1,43,13,1845,VTOI_mono,1.0,0.0,0.921294,0.0,0.13737095892429352,0.1585514396429062,0.7744892807957701,0.16759255528450012,0.1934327632188797,1.7655405620343714,0.22495355472210946,78,44,0.0,0.08438216894865036,0.7626962314623505,-0.7626962314623505,0.7626962314623505,0.04918032786885246,0.6178861788617886,0.2282051282051282,0.2708333333333333
xjtu_sy,ctl_scalar,35Hz12kN_Bearing1_2,43,13,2415,VTOI,1.0,0.0,0.9056,0.06832298136645963,0.27819183468818665,0.3323339521884918,0.006131530342102454,0.4451069235801697,0.5317344069480896,5.876354170352146,0.5040135604346762,56,104,0.40625,0.09822115302085876,0.6295656761633558,-0.6295656761633558,0.6295656761633558,0.025,0.14906832298136646,0.06486486486486487,0.25
xjtu_sy,ctl_EC,35Hz12kN_Bearing1_2,43,13,2415,E_norm|C_norm,1.0,0.0,0.9056,0.06832298136645963,0.3201591670513153,0.3936786651611328,-0.3946433589951366,0.5122547149658203,0.6298859119415283,6.629180168001053,0.5363299003946855,54,106,0.4375,0.07931531220674515,0.6588047657530004,-0.6588047657530004,0.6588047657530004,0.0625,0.2732919254658385,0.1073170731707317,0.11458333333333333
xjtu_sy,ctl_hc10,35Hz12kN_Bearing1_2,43,13,2415,hc_RMS_x|hc_RMS_y|hc_Kurt_x|hc_Kurt_y|hc_CF_x|hc_CF_y|hc_SE_x|hc_SE_y|hc_ESE_x|hc_ESE_y,1.0,0.0,0.9056,0.06832298136645963,0.24866986274719238,0.3076469600200653,0.14830393018694288,0.39787182211875916,0.4922351539134979,5.096183066476376,0.4114768656421892,63,97,0.34375,0.08785314112901688,0.7640184820063358,-0.7640184820063358,0.7640184820063358,0.05,0.19875776397515527,0.09876543209876543,0.25
xjtu_sy,ctl_random,35Hz12kN_Bearing1_2,43,13,2415,VTOI_rand,1.0,0.0,0.9056,0.06832298136645963,0.3210756778717041,0.40422895550727844,-0.4703958197446261,0.5137211680412292,0.6467663645744324,6.625939094503593,0.5294038633474653,55,105,0.4270833333333333,0.08187687397003174,0.8987301198389677,-0.8987301198389677,0.8987301198389677,0.0875,0.2857142857142857,0.1111111111111111,0.11979166666666667
xjtu_sy,ctl_shuffled,35Hz12kN_Bearing1_2,43,13,2415,VTOI_shuf,1.0,0.0,0.9056,0.06832298136645963,0.3253382742404938,0.39106783270835876,-0.3762064993613521,0.520541250705719,0.6257085800170898,6.723100139822483,0.5430553161672184,55,105,0.4270833333333333,0.07255314290523529,0.7942452982691349,-0.7942452982691349,0.7942452982691349,0.05,0.2546583850931677,0.10148514851485149,0.10677083333333333
xjtu_sy,ctl_elapsed,35Hz12kN_Bearing1_2,43,13,2415,elapsed_norm,1.0,0.0,0.9056,0.06832298136645963,0.30898427963256836,0.38249433040618896,-0.3165258673384048,0.4943749010562897,0.6119909882545471,6.378228962036017,0.5136340588608884,56,104,0.4166666666666667,0.06619687378406525,0.7732204055005126,-0.7732204055005126,0.7732204055005126,0.0125,0.515527950310559,0.2861454440931302,0.3828125
xjtu_sy,ctl_lifefrac,35Hz12kN_Bearing1_2,43,13,2415,Deg_oracle,1.0,0.0,0.9056,0.06832298136645963,0.0899641141295433,0.10825756937265396,0.8945379976362282,0.14394259452819824,0.17321212589740753,1.822955406664554,0.15084604673689198,112,48,0.0,0.08306523412466049,0.8898495050216002,-0.8898495050216002,0.8898495050216002,0.025,0.2919254658385093,0.11298076923076923,0.12239583333333333
xjtu_sy,ctl_nodeg,35Hz12kN_Bearing1_2,43,13,2415,VTOI_mono,1.0,0.0,0.9056,0.06832298136645963,0.2946541905403137,0.3696129024028778,-0.22934465511728552,0.4714467227458954,0.5913807153701782,6.0773425686805655,0.4894773110932445,56,104,0.4166666666666667,0.0957011729478836,0.8013259894803024,-0.8013259894803024,0.8013259894803024,0.0625,0.18012422360248448,0.11777573106147823,0.2630208333333333
xjtu_sy,ctl_scalar,35Hz12kN_Bearing1_3,43,13,2370,VTOI,1.0,0.0,0.925663,0.0759493670886076,0.16949117183685303,0.19112864136695862,0.6713305675787298,0.2661011517047882,0.30007198452949524,3.621530487253936,0.35803125173890893,123,34,0.0,0.21038007736206055,0.9421442518960427,-0.9421442518960427,0.9421442518960427,0.12101910828025478,0.0,0.0,0.0
xjtu_sy,ctl_EC,35Hz12kN_Bearing1_3,43,13,2370,E_norm|C_norm,1.0,0.0,0.925663,0.0759493670886076,0.16484558582305908,0.18405011296272278,0.6952245556139693,0.25880756974220276,0.28895869851112366,3.563499512710925,0.3596870714114814,144,13,0.0,0.20667476952075958,0.9214710531337624,-0.9214710531337624,0.9214710531337624,0.10828025477707007,0.6772151898734177,0.30727272727272725,0.3467741935483871
xjtu_sy,ctl_hc10,35Hz12kN_Bearing1_3,43,13,2370,hc_RMS_x|hc_RMS_y|hc_Kurt_x|hc_Kurt_y|hc_CF_x|hc_CF_y|hc_SE_x|hc_SE_y|hc_ESE_x|hc_ESE_y,1.0,0.0,0.925663,0.0759493670886076,0.1946900486946106,0.2094801813364029,0.6051849947435128,0.3056633770465851,0.3288838863372803,4.158107742794405,0.41069260954008074,144,13,0.0,0.1894814521074295,0.9625313708092706,-0.9625313708092706,0.9625313708092706,0.1337579617834395,0.05063291139240506,0.024096385542168676,0.25
xjtu_sy,ctl_random,35Hz12kN_Bearing1_3,43,13,2370,VTOI_rand,1.0,0.0,0.925663,0.0759493670886076,0.17039337754249573,0.18551605939865112,0.6903501799261887,0.26751765608787537,0.2912602424621582,3.701729680724,0.37701381797183164,132,25,0.0,0.21647348999977112,0.9623175968561325,-0.9623175968561325,0.9623175968561325,0.07006369426751592,0.10126582278481013,0.14567715389633198,0.17775537634408603
xjtu_sy,ctl_shuffled,35Hz12kN_Bearing1_3,43,13,2370,VTOI_shuf,1.0,0.0,0.925663,0.0759493670886076,0.20606577396392822,0.22113586962223053,0.5600268477287644,0.32352325320243835,0.34718334674835205,4.542991858889302,0.4702869777956718,-1,0,0.0,0.23794828355312347,0.9564262382064196,-0.9564262382064196,0.9564262382064196,0.03184713375796178,0.0379746835443038,0.07380952380952381,0.055443548387096774
xjtu_sy,ctl_elapsed,35Hz12kN_Bearing1_3,43,13,2370,elapsed_norm,1.0,0.0,0.925663,0.0759493670886076,0.17206315696239471,0.19121763110160828,0.6710244520316148,0.2701391279697418,0.30021169781684875,3.6728111209779373,0.3628943747121699,131,26,0.0,0.1813191920518875,0.9646030919139454,-0.9646030919139454,0.9646030919139454,0.09554140127388536,0.0949367088607595,0.09615384615384616,0.12096774193548387
xjtu_sy,ctl_lifefrac,35Hz12kN_Bearing1_3,43,13,2370,Deg_oracle,1.0,0.0,0.925663,0.0759493670886076,0.03932904452085495,0.04824909195303917,0.9790547261183482,0.06174659729003906,0.07575107365846634,0.7745428551259821,0.06759244196494169,113,44,0.0,0.12210442870855331,0.9606985735345732,-0.9606985735345732,0.9606985735345732,0.12101910828025478,0.012658227848101266,0.006369426751592357,0.0625
xjtu_sy,ctl_nodeg,35Hz12kN_Bearing1_3,43,13,2370,VTOI_mono,1.0,0.0,0.925663,0.0759493670886076,0.16303519904613495,0.18990957736968994,0.6755098088152915,0.2559652626514435,0.29815807938575745,3.450654987337823,0.3351212505817036,126,31,0.0,0.2105868011713028,0.9124548222867094,-0.9124548222867094,0.9124548222867094,0.08280254777070063,0.0,0.0,0.0
xjtu_sy,ctl_scalar,35Hz12kN_Bearing1_4,43,13,1830,VTOI,1.0,0.0,0.950315,0.0,0.28121745586395264,0.38666924834251404,-0.341124587108665,0.34027305245399475,0.4678697884082794,4.162316390863067,0.6361247431486845,-1,0,0.0,0.1335945874452591,0.7539304641023626,-0.7539304641023626,0.7539304641023626,0.04132231404958678,0.04918032786885246,0.0234375,0.21428571428571427
xjtu_sy,ctl_EC,35Hz12kN_Bearing1_4,43,13,1830,E_norm|C_norm,1.0,0.0,0.950315,0.0,0.2816845178604126,0.38311633467674255,-0.3165920680305989,0.3408382534980774,0.463570773601532,4.152556642003682,0.6323372893585045,-1,0,0.0,0.126389741897583,0.4189512482749354,-0.4189512482749354,0.4189512482749354,0.008264462809917356,0.14754098360655737,0.06474820143884892,0.25
xjtu_sy,ctl_hc10,35Hz12kN_Bearing1_4,43,13,1830,hc_RMS_x|hc_RMS_y|hc_Kurt_x|hc_Kurt_y|hc_CF_x|hc_CF_y|hc_SE_x|hc_SE_y|hc_ESE_x|hc_ESE_y,1.0,0.0,0.950315,0.0,0.2891812324523926,0.3877178430557251,-0.34840844663786363,0.34990930557250977,0.46913862228393555,4.246522129224251,0.6435439563127326,-1,0,0.0,0.13137809932231903,0.5717923067236452,-0.5717923067236452,0.5717923067236452,0.04132231404958678,0.14754098360655737,0.06474820143884892,0.25
xjtu_sy,ctl_random,35Hz12kN_Bearing1_4,43,13,1830,VTOI_rand,1.0,0.0,0.950315,0.0,0.28176310658454895,0.3727181553840637,-0.24609459070170647,0.3409334123134613,0.4509890079498291,4.106744348089602,0.6187499767383102,-1,0,0.0,0.12479231506586075,0.7688489541803207,-0.7688489541803207,0.7688489541803207,0.05785123966942149,0.6065573770491803,0.2506443298969072,0.2857142857142857
xjtu_sy,ctl_shuffled,35Hz12kN_Bearing1_4,43,13,1830,VTOI_shuf,1.0,0.0,0.950315,0.0,0.2813645005226135,0.3734987676143646,-0.25131946100541813,0.34045106172561646,0.45193350315093994,4.105365900962359,0.6191572161910476,-1,0,0.0,0.13190124928951263,0.7259044779320895,-0.7259044779320895,0.7259044779320895,0.04132231404958678,0.19672131147540983,0.08275862068965517,0.25
xjtu_sy,ctl_elapsed,35Hz12kN_Bearing1_4,43,13,1830,elapsed_norm,1.0,0.0,0.950315,0.0,0.2792185842990875,0.3729584813117981,-0.2477017194437361,0.3378544747829437,0.45127972960472107,4.08436211483127,0.6177999500307392,-1,0,0.0,0.11527746170759201,0.6144224217517271,-0.6144224217517271,0.6144224217517271,0.09090909090909091,0.1557377049180328,0.1272482014388489,0.2857142857142857
xjtu_sy,ctl_lifefrac,35Hz12kN_Bearing1_4,43,13,1830,Deg_oracle,1.0,0.0,0.950315,0.0,0.2565648853778839,0.32988712191581726,0.02384095321988655,0.3104434907436371,0.3991634249687195,3.676503508024397,0.5472356008640566,-1,0,0.0,0.09873087704181671,0.6132196483876773,-0.6132196483876773,0.6132196483876773,0.024793388429752067,0.20491803278688525,0.14525862068965517,0.2857142857142857
xjtu_sy,ctl_nodeg,35Hz12kN_Bearing1_4,43,13,1830,VTOI_mono,1.0,0.0,0.950315,0.0,0.28205806016921997,0.37779462337493896,-0.28026938852094596,0.34129026532173157,0.4571315050125122,4.134180430749358,0.6262457254419073,-1,0,0.0,0.134600430727005,0.1309280312224282,-0.1309280312224282,0.1309280312224282,0.05785123966942149,0.19672131147540983,0.08275862068965517,0.25
xjtu_sy,ctl_scalar,35Hz12kN_Bearing1_5,43,13,780,VTOI,1.0,0.0,0.968763,0.038461538461538464,0.1649463027715683,0.18079929053783417,0.7120113842757532,0.08412261307239532,0.0922076404094696,0.36283756339838935,0.10482975281774998,39,12,0.0,0.13213013112545013,0.8183576610239224,-0.8183576610239224,0.8183576610239224,0.13725490196078433,0.6538461538461539,0.3112745098039216,0.5
xjtu_sy,ctl_EC,35Hz12kN_Bearing1_5,43,13,780,E_norm|C_norm,1.0,0.0,0.968763,0.038461538461538464,0.1791679859161377,0.20375993847846985,0.6342203632909191,0.0913756787776947,0.10391758382320404,0.3771430117993071,0.09965485900353926,39,12,0.0,0.14952664077281952,0.7841747776114824,-0.7841747776114824,0.7841747776114824,0.09803921568627451,0.038461538461538464,0.043478260869565216,0.05
xjtu_sy,ctl_hc10,35Hz12kN_Bearing1_5,43,13,780,hc_RMS_x|hc_RMS_y|hc_Kurt_x|hc_Kurt_y|hc_CF_x|hc_CF_y|hc_SE_x|hc_SE_y|hc_ESE_x|hc_ESE_y,1.0,0.0,0.968763,0.038461538461538464,0.13382412493228912,0.14968149363994598,0.8026132230388886,0.06825029850006104,0.07633756846189499,0.2905049046668986,0.0819918721054609,39,12,0.0,0.0950293093919754,0.8346099880210517,-0.8346099880210517,0.8346099880210517,0.09803921568627451,0.11538461538461539,0.1111111111111111,0.15
xjtu_sy,ctl_random,35Hz12kN_Bearing1_5,43,13,780,VTOI_rand,1.0,0.0,0.968763,0.038461538461538464,0.1688675582408905,0.1824566274881363,0.7067073688415282,0.08612246066331863,0.09305288642644882,0.3718243439635207,0.1076351199299097,39,12,0.0,0.12739777565002441,0.7244651414698555,-0.7244651414698555,0.7244651414698555,0.058823529411764705,0.057692307692307696,0.08333333333333333,0.25
xjtu_sy,ctl_shuffled,35Hz12kN_Bearing1_5,43,13,780,VTOI_shuf,1.0,0.0,0.968763,0.038461538461538464,0.1644107699394226,0.18066899478435516,0.7124263367990851,0.08384950459003448,0.09214118868112564,0.36229356353977415,0.10502184282701749,39,12,0.0,0.12201111018657684,0.7968939900440182,-0.7968939900440182,0.7968939900440182,0.058823529411764705,0.21153846153846154,0.2892976588628763,0.325
xjtu_sy,ctl_elapsed,35Hz12kN_Bearing1_5,43,13,780,elapsed_norm,1.0,0.0,0.968763,0.038461538461538464,0.16341572999954224,0.18532322347164154,0.6974190004222587,0.0833420380949974,0.094514861702919,0.3848491401377867,0.12461984487107167,39,12,0.0,0.1870727837085724,0.7091844209779896,-0.7091844209779896,0.7091844209779896,0.13725490196078433,0.5961538461538461,0.19135802469135801,0.25
xjtu_sy,ctl_lifefrac,35Hz12kN_Bearing1_5,43,13,780,Deg_oracle,1.0,0.0,0.968763,0.038461538461538464,0.04504140838980675,0.055985573679208755,0.9723856903353546,0.022971119731664658,0.028552649542689323,0.09401448709299776,0.024637367934561692,38,13,0.0,0.1708962470293045,0.873385920367463,-0.873385920367463,0.873385920367463,0.0196078431372549,0.0,0.0,0.0
xjtu_sy,ctl_nodeg,35Hz12kN_Bearing1_5,43,13,780,VTOI_mono,1.0,0.0,0.968763,0.038461538461538464,0.15880784392356873,0.17728650569915771,0.7230934430169179,0.08099199086427689,0.09041612595319748,0.34266539845283517,0.09543645854752797,39,12,0.0,0.11779265850782394,0.7307364198220088,-0.7307364198220088,0.7307364198220088,0.0196078431372549,0.75,0.40185421994884907,0.5
xjtu_sy,ctl_scalar,37.5Hz11kN_Bearing2_1,43,13,7365,VTOI,1.0,0.0,0.961961,0.012219959266802444,0.265934020280838,0.3228923976421356,0.05534319969341028,1.303076982498169,1.5821728706359863,66.03118983236413,2.226343363652465,-1,0,0.0,0.11288460344076157,0.06626101557459776,0.06626101557459776,-0.06626101557459776,0.0,0.5987780040733197,0.19090909090909092,0.25
xjtu_sy,ctl_EC,37.5Hz11kN_Bearing2_1,43,13,7365,E_norm|C_norm,1.0,0.0,0.961961,0.012219959266802444,0.2516991198062897,0.29933279752731323,0.18816640164278697,1.2333258390426636,1.4667307138442993,61.16925800493384,2.051371455382245,462,28,0.0,0.08211300522089005,0.08241916221109405,0.08241916221109405,-0.08241916221109405,0.0,0.6109979633401222,0.23376168224299065,0.2702702702702703
xjtu_sy,ctl_hc10,37.5Hz11kN_Bearing2_1,43,13,7365,hc_RMS_x|hc_RMS_y|hc_Kurt_x|hc_Kurt_y|hc_CF_x|hc_CF_y|hc_SE_x|hc_SE_y|hc_ESE_x|hc_ESE_y,1.0,0.0,0.961961,0.012219959266802444,0.2628859281539917,0.3178275525569916,0.08474616956691927,1.2881412506103516,1.5573554039001465,64.93515778648317,2.1849365826248515,486,4,0.0,0.10833665728569031,0.016583712906874132,0.016583712906874132,-0.016583712906874132,0.004081632653061225,0.02240325865580448,0.010956175298804782,0.11
xjtu_sy,ctl_random,37.5Hz11kN_Bearing2_1,43,13,7365,VTOI_rand,1.0,0.0,0.961961,0.012219959266802444,0.25402185320854187,0.32356566190719604,0.05139964623592286,1.2447072267532349,1.5854718685150146,64.75319233700236,2.229497148592761,-1,0,0.0,0.08632928878068924,0.0187637226470815,0.0187637226470815,-0.0187637226470815,0.0163265306122449,0.6089613034623218,0.21874044829342842,0.2668918918918919
xjtu_sy,ctl_shuffled,37.5Hz11kN_Bearing2_1,43,13,7365,VTOI_shuf,1.0,0.0,0.961961,0.012219959266802444,0.2691103219985962,0.32242122292518616,0.05809802951539689,1.3186408281326294,1.579864263534546,66.20137899984996,2.21407635240624,-1,0,0.0,0.11383457481861115,0.1012766508626046,-0.1012766508626046,0.1012766508626046,0.044897959183673466,0.016293279022403257,0.008016032064128256,0.08
xjtu_sy,ctl_elapsed,37.5Hz11kN_Bearing2_1,43,13,7365,elapsed_norm,1.0,0.0,0.961961,0.012219959266802444,0.26454582810401917,0.31764236092567444,0.08581248640472838,1.2962745428085327,1.5564477443695068,65.20622045253677,2.1928460864528496,-1,0,0.0,0.11624286323785782,0.08226460562453476,-0.08226460562453476,0.08226460562453476,0.024489795918367346,0.19959266802443992,0.08419243986254296,0.25
xjtu_sy,ctl_lifefrac,37.5Hz11kN_Bearing2_1,43,13,7365,Deg_oracle,1.0,0.0,0.961961,0.012219959266802444,0.05992225557565689,0.07003355771303177,0.9555603276026106,0.2936190664768219,0.34316447377204895,13.764494761714513,0.5055705080161633,402,88,0.0,0.060632359236478806,0.037546627031948256,-0.037546627031948256,0.037546627031948256,0.04897959183673469,0.0,0.0,0.0
xjtu_sy,ctl_nodeg,37.5Hz11kN_Bearing2_1,43,13,7365,VTOI_mono,1.0,0.0,0.961961,0.012219959266802444,0.2441767007112503,0.30635079741477966,0.14965239597752888,1.196466088294983,1.5011191368103027,60.914359888969116,2.0734408794695516,465,25,0.0,0.07468739151954651,0.10411858279426381,-0.10411858279426381,0.10411858279426381,0.036734693877551024,0.1384928716904277,0.06367041198501873,0.22972972972972974
xjtu_sy,ctl_scalar,37.5Hz11kN_Bearing2_2,43,13,2415,VTOI,1.0,0.0,0.936151,0.10559006211180125,0.22172248363494873,0.25978484749794006,0.39269473355823603,0.3547559976577759,0.41565579175949097,4.584823477278507,0.382997407352332,80,80,0.16666666666666666,0.3079390525817871,0.8847621176387865,-0.8847621176387865,0.8847621176387865,0.0875,0.055900621118012424,0.04639175257731959,0.25
xjtu_sy,ctl_EC,37.5Hz11kN_Bearing2_2,43,13,2415,E_norm|C_norm,1.0,0.0,0.936151,0.10559006211180125,0.2158179134130478,0.25478407740592957,0.41585060186864187,0.34530866146087646,0.4076545536518097,4.470919532183004,0.3753185072763366,80,80,0.16666666666666666,0.34220850467681885,0.8731414538275175,-0.8731414538275175,0.8731414538275175,0.1,0.14906832298136646,0.11538461538461539,0.25
xjtu_sy,ctl_hc10,37.5Hz11kN_Bearing2_2,43,13,2415,hc_RMS_x|hc_RMS_y|hc_Kurt_x|hc_Kurt_y|hc_CF_x|hc_CF_y|hc_SE_x|hc_SE_y|hc_ESE_x|hc_ESE_y,1.0,0.0,0.936151,0.10559006211180125,0.22308272123336792,0.2576930820941925,0.4024352373673383,0.3569323718547821,0.4123089611530304,4.678802956674939,0.4029747027880657,76,84,0.20833333333333334,0.20924623310565948,0.8590812241367706,-0.8590812241367706,0.8590812241367706,0.0625,0.2360248447204969,0.16798418972332013,0.2864583333333333
xjtu_sy,ctl_random,37.5Hz11kN_Bearing2_2,43,13,2415,VTOI_rand,1.0,0.0,0.936151,0.10559006211180125,0.1981159895658493,0.23970408737659454,0.4829526916588438,0.3169856071472168,0.3835265338420868,4.096169550314459,0.3431108684180686,82,78,0.14583333333333334,0.3114866614341736,0.847436759682775,-0.847436759682775,0.847436759682775,0.0875,0.08695652173913043,0.040229885057471264,0.036458333333333336
xjtu_sy,ctl_shuffled,37.5Hz11kN_Bearing2_2,43,13,2415,VTOI_shuf,1.0,0.0,0.936151,0.10559006211180125,0.21613922715187073,0.23845022916793823,0.48834771180432124,0.3458227813243866,0.38152042031288147,4.552843554130542,0.3978187616289773,83,77,0.13541666666666666,0.30013343691825867,0.8872344094020135,-0.8872344094020135,0.8872344094020135,0.0625,0.06832298136645963,0.05488621151271754,0.265625
xjtu_sy,ctl_elapsed,37.5Hz11kN_Bearing2_2,43,13,2415,elapsed_norm,1.0,0.0,0.936151,0.10559006211180125,0.21067702770233154,0.25802233815193176,0.4009072886470849,0.3370833098888397,0.4128357768058777,4.423848492253022,0.3806730464841268,80,80,0.16666666666666666,0.2890416085720062,0.9165181251967705,-0.9165181251967705,0.9165181251967705,0.0,0.14906832298136646,0.10084033613445378,0.25
xjtu_sy,ctl_lifefrac,37.5Hz11kN_Bearing2_2,43,13,2415,Deg_oracle,1.0,0.0,0.936151,0.10559006211180125,0.20070436596870422,0.24029888212680817,0.48038352081984204,0.3211270570755005,0.38447824120521545,4.185620790850111,0.3571607285867567,80,80,0.16666666666666666,0.30286315083503723,0.8648499049176336,-0.8648499049176336,0.8648499049176336,0.075,0.14906832298136646,0.10810810810810811,0.25
xjtu_sy,ctl_nodeg,37.5Hz11kN_Bearing2_2,43,13,2415,VTOI_mono,1.0,0.0,0.936151,0.10559006211180125,0.23364225029945374,0.2791595458984375,0.29873144139785723,0.37382763624191284,0.4466553032398224,4.8636108711465855,0.4096845524003787,76,84,0.20833333333333334,0.31901782751083374,0.8245940928259077,-0.8245940928259077,0.8245940928259077,0.0625,0.18633540372670807,0.09162486064659978,0.08333333333333333
xjtu_sy,ctl_scalar,37.5Hz11kN_Bearing2_3,43,13,7995,VTOI,1.0,0.0,0.938293,0.005628517823639775,0.13490894436836243,0.15003632009029388,0.7959828672779545,0.7177155613899231,0.7981932163238525,32.27303155214534,0.8560918921195879,333,199,0.0,0.18168948590755463,0.690302338096555,-0.690302338096555,0.690302338096555,0.05639097744360902,0.0375234521575985,0.07936507936507936,0.04716981132075472
xjtu_sy,ctl_EC,37.5Hz11kN_Bearing2_3,43,13,7995,E_norm|C_norm,1.0,0.0,0.938293,0.005628517823639775,0.18507885932922363,0.20452144742012024,0.6209019410823919,0.9846197366714478,1.0880541801452637,42.956178867053026,1.0354698125279977,330,202,0.0,0.15335556864738464,0.8858536650298162,-0.8858536650298162,0.8858536650298162,0.03007518796992481,0.7504690431519699,0.38774752745453356,0.5
xjtu_sy,ctl_hc10,37.5Hz11kN_Bearing2_3,43,13,7995,hc_RMS_x|hc_RMS_y|hc_Kurt_x|hc_Kurt_y|hc_CF_x|hc_CF_y|hc_SE_x|hc_SE_y|hc_ESE_x|hc_ESE_y,1.0,0.0,0.938293,0.005628517823639775,0.11864064633846283,0.13620242476463318,0.8318706532571305,0.6311682462692261,0.7245969772338867,28.600754747127336,0.7746469779307019,328,204,0.0,0.18226982653141022,0.9200236420649794,-0.9200236420649794,0.9200236420649794,0.011278195488721804,0.05065666041275797,0.06164383561643835,0.25
xjtu_sy,ctl_random,37.5Hz11kN_Bearing2_3,43,13,7995,VTOI_rand,1.0,0.0,0.938293,0.005628517823639775,0.15042121708393097,0.16432416439056396,0.7552759108041436,0.8002409934997559,0.8742045760154724,35.68254418494992,0.9251689389138351,333,199,0.0,0.1733100265264511,0.7782000029364626,-0.7782000029364626,0.7782000029364626,0.018796992481203006,0.06378986866791744,0.06602305504068828,0.2665094339622642
xjtu_sy,ctl_shuffled,37.5Hz11kN_Bearing2_3,43,13,7995,VTOI_shuf,1.0,0.0,0.938293,0.005628517823639775,0.1404278427362442,0.15652714669704437,0.7779487802159265,0.7470760345458984,0.832724392414093,33.59570148492671,0.8866992475880803,326,206,0.0,0.18271447718143463,0.8850161012201017,-0.8850161012201017,0.8850161012201017,0.015037593984962405,0.1575984990619137,0.1414141414141414,0.19811320754716982
xjtu_sy,ctl_elapsed,37.5Hz11kN_Bearing2_3,43,13,7995,elapsed_norm,1.0,0.0,0.938293,0.005628517823639775,0.12880176305770874,0.148284450173378,0.8007193698349754,0.6852253675460815,0.7888733148574829,31.37765563926179,0.8564772496793216,356,176,0.0,0.14366894960403442,0.7408886995259328,-0.7408886995259328,0.7408886995259328,0.07518796992481203,0.7504690431519699,0.39067808126104087,0.5
xjtu_sy,ctl_lifefrac,37.5Hz11kN_Bearing2_3,43,13,7995,Deg_oracle,1.0,0.0,0.938293,0.005628517823639775,0.16995956003665924,0.21272292733192444,0.589888059883928,0.9041849970817566,1.1316859722137451,40.32099279198411,0.9897354596816912,326,206,0.0,0.15773290395736694,0.6955713494824407,-0.6955713494824407,0.6955713494824407,0.018796992481203006,0.0,0.0,0.0
xjtu_sy,ctl_nodeg,37.5Hz11kN_Bearing2_3,43,13,7995,VTOI_mono,1.0,0.0,0.938293,0.005628517823639775,0.133056640625,0.14807084202766418,0.8012930887107365,0.7078614830970764,0.7877369523048401,32.70425496776302,0.9057181693865144,354,178,0.0,0.18370391428470612,0.8891024256825865,-0.8891024256825865,0.8891024256825865,0.011278195488721804,0.20825515947467166,0.2701465201465202,0.32158018867924526
xjtu_sy,ctl_scalar,37.5Hz11kN_Bearing2_4,43,13,630,VTOI,1.0,0.0,0.922825,0.047619047619047616,0.18150965869426727,0.21192342042922974,0.6072582762468813,0.07441896200180054,0.08688860386610031,0.2773856929478504,0.11114538106180373,34,7,0.0,0.16282323002815247,0.9112006562947698,-0.9112006562947698,0.9112006562947698,0.024390243902439025,0.07142857142857142,0.09008097165991903,0.20833333333333331
xjtu_sy,ctl_EC,37.5Hz11kN_Bearing2_4,43,13,630,E_norm|C_norm,1.0,0.0,0.922825,0.047619047619047616,0.16344888508319855,0.18165291845798492,0.7114414678669634,0.06701404601335526,0.07447770237922668,0.250572332023673,0.10114880473840804,39,2,0.0,0.141338050365448,0.8979523169467828,-0.8979523169467828,0.8979523169467828,0.17073170731707318,0.14285714285714285,0.16666666666666666,0.25
xjtu_sy,ctl_hc10,37.5Hz11kN_Bearing2_4,43,13,630,hc_RMS_x|hc_RMS_y|hc_Kurt_x|hc_Kurt_y|hc_CF_x|hc_CF_y|hc_SE_x|hc_SE_y|hc_ESE_x|hc_ESE_y,1.0,0.0,0.922825,0.047619047619047616,0.1288943588733673,0.14859141409397125,0.8069203127234712,0.05284669250249863,0.06092248111963272,0.1906673553445155,0.0727869217239675,31,10,0.0,0.12333453446626663,0.9158962702408918,-0.9158962702408918,0.9158962702408918,0.07317073170731707,0.07142857142857142,0.08333333333333333,0.09375
xjtu_sy,ctl_random,37.5Hz11kN_Bearing2_4,43,13,630,VTOI_rand,1.0,0.0,0.922825,0.047619047619047616,0.16632318496704102,0.19194452464580536,0.6778185212745361,0.0681925043463707,0.07869724929332733,0.2532752454504317,0.10105187330572378,30,11,0.0,0.15102748572826385,0.9101944533063151,-0.9101944533063151,0.9101944533063151,0.21951219512195122,0.19047619047619047,0.20215311004784686,0.28125
xjtu_sy,ctl_shuffled,37.5Hz11kN_Bearing2_4,43,13,630,VTOI_shuf,1.0,0.0,0.922825,0.047619047619047616,0.16769681870937347,0.20337772369384766,0.6382937979094472,0.06875570118427277,0.08338487148284912,0.2637282940416248,0.11029086732083843,-1,0,0.0,0.15468522906303406,0.8887287895526148,-0.8887287895526148,0.8887287895526148,0.17073170731707318,0.11904761904761904,0.16158536585365854,0.29166666666666663
xjtu_sy,ctl_elapsed,37.5Hz11kN_Bearing2_4,43,13,630,elapsed_norm,1.0,0.0,0.922825,0.047619047619047616,0.1667879968881607,0.19727885723114014,0.6596621168732866,0.06838308274745941,0.08088433742523193,0.25499815750503707,0.10230283040021147,30,11,0.0,0.1625555455684662,0.8996293219275407,-0.8996293219275407,0.8996293219275407,0.12195121951219512,0.16666666666666666,0.18882978723404253,0.3333333333333333
xjtu_sy,ctl_lifefrac,37.5Hz11kN_Bearing2_4,43,13,630,Deg_oracle,1.0,0.0,0.922825,0.047619047619047616,0.1689143180847168,0.20535622537136078,0.6312221109985361,0.06925488263368607,0.0841960534453392,0.2662812251592448,0.11173409551736854,-1,0,0.0,0.15885527431964874,0.9024802303948289,-0.9024802303948289,0.9024802303948289,0.07317073170731707,0.0,0.0,0.0
xjtu_sy,ctl_nodeg,37.5Hz11kN_Bearing2_4,43,13,630,VTOI_mono,1.0,0.0,0.922825,0.047619047619047616,0.21305066347122192,0.25080037117004395,0.4499458605616301,0.08735077828168869,0.10282814502716064,0.341675661794719,0.14655349731800102,-1,0,0.0,0.26430755853652954,0.39585702570788706,-0.39585702570788706,0.39585702570788706,0.12195121951219512,0.07142857142857142,0.03409090909090909,0.25
xjtu_sy,ctl_scalar,37.5Hz11kN_Bearing2_5,43,13,5085,VTOI,1.0,0.0,0.978252,0.0058997050147492625,0.22506201267242432,0.2399352490901947,0.47916677897506454,0.7607095837593079,0.8109811544418335,21.36971544639215,0.8637297937542112,189,149,0.06896551724137931,0.08211244642734528,0.9426389995451638,-0.9426389995451638,0.9426389995451638,0.04142011834319527,0.5899705014749262,0.2864652367755151,0.47536945812807885
xjtu_sy,ctl_EC,37.5Hz11kN_Bearing2_5,43,13,5085,E_norm|C_norm,1.0,0.0,0.978252,0.0058997050147492625,0.1966315060853958,0.2170487493276596,0.5737884558819182,0.6646144986152649,0.7336248159408569,18.33833394476467,0.7200623490355887,182,156,0.10344827586206896,0.0866919532418251,0.9257349946994884,-0.9257349946994884,0.9257349946994884,0.05325443786982249,0.05014749262536873,0.051704545454545454,0.20957693422196463
xjtu_sy,ctl_hc10,37.5Hz11kN_Bearing2_5,43,13,5085,hc_RMS_x|hc_RMS_y|hc_Kurt_x|hc_Kurt_y|hc_CF_x|hc_CF_y|hc_SE_x|hc_SE_y|hc_ESE_x|hc_ESE_y,1.0,0.0,0.978252,0.0058997050147492625,0.25217801332473755,0.2866100072860718,0.25682127147915934,0.8523617386817932,0.9687418341636658,23.449204604454128,0.8832080722800223,164,174,0.1921182266009852,0.30355679988861084,0.9062374659790872,-0.9062374659790872,0.9062374659790872,0.005917159763313609,0.0855457227138643,0.10593993695038992,0.25
xjtu_sy,ctl_random,37.5Hz11kN_Bearing2_5,43,13,5085,VTOI_rand,1.0,0.0,0.978252,0.0058997050147492625,0.2280687838792801,0.24271200597286224,0.4670418533646684,0.7708724737167358,0.820366621017456,21.866195331635463,0.8988269402104317,186,152,0.08374384236453201,0.08532798290252686,0.9449818813999463,-0.9449818813999463,0.9449818813999463,0.011834319526627219,0.061946902654867256,0.029166666666666667,0.02586206896551724
xjtu_sy,ctl_shuffled,37.5Hz11kN_Bearing2_5,43,13,5085,VTOI_shuf,1.0,0.0,0.978252,0.0058997050147492625,0.223652645945549,0.239190936088562,0.4823931557531129,0.7559459805488586,0.8084653615951538,21.157548616265863,0.8489739963328768,183,155,0.09852216748768473,0.08049970865249634,0.9412198625173773,-0.9412198625173773,0.9412198625173773,0.04142011834319527,0.5870206489675516,0.28521421107628003,0.47413793103448276
xjtu_sy,ctl_elapsed,37.5Hz11kN_Bearing2_5,43,13,5085,elapsed_norm,1.0,0.0,0.978252,0.0058997050147492625,0.2240406572818756,0.23880131542682648,0.484078025628055,0.7572574019432068,0.8071484565734863,21.30272453734071,0.8636102665732216,184,154,0.09359605911330049,0.09198327362537384,0.9223764871755833,-0.9223764871755833,0.9223764871755833,0.09467455621301775,0.05014749262536873,0.04314720812182741,0.25
xjtu_sy,ctl_lifefrac,37.5Hz11kN_Bearing2_5,43,13,5085,Deg_oracle,1.0,0.0,0.978252,0.0058997050147492625,0.09489022195339203,0.1133691817522049,0.8837211680716042,0.32072898745536804,0.383187860250473,8.602324532647607,0.331828013622919,215,123,0.0,0.13291262090206146,0.9432151258654657,-0.9432151258654657,0.9432151258654657,0.09467455621301775,0.07079646017699115,0.06688353571328416,0.25862068965517243
xjtu_sy,ctl_nodeg,37.5Hz11kN_Bearing2_5,43,13,5085,VTOI_mono,1.0,0.0,0.978252,0.0058997050147492625,0.22008879482746124,0.23685915768146515,0.49243589478353555,0.7439001798629761,0.8005839586257935,20.73318185605134,0.8260521005981967,183,155,0.09852216748768473,0.10711686313152313,0.91829407963728,-0.91829407963728,0.91829407963728,0.011834319526627219,0.029498525073746312,0.03890055688018689,0.038014343668501885
xjtu_sy,ctl_scalar,40Hz10kN_Bearing3_1,43,13,38070,VTOI,1.0,0.0,0.998394,0.028368794326241134,0.2670821249485016,0.3157729208469391,0.09410679750902107,6.775874137878418,8.01115894317627,2766.2276391518317,10.979196783347485,2464,73,0.0,0.09618226438760757,0.334652110238821,-0.334652110238821,0.334652110238821,0.015372487189594008,0.22773837667454688,0.26453166500241143,0.38976377952755903
xjtu_sy,ctl_EC,40Hz10kN_Bearing3_1,43,13,38070,E_norm|C_norm,1.0,0.0,0.998394,0.028368794326241134,0.2714970111846924,0.3060060739517212,0.14927858886333223,6.887879371643066,7.763374328613281,2535.392400141361,10.509234600915471,2464,73,0.0,0.0737200453877449,0.07011321760597776,-0.07011321760597776,0.07011321760597776,0.011430823807646828,0.15011820330969267,0.06526207605344296,0.25
xjtu_sy,ctl_hc10,40Hz10kN_Bearing3_1,43,13,38070,hc_RMS_x|hc_RMS_y|hc_Kurt_x|hc_Kurt_y|hc_CF_x|hc_CF_y|hc_SE_x|hc_SE_y|hc_ESE_x|hc_ESE_y,1.0,0.0,0.998394,0.028368794326241134,0.2660347819328308,0.33050552010536194,0.007604693671066309,6.749302864074707,8.38492488861084,3060.27741791576,11.70469657677667,2511,26,0.0,0.05695882439613342,0.2294006126063915,-0.2294006126063915,0.2294006126063915,0.009065825778478517,0.19976359338061467,0.08352553542009884,0.25
xjtu_sy,ctl_random,40Hz10kN_Bearing3_1,43,13,38070,VTOI_rand,1.0,0.0,0.998394,0.028368794326241134,0.2641862630844116,0.2999098300933838,0.1828369638004682,6.7024054527282715,7.608712673187256,2473.0404722832636,10.297911774970363,2419,118,0.0,0.05599861219525337,0.12813678301857814,-0.12813678301857814,0.12813678301857814,0.001970831690973591,0.19976359338061467,0.08593220338983051,0.25
xjtu_sy,ctl_shuffled,40Hz10kN_Bearing3_1,43,13,38070,VTOI_shuf,1.0,0.0,0.998394,0.028368794326241134,0.2632465064525604,0.3009624183177948,0.17709099948159168,6.678564548492432,7.635416507720947,2483.4473026578517,10.264640975166685,2438,99,0.0,0.06676672399044037,0.3336932368093145,-0.3336932368093145,0.3336932368093145,0.009065825778478517,0.19976359338061467,0.08672596647280191,0.25
xjtu_sy,ctl_elapsed,40Hz10kN_Bearing3_1,43,13,38070,elapsed_norm,1.0,0.0,0.998394,0.028368794326241134,0.24822959303855896,0.28573596477508545,0.25825076166624583,6.2975850105285645,7.24912166595459,2305.963454292747,9.770728581189417,2419,118,0.0,0.1289197951555252,0.1599663551299876,-0.1599663551299876,0.1599663551299876,0.01694915254237288,0.6048069345941687,0.23663599608118385,0.2736220472440945
xjtu_sy,ctl_lifefrac,40Hz10kN_Bearing3_1,43,13,38070,Deg_oracle,1.0,0.0,0.998394,0.028368794326241134,0.2557942867279053,0.29342105984687805,0.21781430912756827,6.489501953125,7.444092273712158,2397.9480761617488,10.031436070049779,2426,111,0.0,0.1266983449459076,0.1714190282442158,-0.1714190282442158,0.1714190282442158,0.011430823807646828,0.0007880220646178094,0.0003937007874015748,0.003937007874015748
xjtu_sy,ctl_nodeg,40Hz10kN_Bearing3_1,43,13,38070,VTOI_mono,1.0,0.0,0.998394,0.028368794326241134,0.26491615176200867,0.30674925446510315,0.14514135321558874,6.720922470092773,7.782228469848633,2612.534174036614,10.66673524839946,2464,73,0.0,0.0597027987241745,0.23308784994228382,-0.23308784994228382,0.23308784994228382,0.016160819865983445,0.014578408195429472,0.007184466019417476,0.07283464566929133
xjtu_sy,ctl_scalar,40Hz10kN_Bearing3_2,43,13,37440,VTOI,1.0,0.0,0.952708,0.011217948717948718,0.24414096772670746,0.2726292908191681,0.3247454795614424,6.091317176818848,6.802100658416748,1982.800188777257,8.922658221770783,2113,382,0.0,0.12418249994516373,0.5185158348940845,-0.5185158348940845,0.5185158348940845,0.007615230460921844,0.08052884615384616,0.04289830775644775,0.13250901803607215
xjtu_sy,ctl_EC,40Hz10kN_Bearing3_2,43,13,37440,E_norm|C_norm,1.0,0.0,0.952708,0.011217948717948718,0.25503790378570557,0.28842514753341675,0.24423153723920132,6.363194942474365,7.196207523345947,2236.6336007952077,9.797722126546805,2454,41,0.0,0.08718813955783844,0.6424953601227296,-0.6424953601227296,0.6424953601227296,0.010821643286573146,0.5997596153846154,0.19123658661216147,0.25
xjtu_sy,ctl_hc10,40Hz10kN_Bearing3_2,43,13,37440,hc_RMS_x|hc_RMS_y|hc_Kurt_x|hc_Kurt_y|hc_CF_x|hc_CF_y|hc_SE_x|hc_SE_y|hc_ESE_x|hc_ESE_y,1.0,0.0,0.952708,0.011217948717948718,0.250072181224823,0.2889891266822815,0.24127299325402063,6.239301681518555,7.2102789878845215,2283.932454529641,9.93036486716935,2470,25,0.0,0.08647185564041138,0.6661757828719832,-0.6661757828719832,0.6661757828719832,0.008416833667334669,0.20953525641025642,0.14714452876984996,0.298
xjtu_sy,ctl_random,40Hz10kN_Bearing3_2,43,13,37440,VTOI_rand,1.0,0.0,0.952708,0.011217948717948718,0.254943311214447,0.28976598381996155,0.23718824788717252,6.360836029052734,7.22966194152832,2272.6080272649906,9.941393206061688,2446,49,0.0,0.08403952419757843,0.6138751748159468,-0.6138751748159468,0.6138751748159468,0.018036072144288578,0.6229967948717948,0.32439239191409575,0.366
xjtu_sy,ctl_shuffled,40Hz10kN_Bearing3_2,43,13,37440,VTOI_shuf,1.0,0.0,0.952708,0.011217948717948718,0.23634450137615204,0.26477035880088806,0.3631146665982612,5.896796226501465,6.606020450592041,1866.60156550186,8.441934367138833,2072,423,0.0,0.15217380225658417,0.5990902545255882,-0.5990902545255882,0.5990902545255882,0.0028056112224448897,0.06971153846153846,0.06231010659396832,0.11553507014028055
xjtu_sy,ctl_elapsed,40Hz10kN_Bearing3_2,43,13,37440,elapsed_norm,1.0,0.0,0.952708,0.011217948717948718,0.22303488850593567,0.24824512004852295,0.44013411111159995,5.564720630645752,6.193716049194336,1724.5626136724643,8.026096821904408,2075,420,0.0,0.09264978766441345,0.562228556892389,-0.562228556892389,0.562228556892389,0.0036072144288577155,0.6001602564102564,0.19803059773329584,0.252
xjtu_sy,ctl_lifefrac,40Hz10kN_Bearing3_2,43,13,37440,Deg_oracle,1.0,0.0,0.952708,0.011217948717948718,0.07945356518030167,0.09226391464471817,0.9226631903667848,1.9823665618896484,2.3019845485687256,522.5833708071792,3.2810732146519093,2070,425,0.0,0.07941495627164841,0.4924638737358631,-0.4924638737358631,0.4924638737358631,0.0052104208416833666,0.5801282051282052,0.2040262520329471,0.24964595858383434
xjtu_sy,ctl_nodeg,40Hz10kN_Bearing3_2,43,13,37440,VTOI_mono,1.0,0.0,0.952708,0.011217948717948718,0.2557159662246704,0.28953254222869873,0.2384168878571049,6.380113124847412,7.223836898803711,2239.287614504072,9.76871394139016,2452,43,0.0,0.10393256694078445,0.39261740207760076,-0.39261740207760076,0.39261740207760076,0.002004008016032064,0.026842948717948716,0.01324634242783709,0.134
xjtu_sy,ctl_scalar,40Hz10kN_Bearing3_3,43,13,5565,VTOI,1.0,0.0,0.971995,0.005390835579514825,0.2378256916999817,0.2850554883480072,0.2645586925575404,0.8799551129341125,1.0547053813934326,31.695217262323037,1.4168136119340469,344,26,0.0,0.12010884284973145,0.2643600809101565,0.2643600809101565,-0.2643600809101565,0.021621621621621623,0.1778975741239892,0.2610249026822375,0.4598214285714286
xjtu_sy,ctl_EC,40Hz10kN_Bearing3_3,43,13,5565,E_norm|C_norm,1.0,0.0,0.971995,0.005390835579514825,0.24189265072345734,0.2866230607032776,0.2564478704582287,0.8950029015541077,1.0605053901672363,32.22317495010853,1.4414445134005296,344,26,0.0,0.11731293797492981,0.32726493762175235,0.32726493762175235,-0.32726493762175235,0.02702702702702703,0.0215633423180593,0.04819277108433735,0.03571428571428571
xjtu_sy,ctl_hc10,40Hz10kN_Bearing3_3,43,13,5565,hc_RMS_x|hc_RMS_y|hc_Kurt_x|hc_Kurt_y|hc_CF_x|hc_CF_y|hc_SE_x|hc_SE_y|hc_ESE_x|hc_ESE_y,1.0,0.0,0.971995,0.005390835579514825,0.25918275117874146,0.2965449392795563,0.20407861055230303,0.958976149559021,1.097216248512268,33.7959172372411,1.4718290121869417,346,24,0.0,0.13041095435619354,0.19390763392468918,0.19390763392468918,-0.19390763392468918,0.06486486486486487,0.6253369272237197,0.337593984962406,0.381578947368421
xjtu_sy,ctl_random,40Hz10kN_Bearing3_3,43,13,5565,VTOI_rand,1.0,0.0,0.971995,0.005390835579514825,0.2582387626171112,0.2973155081272125,0.1999367053457648,0.9554834365844727,1.100067377090454,34.3090625751629,1.5293221346270844,344,26,0.0,0.07693038135766983,0.43039871356277887,0.43039871356277887,-0.43039871356277887,0.010810810810810811,0.4797843665768194,0.4513781004915757,0.5889639639639639
xjtu_sy,ctl_shuffled,40Hz10kN_Bearing3_3,43,13,5565,VTOI_shuf,1.0,0.0,0.971995,0.005390835579514825,0.24075070023536682,0.28459632396698,0.2669262023644319,0.8907776474952698,1.0530062913894653,31.957844131121746,1.424958454580561,343,27,0.0,0.12649649381637573,0.15165588229771138,0.15165588229771138,-0.15165588229771138,0.016216216216216217,0.0,0.0,0.0
xjtu_sy,ctl_elapsed,40Hz10kN_Bearing3_3,43,13,5565,elapsed_norm,1.0,0.0,0.971995,0.005390835579514825,0.23775318264961243,0.31539034843444824,0.09970258660666609,0.8796867728233337,1.1669443845748901,34.093103327755,1.618128621142428,345,25,0.0,0.08872643858194351,0.14118871930622412,-0.14118871930622412,0.14118871930622412,0.021621621621621623,0.1778975741239892,0.26,0.45112781954887216
xjtu_sy,ctl_lifefrac,40Hz10kN_Bearing3_3,43,13,5565,Deg_oracle,1.0,0.0,0.971995,0.005390835579514825,0.06165969744324684,0.07243820279836655,0.9525075604921963,0.22814087569713593,0.2680213451385498,7.999022359786701,0.38742610799133614,307,63,0.0,0.08042359352111816,0.07219279690233735,0.07219279690233735,-0.07219279690233735,0.0,0.0,0.0,0.0
xjtu_sy,ctl_nodeg,40Hz10kN_Bearing3_3,43,13,5565,VTOI_mono,1.0,0.0,0.971995,0.005390835579514825,0.23407438397407532,0.2837563753128052,0.2712469056109752,0.8660752177238464,1.049898624420166,31.305728521798905,1.4038365480372044,344,26,0.0,0.09873174875974655,0.017954005549697814,-0.017954005549697814,0.017954005549697814,0.02702702702702703,0.25067385444743934,0.29085667636103885,0.5
xjtu_sy,ctl_scalar,40Hz10kN_Bearing3_4,43,13,22725,VTOI,1.0,0.0,0.959018,0.038943894389438946,0.26177921891212463,0.3381708264350891,-0.038509739867454984,3.9633376598358154,5.119906425476074,838.3458013851822,7.126988948923428,1476,38,0.0,0.1481637805700302,0.008284855285463097,-0.008284855285463097,0.008284855285463097,0.005284015852047556,0.013861386138613862,0.0068359375,0.06907894736842106
xjtu_sy,ctl_EC,40Hz10kN_Bearing3_4,43,13,22725,E_norm|C_norm,1.0,0.0,0.959018,0.038943894389438946,0.26302140951156616,0.3309681713581085,0.005257235117150816,3.9821441173553467,5.010858535766602,817.9628057623605,6.991955177773638,1480,34,0.0,0.14160244166851044,0.24168103978317862,-0.24168103978317862,0.24168103978317862,0.007926023778071334,0.005280528052805281,0.0026263952724885093,0.02631578947368421
xjtu_sy,ctl_hc10,40Hz10kN_Bearing3_4,43,13,22725,hc_RMS_x|hc_RMS_y|hc_Kurt_x|hc_Kurt_y|hc_CF_x|hc_CF_y|hc_SE_x|hc_SE_y|hc_ESE_x|hc_ESE_y,1.0,0.0,0.959018,0.038943894389438946,0.26251229643821716,0.31575244665145874,0.09461818529930699,3.9744362831115723,4.780492782592773,767.2642347843896,6.582171366078527,1465,49,0.0,0.1264609545469284,0.15391692071082375,-0.15391692071082375,0.15391692071082375,0.009247027741083224,0.6,0.1875,0.25
xjtu_sy,ctl_random,40Hz10kN_Bearing3_4,43,13,22725,VTOI_rand,1.0,0.0,0.959018,0.038943894389438946,0.26274728775024414,0.32332906126976013,0.050646868110085785,3.977994203567505,4.895202159881592,795.2048839523848,6.846123715278634,1455,59,0.0,0.11794234067201614,0.41527006431069924,-0.41527006431069924,0.41527006431069924,0.002642007926023778,0.2,0.08672009158557527,0.25
xjtu_sy,ctl_shuffled,40Hz10kN_Bearing3_4,43,13,22725,VTOI_shuf,1.0,0.0,0.959018,0.038943894389438946,0.2703074812889099,0.32381191849708557,0.04780926142546549,4.092455863952637,4.902512550354004,798.4193947249078,6.858945065124495,-1,0,0.0,0.13243533670902252,0.4239189656914423,-0.4239189656914423,0.4239189656914423,0.019815059445178335,0.2,0.08662092624356775,0.25
xjtu_sy,ctl_elapsed,40Hz10kN_Bearing3_4,43,13,22725,elapsed_norm,1.0,0.0,0.959018,0.038943894389438946,0.2683081328868866,0.3273647427558899,0.026799981583087384,4.062185287475586,4.956302642822266,809.2015767746581,6.937658851057685,-1,0,0.0,0.13522469997406006,0.35927817938073686,-0.35927817938073686,0.35927817938073686,0.022457067371202115,0.2079207920792079,0.15286599928858174,0.2894736842105263
xjtu_sy,ctl_lifefrac,40Hz10kN_Bearing3_4,43,13,22725,Deg_oracle,1.0,0.0,0.959018,0.038943894389438946,0.2655390202999115,0.32244059443473816,0.055857247645296426,4.020260810852051,4.881750583648682,793.327384188376,6.839497341886901,-1,0,0.0,0.12447591871023178,0.4030180668459615,-0.4030180668459615,0.4030180668459615,0.001321003963011889,0.14983498349834984,0.06747919143876338,0.25
xjtu_sy,ctl_nodeg,40Hz10kN_Bearing3_4,43,13,22725,VTOI_mono,1.0,0.0,0.959018,0.038943894389438946,0.26482442021369934,0.34102359414100647,-0.056105174501570376,4.00944185256958,5.163097381591797,848.9615094525599,7.199721403481445,-1,0,0.0,0.13185685873031616,0.2652676160299785,-0.2652676160299785,0.2652676160299785,0.007926023778071334,0.14983498349834984,0.06788277511961723,0.25
xjtu_sy,ctl_scalar,40Hz10kN_Bearing3_5,43,13,1710,VTOI,1.0,0.0,0.920027,0.02631578947368421,0.5399057269096375,0.6285301446914673,-2.54015499421594,0.6100934147834778,0.7102391123771667,5.535624484635466,0.614405577381452,10,103,0.8529411764705882,0.6508888006210327,0.1156960515783673,-0.1156960515783673,0.1156960515783673,0.11504424778761062,0.47368421052631576,0.16363636363636364,0.19852941176470587
xjtu_sy,ctl_EC,40Hz10kN_Bearing3_5,43,13,1710,E_norm|C_norm,1.0,0.0,0.920027,0.02631578947368421,0.4907940924167633,0.5755568146705627,-1.968564281804749,0.5545973181724548,0.6503792405128479,5.02852769513432,0.56188132019158,11,102,0.8382352941176471,0.5997554659843445,0.302510062139772,-0.302510062139772,0.302510062139772,0.07964601769911504,0.2982456140350877,0.17861945316001793,0.2573529411764706
xjtu_sy,ctl_hc10,40Hz10kN_Bearing3_5,43,13,1710,hc_RMS_x|hc_RMS_y|hc_Kurt_x|hc_Kurt_y|hc_CF_x|hc_CF_y|hc_SE_x|hc_SE_y|hc_ESE_x|hc_ESE_y,1.0,0.0,0.920027,0.02631578947368421,0.48887255787849426,0.5650590062141418,-1.8612617002173,0.5524259805679321,0.6385167241096497,4.988555696981267,0.553853988386037,10,103,0.8529411764705882,0.572612464427948,0.4414232592271837,-0.4414232592271837,0.4414232592271837,0.02654867256637168,0.41228070175438597,0.17207207207207206,0.2107843137254902
xjtu_sy,ctl_random,40Hz10kN_Bearing3_5,43,13,1710,VTOI_rand,1.0,0.0,0.920027,0.02631578947368421,0.4474703371524811,0.5252077579498291,-1.4719075970428879,0.505641520023346,0.5934847593307495,4.60687725749807,0.5249525476573852,8,105,0.8823529411764706,0.5483317375183105,0.6001764101109002,-0.6001764101109002,0.6001764101109002,0.07964601769911504,0.5350877192982456,0.1742857142857143,0.22426470588235295
xjtu_sy,ctl_shuffled,40Hz10kN_Bearing3_5,43,13,1710,VTOI_shuf,1.0,0.0,0.920027,0.02631578947368421,0.5238926410675049,0.6124843955039978,-2.3617089270575113,0.591998815536499,0.6921074390411377,5.374060504225165,0.5985451353746548,10,103,0.8529411764705882,0.611741840839386,0.005308811290373438,-0.005308811290373438,0.005308811290373438,0.008849557522123894,0.20175438596491227,0.09055118110236221,0.25
xjtu_sy,ctl_elapsed,40Hz10kN_Bearing3_5,43,13,1710,elapsed_norm,1.0,0.0,0.920027,0.02631578947368421,0.44833993911743164,0.5322155952453613,-1.5383126711063344,0.5066241025924683,0.601403534412384,4.602522647270721,0.5198672900727966,10,103,0.8235294117647058,0.5755947828292847,0.35338582116717077,-0.35338582116717077,0.35338582116717077,0.02654867256637168,0.5175438596491229,0.17052023121387283,0.21691176470588236
xjtu_sy,ctl_lifefrac,40Hz10kN_Bearing3_5,43,13,1710,Deg_oracle,1.0,0.0,0.920027,0.02631578947368421,0.5031668543815613,0.5927689671516418,-2.148769894674377,0.5685785412788391,0.6698289513587952,5.161764629130114,0.576497059315443,9,104,0.8676470588235294,0.6401497721672058,0.18752213140439847,-0.18752213140439847,0.18752213140439847,0.061946902654867256,0.14912280701754385,0.06910569105691057,0.25
xjtu_sy,ctl_nodeg,40Hz10kN_Bearing3_5,43,13,1710,VTOI_mono,1.0,0.0,0.920027,0.02631578947368421,0.4858276844024658,0.573189377784729,-1.9441925231847557,0.5489853024482727,0.6477039456367493,4.983619521684496,0.55832440974681,10,103,0.8529411764705882,0.6294376850128174,0.5427096801602517,-0.5427096801602517,0.5427096801602517,0.02654867256637168,0.5087719298245614,0.1686046511627907,0.21323529411764705
