dataset,config,holdout,seed,n_train_bearings,n_test_windows,hi_cols,vtoi_a,vtoi_b,vtoi_fitness,vtoi_sat_frac_test,rul_mae,rul_rmse,rul_r2,rul_mae_hours,rul_rmse_hours,rul_phm_score,rul_asym_score,first_warning,lead_time,false_alarm_rate,mtoi_rmse,mtoi_spearman,mtoi_spearman_signed,mtoi_spearman_vs_deg,mtoi_monotonicity,stage_acc,stage_macro_f1,stage_bal_acc
pronostia,vtoi_static,Full_Test_Set_Bearing1_3,42,15,2375,E_norm|C_norm|VTOI,0.86,0.14,0.691424,0.2164210526315789,0.1997597068548202,0.2261051386594772,0.5355606964618584,0.7903825640678406,0.8946226239204407,154.1917645949062,0.8600249190340309,1610,764,0.0,0.2870905995368957,0.8091897269694621,-0.8091897269694621,0.8091897269694621,0.0033698399326032,0.0698947368421052,0.0401673680510571,0.0859649122807017
pronostia,vtoi_traj,Full_Test_Set_Bearing1_3,42,15,2375,E_norm|C_norm|VTOI|VTOI_vel|VTOI_acc,0.86,0.14,0.691424,0.2164210526315789,0.1695567369461059,0.1923059523105621,0.6640353585084302,0.6708794832229614,0.760890543460846,137.4943588093534,0.8527420202566213,1692,682,0.0,0.3031090795993805,0.6367580831580266,-0.6367580831580266,0.6367580831580266,0.008424599831508,0.6501052631578947,0.3138557342375037,0.4998368566823535
pronostia,transformer_vib,Full_Test_Set_Bearing1_3,42,15,2375,,0.86,0.14,0.691424,0.2164210526315789,0.2367579638957977,0.2611950933933258,0.3802191679327584,0.9367722868919371,1.0334619283676147,198.25123464482903,1.2502171609787958,-1,0,0.0,0.6347389817237854,0.3492052139135522,0.3492052139135522,-0.3492052139135522,0.0278011794439764,0.1498947368421052,0.0651775906261442,0.25
pronostia,tcn_vib,Full_Test_Set_Bearing1_3,42,15,2375,,0.86,0.14,0.691424,0.2164210526315789,0.2256901264190673,0.2575657963752746,0.3973231934998205,0.8929804563522339,1.0191019773483276,192.15879591752977,1.2398626400880632,2039,335,0.0,0.3988173007965088,0.6829356388402541,0.6829356388402541,-0.6829356388402541,0.004212299915754,0.1250526315789473,0.1216188140239503,0.162649319929036
pronostia,tcn_transformer_vib,Full_Test_Set_Bearing1_3,42,15,2375,,0.86,0.14,0.691424,0.2164210526315789,0.2928372621536255,0.3324897587299347,-0.0043027103860138,1.15865957736969,1.3155511617660522,263.39510183005626,1.7598768238278204,-1,0,0.0,0.3569537699222564,0.6470310174598496,-0.6470310174598496,0.6470310174598496,0.006318449873631,0.6,0.1875,0.25
pronostia,cnn_bilstm_attn_vib,Full_Test_Set_Bearing1_3,42,15,2375,,0.86,0.14,0.691424,0.2164210526315789,0.3886471092700958,0.4531347155570984,-0.8653602923871244,1.537747144699097,1.792902946472168,318.5952024228308,1.7549223118214623,499,1875,0.3726315789473684,0.3487756252288818,0.6170737457102776,-0.6170737457102776,0.6170737457102776,0.0101095197978096,0.1267368421052631,0.0667998224589436,0.1584210526315789
pronostia,abl_no_idxhead,Full_Test_Set_Bearing1_3,42,15,2375,,0.86,0.14,0.691424,0.2164210526315789,0.1902481466531753,0.2188956886529922,0.5647061659907677,0.7527484893798828,0.8660972714424133,162.25326941105925,1.0684282884356615,1795,579,0.0,0.3189866244792938,0.8731051146514542,-0.8731051146514542,0.8731051146514542,0.0143218197135636,0.1330526315789473,0.0688870160130881,0.2196230041395624
pronostia,abl_cond_noaux,Full_Test_Set_Bearing1_3,42,15,2375,E_norm|C_norm|VTOI,0.86,0.14,0.691424,0.2164210526315789,0.1901841610670089,0.2138096988201141,0.584699040564009,0.752495288848877,0.8459737300872803,154.70510080074482,0.954461232111054,1644,730,0.0,0.3749281167984009,0.7592845934120632,0.7592845934120632,-0.7592845934120632,0.0088458298230834,0.0505263157894736,0.0249172472839918,0.2505263157894737
pronostia,abl_E_only,Full_Test_Set_Bearing1_3,42,15,2375,E_norm,0.86,0.14,0.691424,0.2164210526315789,0.2428852766752243,0.2714439928531647,0.3306262900817207,0.9610161185264589,1.0740134716033936,207.13166739042512,1.3354678876911732,2068,306,0.0,0.3636678159236908,0.6847059709805396,-0.6847059709805396,0.6847059709805396,0.0029486099410278,0.1301052631578947,0.1247649584643017,0.1763542282672974
pronostia,abl_no_smooth,Full_Test_Set_Bearing1_3,42,15,2375,E_norm|C_norm|VTOI,0.86,0.14,0.691424,0.2164210526315789,0.1946864277124405,0.2207691818475723,0.5572230387348802,0.770309329032898,0.8735101222991943,159.79714703434155,0.9949426637458566,1702,672,0.0,0.3204286694526672,0.5263074669099703,-0.5263074669099703,0.5263074669099703,0.0151642796967144,0.656,0.287341410843643,0.3214035087719298
pronostia,abl_no_mono,Full_Test_Set_Bearing1_3,42,15,2375,E_norm|C_norm|VTOI,0.86,0.14,0.691424,0.2164210526315789,0.1842949986457824,0.2082001268863678,0.6062050612135761,0.7291938662528992,0.8237785696983337,155.8732807191871,1.023342949871366,1927,447,0.0,0.3299611508846283,0.8326128417421429,-0.8326128417421429,0.8326128417421429,0.0176916596461668,0.1233684210526315,0.101270836584587,0.2090391171252652
pronostia,vtoi_static,Full_Test_Set_Bearing1_4,42,15,1428,E_norm|C_norm|VTOI,0.87,0.13,0.700434,0.1953781512605042,0.2206554263830185,0.2427448332309723,0.4649312213611449,0.5247921347618103,0.5773281455039978,65.79316211782105,0.7174207659148681,1093,334,0.0,0.3343139290809631,0.5477886530337868,-0.5477886530337868,0.5477886530337868,0.0329362298528381,0.1645658263305322,0.0845323741007194,0.2061403508771929
pronostia,vtoi_traj,Full_Test_Set_Bearing1_4,42,15,1428,E_norm|C_norm|VTOI|VTOI_vel|VTOI_acc,0.87,0.13,0.700434,0.1953781512605042,0.2209192663431167,0.2517618536949157,0.4244414096861383,0.5254197120666504,0.5987736582756042,61.21628188647559,0.5828030599210756,1087,340,0.0,0.1463056206703186,0.5822648841819293,-0.5822648841819293,0.5822648841819293,0.0091100210231254,0.0427170868347338,0.0459057133626581,0.056128053779308
pronostia,transformer_vib,Full_Test_Set_Bearing1_4,42,15,1428,,0.87,0.13,0.700434,0.1953781512605042,0.1973446160554886,0.2224942147731781,0.5504820234353267,0.4693512916564941,0.5291653871536255,56.72336035396585,0.5846656506622852,1088,339,0.0,0.351039320230484,0.6148810151279125,0.6148810151279125,-0.6148810151279125,0.0175192711983181,0.5945378151260504,0.2538914198209168,0.2827949395074617
pronostia,tcn_vib,Full_Test_Set_Bearing1_4,42,15,1428,,0.87,0.13,0.700434,0.1953781512605042,0.2049638926982879,0.2251464128494262,0.5397013518070857,0.4874725043773651,0.5354732275009155,56.90111357655715,0.5493111932426732,1089,338,0.0,0.4919858872890472,0.7063030002798449,0.7063030002798449,-0.7063030002798449,0.0077084793272599,0.0504201680672268,0.0588235294117647,0.25
pronostia,tcn_transformer_vib,Full_Test_Set_Bearing1_4,42,15,1428,,0.87,0.13,0.700434,0.1953781512605042,0.3024939596652984,0.3348337709903717,-0.0180477307625794,0.719431459903717,0.7963463068008423,92.86177230960884,1.0261313153068203,-1,0,0.0,0.3884555995464325,0.1488026965786755,0.1488026965786755,-0.1488026965786755,0.0329362298528381,0.6001400560224089,0.187527352297593,0.25
pronostia,cnn_bilstm_attn_vib,Full_Test_Set_Bearing1_4,42,15,1428,,0.87,0.13,0.700434,0.1953781512605042,0.1892024874687194,0.2146692425012588,0.581544506663791,0.4499865472316742,0.5105549693107605,51.67286376074496,0.483176968969582,1088,339,0.0,0.3385295271873474,0.8839719587697211,0.8839719587697211,-0.8839719587697211,0.0140154169586545,0.0,0.0,0.0
pronostia,abl_no_idxhead,Full_Test_Set_Bearing1_4,42,15,1428,,0.87,0.13,0.700434,0.1953781512605042,0.2100287973880767,0.2373522818088531,0.4884401556529721,0.499518483877182,0.5645028352737427,59.08870439167518,0.5826244441941067,1087,340,0.0,0.1944876164197921,0.5118125222042973,-0.5118125222042973,0.5118125222042973,0.004905395935529,0.1330532212885154,0.1878444180451915,0.222520426845931
pronostia,abl_cond_noaux,Full_Test_Set_Bearing1_4,42,15,1428,E_norm|C_norm|VTOI,0.87,0.13,0.700434,0.1953781512605042,0.2202014625072479,0.2526399195194244,0.4204197171497839,0.5237123966217041,0.6008619666099548,63.26541883026712,0.6453495422777321,1094,333,0.0,0.338222473859787,0.5117904495007509,-0.5117904495007509,0.5117904495007509,0.0147161878065872,0.1372549019607843,0.062083845794987,0.2286809313002131
pronostia,abl_E_only,Full_Test_Set_Bearing1_4,42,15,1428,E_norm,0.87,0.13,0.700434,0.1953781512605042,0.2133009880781173,0.2388388961553573,0.4820118993718787,0.507300853729248,0.5680385231971741,62.32291520527056,0.6577326079780961,1090,337,0.0,0.2536226809024811,0.5757151991085747,-0.5757151991085747,0.5757151991085747,0.0189208128941836,0.1505602240896358,0.1940159325210871,0.2580802180685358
pronostia,abl_no_smooth,Full_Test_Set_Bearing1_4,42,15,1428,E_norm|C_norm|VTOI,0.87,0.13,0.700434,0.1953781512605042,0.1883135437965393,0.2122942060232162,0.5907526002876898,0.4478724002838135,0.504906415939331,53.97702137227032,0.5549765885990187,1087,340,0.0,0.2006002515554428,0.5278310719159146,-0.5278310719159146,0.5278310719159146,0.0189208128941836,0.196078431372549,0.0865539452495974,0.2459050664043285
pronostia,abl_no_mono,Full_Test_Set_Bearing1_4,42,15,1428,E_norm|C_norm|VTOI,0.87,0.13,0.700434,0.1953781512605042,0.222174659371376,0.2527849972248077,0.4197538676294022,0.5284053683280945,0.6012070178985596,63.67085460387709,0.6469353492298693,1087,340,0.0,0.2356734126806259,0.5611101978558796,-0.5611101978558796,0.5611101978558796,0.004905395935529,0.1407563025210084,0.1199292124759147,0.2693730529595015
pronostia,vtoi_static,Full_Test_Set_Bearing1_5,42,15,2463,E_norm|C_norm|VTOI,0.88,0.12,0.710895,0.0012180267965895,0.2873527705669403,0.3240746557712555,0.0458670759394326,1.179104208946228,1.3297863006591797,276.38416608081394,1.7673848103499323,2444,18,0.0,0.0734064951539039,0.0550143222970398,0.0550143222970398,-0.0550143222970398,0.0194963444354183,0.0365408038976857,0.017626321974148,0.1814516129032258
pronostia,vtoi_traj,Full_Test_Set_Bearing1_5,42,15,2463,E_norm|C_norm|VTOI|VTOI_vel|VTOI_acc,0.88,0.12,0.710895,0.0012180267965895,0.2845740616321563,0.3242074847221374,0.0450847474622362,1.167702317237854,1.330331325531006,277.4021451032114,1.8003139210608912,2449,13,0.0,0.060574322938919,0.0332316763913429,0.0332316763913429,-0.0332316763913429,0.0032493907392363,0.1595615103532277,0.1177791243740695,0.2775619406036916
pronostia,transformer_vib,Full_Test_Set_Bearing1_5,42,15,2463,,0.88,0.12,0.710895,0.0012180267965895,0.2892463803291321,0.3263469636440277,0.0324399373157933,1.186874270439148,1.3391103744506836,279.1900416252927,1.7911097284966426,2448,14,0.0,0.353623479604721,0.0585449134202234,0.0585449134202234,-0.0585449134202234,0.0073111291632818,0.6012992285830289,0.2003795359976532,0.2560483870967742
pronostia,tcn_vib,Full_Test_Set_Bearing1_5,42,15,2463,,0.88,0.12,0.710895,0.0012180267965895,0.2796419560909271,0.3236755132675171,0.0482158285962549,1.147464156150818,1.328148603439331,274.4486148038404,1.7897333012070618,-1,0,0.0,0.3508189022541046,0.5237976222815077,-0.5237976222815077,0.5237976222815077,0.0020308692120227,0.1498172959805115,0.0651483050847457,0.25
pronostia,tcn_transformer_vib,Full_Test_Set_Bearing1_5,42,15,2463,,0.88,0.12,0.710895,0.0012180267965895,0.2997673153877258,0.3335727155208587,-0.0108804579183636,1.2300453186035156,1.3687599897384644,284.5238209707477,1.7854140869960404,-1,0,0.0,0.3800374567508697,0.6928094736947749,-0.6928094736947749,0.6928094736947749,0.0004061738424045,0.1498172959805115,0.0654023395958879,0.25
pronostia,cnn_bilstm_attn_vib,Full_Test_Set_Bearing1_5,42,15,2463,,0.88,0.12,0.710895,0.0012180267965895,0.3123311996459961,0.3569889068603515,-0.1577859044688205,1.281599044799805,1.4648445844650269,272.37079433900175,1.4804014326477823,906,1556,0.1096817874069058,0.4139418303966522,0.6715378613791781,0.6715378613791781,-0.6715378613791781,0.0219333874898456,0.150223304912708,0.1050059672818303,0.2464430894308943
pronostia,abl_no_idxhead,Full_Test_Set_Bearing1_5,42,15,2463,,0.88,0.12,0.710895,0.0012180267965895,0.2845463752746582,0.3295945823192596,0.0130869942395615,1.167588472366333,1.3524364233016968,280.79374064692735,1.838373788292707,2448,14,0.0,0.0785470902919769,0.312836460882258,0.312836460882258,-0.312836460882258,0.0081234768480909,0.608607389362566,0.2638314907661863,0.2941856912130604
pronostia,abl_cond_noaux,Full_Test_Set_Bearing1_5,42,15,2463,E_norm|C_norm|VTOI,0.88,0.12,0.710895,0.0012180267965895,0.283523827791214,0.3220858573913574,0.0575417781320324,1.1633927822113037,1.3216257095336914,275.4803194910015,1.7837555148889104,2444,18,0.0,0.2538796067237854,0.0483972890836997,0.0483972890836997,-0.0483972890836997,0.0040617384240454,0.0336987413723101,0.0163257277734067,0.1673387096774193
pronostia,abl_E_only,Full_Test_Set_Bearing1_5,42,15,2463,E_norm,0.88,0.12,0.710895,0.0012180267965895,0.2864381670951843,0.3253538906574249,0.0383195963403393,1.17535138130188,1.3350354433059692,278.1767707157888,1.7967694767238818,2446,16,0.0,0.0548122376203537,0.0770308683874357,-0.0770308683874357,0.0770308683874357,0.0146222583265637,0.2155907429963459,0.2013316097265764,0.3286290322580645
pronostia,abl_no_smooth,Full_Test_Set_Bearing1_5,42,15,2463,E_norm|C_norm|VTOI,0.88,0.12,0.710895,0.0012180267965895,0.28664430975914,0.3264699876308441,0.0317104105832224,1.1761972904205322,1.3396151065826416,278.60942311187904,1.7991127187945402,2444,18,0.0,0.0789566859602928,0.1413241590312055,0.1413241590312055,-0.1413241590312055,0.0032493907392363,0.1498172959805115,0.0654952076677316,0.25
pronostia,abl_no_mono,Full_Test_Set_Bearing1_5,42,15,2463,E_norm|C_norm|VTOI,0.88,0.12,0.710895,0.0012180267965895,0.2854722142219543,0.3250862061977386,0.0399012880145689,1.1713876724243164,1.333937168121338,277.95154790740867,1.8003942075736028,2446,16,0.0,0.0505167655646801,0.1331761384401828,-0.1331761384401828,0.1331761384401828,0.0089358245329,0.6004872107186358,0.1924723284876307,0.252016129032258
pronostia,vtoi_static,Full_Test_Set_Bearing1_6,42,15,2448,E_norm|C_norm|VTOI,0.88,0.12,0.707944,0.0,0.2837854921817779,0.3230258822441101,0.0520364356802913,1.157371997833252,1.317407250404358,271.3186609559007,1.7586209126042425,2423,24,0.0,0.1272916346788406,0.1004123380301846,0.1004123380301846,-0.1004123380301846,0.0175725378013894,0.2071078431372549,0.1609214097178333,0.2941917302608609
pronostia,vtoi_traj,Full_Test_Set_Bearing1_6,42,15,2448,E_norm|C_norm|VTOI|VTOI_vel|VTOI_acc,0.88,0.12,0.707944,0.0,0.2750540375709533,0.3248888850212097,0.0410704827991187,1.1217621564865112,1.3250051736831665,269.547306729129,1.7864134191694057,1648,799,0.0,0.1075557246804237,0.0858347649407631,0.0858347649407631,-0.0858347649407631,0.0053126277073968,0.1956699346405228,0.0859761295822676,0.245397379961329
pronostia,transformer_vib,Full_Test_Set_Bearing1_6,42,15,2448,,0.88,0.12,0.707944,0.0,0.2927516996860504,0.334343284368515,-0.0155520494680132,1.1939390897750854,1.3635632991790771,281.0703017719739,1.8213997107492592,2423,24,0.0,0.3962950110435486,0.0274836793455461,-0.0274836793455461,0.0274836793455461,0.0053126277073968,0.2250816993464052,0.1109265462994644,0.2510016134398565
pronostia,tcn_vib,Full_Test_Set_Bearing1_6,42,15,2448,,0.88,0.12,0.707944,0.0,0.3015655875205993,0.3339951932430267,-0.0134386020838555,1.2298849821090698,1.3621437549591064,280.7980514438924,1.7605498264312784,-1,0,0.0,0.3897599279880523,0.1435460603791542,0.1435460603791542,-0.1435460603791542,0.0183898651409889,0.1997549019607843,0.0832482124616956,0.25
pronostia,tcn_transformer_vib,Full_Test_Set_Bearing1_6,42,15,2448,,0.88,0.12,0.707944,0.0,0.3014196157455444,0.3341537415981293,-0.0144011202701914,1.2292895317077637,1.3627904653549194,280.92190091861767,1.762744923012089,-1,0,0.0,0.3884062767028808,0.1816729265997913,-0.1816729265997913,0.1816729265997913,0.0053126277073968,0.1997549019607843,0.0832482124616956,0.25
pronostia,cnn_bilstm_attn_vib,Full_Test_Set_Bearing1_6,42,15,2448,,0.88,0.12,0.707944,0.0,0.3441510796546936,0.3800408840179443,-0.3121324858943077,1.4035630226135254,1.5499335527420044,304.0359873326283,1.7376972853437789,-1,0,0.0,0.3157040774822235,0.0392176532302136,0.0392176532302136,-0.0392176532302136,0.006538618716796,0.0420751633986928,0.0201960784313725,0.2093495934959349
pronostia,abl_no_idxhead,Full_Test_Set_Bearing1_6,42,15,2448,,0.88,0.12,0.707944,0.0,0.2883054316043854,0.3319593071937561,-0.0011212645199647,1.175805687904358,1.353840708732605,279.17981744359656,1.8268932902424984,2420,27,0.0,0.1152868196368217,0.2682691106320895,0.2682691106320895,-0.2682691106320895,0.0028606456885982,0.1838235294117647,0.086820505167332,0.2346251683375729
pronostia,abl_cond_noaux,Full_Test_Set_Bearing1_6,42,15,2448,E_norm|C_norm|VTOI,0.88,0.12,0.707944,0.0,0.2910660207271576,0.3324375748634338,-0.0040082176287004,1.187064290046692,1.3557913303375244,279.436581455638,1.8120626487940008,2419,28,0.0,0.3743458688259125,0.0122686618056287,-0.0122686618056287,0.0122686618056287,0.0118512464241928,0.1981209150326797,0.0844544485228896,0.2465907556439072
pronostia,abl_E_only,Full_Test_Set_Bearing1_6,42,15,2448,E_norm,0.88,0.12,0.707944,0.0,0.2976648211479187,0.334379106760025,-0.01576970026116,1.213976263999939,1.3637094497680664,280.98115930670104,1.7887284798249738,2420,27,0.0,0.129944235086441,0.3229102187966134,0.3229102187966134,-0.3229102187966134,0.0183898651409889,0.5980392156862745,0.2775230835388156,0.309800036732345
pronostia,abl_no_smooth,Full_Test_Set_Bearing1_6,42,15,2448,E_norm|C_norm|VTOI,0.88,0.12,0.707944,0.0,0.27798593044281,0.329694002866745,0.0124955422818151,1.1337192058563232,1.3446019887924194,273.60587107518364,1.817167141717696,1637,810,0.0,0.1198372393846511,0.0456738128169278,0.0456738128169278,-0.0456738128169278,0.0004086636697997,0.0404411764705882,0.0203526979654464,0.1919078295616176
pronostia,abl_no_mono,Full_Test_Set_Bearing1_6,42,15,2448,E_norm|C_norm|VTOI,0.88,0.12,0.707944,0.0,0.2778411507606506,0.3272623419761657,0.0270084112545665,1.1331288814544678,1.33468496799469,271.9994490400619,1.7994157739793593,1646,801,0.0,0.114062413573265,0.0972377998191886,0.0972377998191886,-0.0972377998191886,0.0004086636697997,0.2152777777777778,0.1831064349436219,0.3044926163031274
pronostia,vtoi_static,Full_Test_Set_Bearing1_7,42,15,2259,E_norm|C_norm|VTOI,0.88,0.12,0.721486,0.0004426737494466,0.2915444672107696,0.3216467499732971,0.0601662716309544,1.097178936004639,1.2104638814926147,228.9079937009357,1.565717508075796,2215,43,0.0,0.0951464250683784,0.1549197235773406,-0.1549197235773406,0.1549197235773406,0.007971656333038,0.6100044267374944,0.273224933248153,0.3008849557522124
pronostia,vtoi_traj,Full_Test_Set_Bearing1_7,42,15,2259,E_norm|C_norm|VTOI|VTOI_vel|VTOI_acc,0.88,0.12,0.721486,0.0004426737494466,0.299244225025177,0.3312016427516937,0.00349906823298,1.1261558532714844,1.2464221715927124,235.71822550955443,1.6105939576081971,-1,0,0.0,0.1043210253119468,0.0569892761304377,0.0569892761304377,-0.0569892761304377,0.0031000885739592,0.0301018149623727,0.0146110872367855,0.1504424778761062
pronostia,transformer_vib,Full_Test_Set_Bearing1_7,42,15,2259,,0.88,0.12,0.721486,0.0004426737494466,0.2979761064052582,0.3324851095676422,-0.0042390289963669,1.1213834285736084,1.251252293586731,237.21002603357329,1.6395725696628,-1,0,0.0,0.3804093897342682,0.1110294002935968,-0.1110294002935968,0.1110294002935968,0.0075287865367581,0.0500221336874723,0.0238195615514333,0.25
pronostia,tcn_vib,Full_Test_Set_Bearing1_7,42,15,2259,,0.88,0.12,0.721486,0.0004426737494466,0.287602037191391,0.3368927240371704,-0.0310410537378194,1.082342267036438,1.2678395509719849,239.4041016525973,1.7309490848448492,-1,0,0.0,0.8041655421257019,0.1818015430649145,0.1818015430649145,-0.1818015430649145,0.0053144375553587,0.150066401062417,0.0652676164805544,0.25
pronostia,tcn_transformer_vib,Full_Test_Set_Bearing1_7,42,15,2259,,0.88,0.12,0.721486,0.0004426737494466,0.3006250858306885,0.3337212800979614,-0.01172048937883,1.1313525438308716,1.2559044361114502,237.70755039403332,1.6294490321483273,-1,0,0.0,0.1541900634765625,0.3132185492024467,-0.3132185492024467,0.3132185492024467,0.0070859167404783,0.0500221336874723,0.0238195615514333,0.25
pronostia,cnn_bilstm_attn_vib,Full_Test_Set_Bearing1_7,42,15,2259,,0.88,0.12,0.721486,0.0004426737494466,0.3405515849590301,0.3753824830055237,-0.2800905900177517,1.281609058380127,1.4126893281936646,255.40773170065356,1.6006275727660957,-1,0,0.0,0.3233582973480224,0.2189898617543318,-0.2189898617543318,0.2189898617543318,0.0022143489813994,0.150066401062417,0.0652424942263279,0.25
pronostia,abl_no_idxhead,Full_Test_Set_Bearing1_7,42,15,2259,,0.88,0.12,0.721486,0.0004426737494466,0.2875871658325195,0.3272830843925476,0.0269395245734901,1.082286357879639,1.231675386428833,233.48630282186653,1.6528862676609617,2255,3,0.0,0.138297826051712,0.053723177642534,-0.053723177642534,0.053723177642534,0.0026572187776793,0.2000885347498893,0.0837037037037037,0.25
pronostia,abl_cond_noaux,Full_Test_Set_Bearing1_7,42,15,2259,E_norm|C_norm|VTOI,0.88,0.12,0.721486,0.0004426737494466,0.2963207066059112,0.3297016024589538,0.0125051944768019,1.115153670310974,1.2407770156860352,235.046479126089,1.6198850094766206,-1,0,0.0,0.3489882946014404,0.082175649278764,-0.082175649278764,0.082175649278764,0.0093002657218777,0.0495794599380256,0.0236386661038412,0.247787610619469
pronostia,abl_E_only,Full_Test_Set_Bearing1_7,42,15,2259,E_norm,0.88,0.12,0.721486,0.0004426737494466,0.2810580134391784,0.3225399553775787,0.0549391669056831,1.0577150583267212,1.2138253450393677,230.18370120126127,1.6491693447042222,2251,7,0.0,0.1470735222101211,0.2498208979367567,-0.2498208979367567,0.2498208979367567,0.024800708591674,0.0398406374501992,0.0191570881226053,0.1991150442477876
pronostia,abl_no_smooth,Full_Test_Set_Bearing1_7,42,15,2259,E_norm|C_norm|VTOI,0.88,0.12,0.721486,0.0004426737494466,0.2781639099121094,0.3226252794265747,0.0544390781046442,1.046823501586914,1.2141464948654177,229.51794816118507,1.6564967028168782,2224,34,0.0,0.1420737951993942,0.2327072040214621,-0.2327072040214621,0.2327072040214621,0.0119574844995571,0.601593625498008,0.2058652625662934,0.2588495575221239
pronostia,abl_no_mono,Full_Test_Set_Bearing1_7,42,15,2259,E_norm|C_norm|VTOI,0.88,0.12,0.721486,0.0004426737494466,0.2778949439525604,0.3209208846092224,0.0644033530695512,1.0458112955093384,1.2077322006225586,228.4604656825272,1.6440730452533,2230,28,0.0,0.1181328222155571,0.2154385042715604,-0.2154385042715604,0.2154385042715604,0.0004428697962798,0.150066401062417,0.0653179190751445,0.25
pronostia,vtoi_static,Full_Test_Set_Bearing2_3,42,15,1955,E_norm|C_norm|VTOI,0.87,0.13,0.740734,0.0,0.2960787117481231,0.3335084915161133,-0.0103168037450454,0.9642296433448792,1.0861259698867798,175.9959778452976,1.428183997589428,1946,8,0.0,0.1062698662281036,0.1644590492644419,0.1644590492644419,-0.1644590492644419,0.0081883316274309,0.0465473145780051,0.0274060405828312,0.2225846860483323
pronostia,vtoi_traj,Full_Test_Set_Bearing2_3,42,15,1955,E_norm|C_norm|VTOI|VTOI_vel|VTOI_acc,0.87,0.13,0.740734,0.0,0.2997088432312011,0.33899986743927,-0.0438615199131495,0.9760518670082092,1.1040096282958984,178.22844377130224,1.443632019417184,278,1676,0.0059676044330775,0.1006961911916732,0.2528878101374568,0.2528878101374568,-0.2528878101374568,0.007164790174002,0.591304347826087,0.1860315416800772,0.2463768115942029
pronostia,transformer_vib,Full_Test_Set_Bearing2_3,42,15,1955,,0.87,0.13,0.740734,0.0,0.2951188087463379,0.3377268612384796,-0.0360364650447944,0.9611037373542786,1.099863886833191,177.59018744421002,1.4589307573723995,270,1684,0.0025575447570332,0.2684115469455719,0.0577761279287378,0.0577761279287378,-0.0577761279287378,0.0153531218014329,0.0557544757033248,0.0323066012346301,0.2321559058405971
pronostia,tcn_vib,Full_Test_Set_Bearing2_3,42,15,1955,,0.87,0.13,0.740734,0.0,0.2954152822494507,0.3250695466995239,0.0401653322420393,0.9620691537857056,1.0586432218551636,168.4578389789541,1.3001309563220025,1946,8,0.0,0.331129789352417,0.6356487875147688,0.6356487875147688,-0.6356487875147688,0.0040941658137154,0.6,0.1875,0.25
pronostia,tcn_transformer_vib,Full_Test_Set_Bearing2_3,42,15,1955,,0.87,0.13,0.740734,0.0,0.2917333245277405,0.3316896259784698,0.0006729262409055,0.9500781893730164,1.0802026987075806,175.6923836757403,1.4482811072877015,-1,0,0.0,0.4715073406696319,0.1002295191028428,-0.1002295191028428,0.1002295191028428,0.0092118730808597,0.6,0.1875,0.25
pronostia,cnn_bilstm_attn_vib,Full_Test_Set_Bearing2_3,42,15,1955,,0.87,0.13,0.740734,0.0,0.358733057975769,0.3996279835700989,-0.4506266646307311,1.1682740449905396,1.3014553785324097,196.55097030362123,1.3834804914160477,-1,0,0.0,0.3914857506752014,0.4534018115197429,0.4534018115197429,-0.4534018115197429,0.0081883316274309,0.5355498721227622,0.2318753274369983,0.2522856968874506
pronostia,abl_no_idxhead,Full_Test_Set_Bearing2_3,42,15,1955,,0.87,0.13,0.740734,0.0,0.3043430149555206,0.3426361083984375,-0.0663753062045255,0.9911438822746276,1.115851640701294,179.6104316561018,1.4398524543182338,265,1689,0.0102301790281329,0.0812367349863052,0.1514250455357912,0.1514250455357912,-0.1514250455357912,0.0133060388945752,0.579539641943734,0.1913813013229927,0.2461506341667101
pronostia,abl_cond_noaux,Full_Test_Set_Bearing2_3,42,15,1955,E_norm|C_norm|VTOI,0.87,0.13,0.740734,0.0,0.2943451106548309,0.3340745568275451,-0.0137494314163344,0.9585839509963988,1.0879695415496826,176.45169728296196,1.4456069996873455,1946,8,0.0,0.2942036688327789,0.2128515427762541,0.2128515427762541,-0.2128515427762541,0.0081883316274309,0.1529411764705882,0.0696767932701028,0.2517050298380222
pronostia,abl_E_only,Full_Test_Set_Bearing2_3,42,15,1955,E_norm,0.87,0.13,0.740734,0.0,0.2965987026691437,0.3378913998603821,-0.0370461064465741,0.9659231901168824,1.1003997325897217,177.4852643495941,1.4487698205113124,266,1688,0.0085251491901108,0.0821824744343757,0.0605735960645329,0.0605735960645329,-0.0605735960645329,0.0133060388945752,0.0455242966751918,0.0220734126984127,0.2270408163265306
pronostia,abl_no_smooth,Full_Test_Set_Bearing2_3,42,15,1955,E_norm|C_norm|VTOI,0.87,0.13,0.740734,0.0,0.2975236773490906,0.3407521247863769,-0.0546805940112939,0.9689354300498962,1.1097161769866943,178.43366312873326,1.4581842044099231,265,1689,0.0102301790281329,0.0762562081217765,0.0797169378387895,-0.0797169378387895,0.0797169378387895,0.0112589559877175,0.1514066496163683,0.0722493684836781,0.2517043024362141
pronostia,abl_no_mono,Full_Test_Set_Bearing2_3,42,15,1955,E_norm|C_norm|VTOI,0.87,0.13,0.740734,0.0,0.2976959943771362,0.3356233835220337,-0.0231710923120245,0.9694966673851012,1.0930135250091553,176.6905728285267,1.4296158305188291,1946,8,0.0,0.0780190080404281,0.2491590481899087,0.2491590481899087,-0.2491590481899087,0.0061412487205731,0.2097186700767263,0.1112798112313886,0.2612697252814169
pronostia,vtoi_static,Full_Test_Set_Bearing2_4,42,15,751,E_norm|C_norm|VTOI,0.88,0.12,0.752921,0.0,0.2991416454315185,0.3326772153377533,-0.0039371134629548,0.3739270567893982,0.4158464968204498,25.07451194750208,0.5432458409671231,-1,0,0.0,0.1166003569960594,0.118109530942113,0.118109530942113,-0.118109530942113,0.0186666666666666,0.0692410119840213,0.0414824038093153,0.2276608187134503
pronostia,vtoi_traj,Full_Test_Set_Bearing2_4,42,15,751,E_norm|C_norm|VTOI|VTOI_vel|VTOI_acc,0.88,0.12,0.752921,0.0,0.2921787798404693,0.3294569849967956,0.0154044561400592,0.3652234971523285,0.4118212461471557,24.860920708596986,0.5504737260711743,-1,0,0.0,0.0962802246212959,0.0722802545539616,0.0722802545539616,-0.0722802545539616,0.0293333333333333,0.5992010652463382,0.1876563803169307,0.25
pronostia,transformer_vib,Full_Test_Set_Bearing2_4,42,15,751,,0.88,0.12,0.752921,0.0,0.2974180579185486,0.3312912583351135,0.0044102580008823,0.3717725276947021,0.4141141176223755,24.985155753571064,0.5431838631685749,-1,0,0.0,0.3598572611808777,0.1195098153518946,-0.1195098153518946,0.1195098153518946,0.008,0.0505992010652463,0.0240811153358681,0.25
pronostia,tcn_vib,Full_Test_Set_Bearing2_4,42,15,751,,0.88,0.12,0.752921,0.0,0.285896360874176,0.328952431678772,0.0184178066977673,0.3573704361915588,0.4111905694007873,24.617938085977254,0.5538212164954968,-1,0,0.0,0.4174859821796417,0.6763637513433419,-0.6763637513433419,0.6763637513433419,0.024,0.1504660452729693,0.0653935185185185,0.25
pronostia,tcn_transformer_vib,Full_Test_Set_Bearing2_4,42,15,751,,0.88,0.12,0.752921,0.0,0.3643064200878143,0.4005259275436401,-0.4551967107483621,0.4553830623626709,0.5006574392318726,29.65278286323723,0.6081657821638695,-1,0,0.0,0.513447105884552,0.7762936513185592,-0.7762936513185592,0.7762936513185592,0.0053333333333333,0.0412782956058588,0.0233124637200431,0.1995808104331625
pronostia,cnn_bilstm_attn_vib,Full_Test_Set_Bearing2_4,42,15,751,,0.88,0.12,0.752921,0.0,0.4294067025184631,0.4891718029975891,-1.1706170095448467,0.5367584228515625,0.61146479845047,32.6720600057632,0.5825680743576773,0,750,1.0,0.2898356318473816,0.1696799625846556,-0.1696799625846556,0.1696799625846556,0.0026666666666666,0.5992010652463382,0.1876563803169307,0.25
pronostia,abl_no_idxhead,Full_Test_Set_Bearing2_4,42,15,751,,0.88,0.12,0.752921,0.0,0.2966592609882355,0.3318045139312744,0.0013231451668768,0.3708240985870361,0.4147556722164154,25.00948665910142,0.5463644499523433,-1,0,0.0,0.1103777065873146,0.0817929124209405,0.0817929124209405,-0.0817929124209405,0.0,0.199733688415446,0.0832408435072142,0.25
pronostia,abl_cond_noaux,Full_Test_Set_Bearing2_4,42,15,751,E_norm|C_norm|VTOI,0.88,0.12,0.752921,0.0,0.2935553789138794,0.3288527429103851,0.0190128336892938,0.3669442236423492,0.4110659062862396,24.843796218343385,0.5460694768830647,-1,0,0.0,0.4261268973350525,0.0401684187745734,0.0401684187745734,-0.0401684187745734,0.0106666666666666,0.5992010652463382,0.1882845188284518,0.25
pronostia,abl_E_only,Full_Test_Set_Bearing2_4,42,15,751,E_norm,0.88,0.12,0.752921,0.0,0.288365364074707,0.3257109522819519,0.0376675010348122,0.3604567348957062,0.4071387052536011,24.578414950701323,0.5458677884956422,745,5,0.0,0.102341778576374,0.0350441466139324,0.0350441466139324,-0.0350441466139324,0.0053333333333333,0.0399467376830892,0.0192061459667093,0.1973684210526315
pronostia,abl_no_smooth,Full_Test_Set_Bearing2_4,42,15,751,E_norm|C_norm|VTOI,0.88,0.12,0.752921,0.0,0.2903469502925873,0.329058289527893,0.0177861855544495,0.3629336953163147,0.4113228619098663,24.81930970792688,0.5530985014472212,-1,0,0.0,0.1167167201638221,0.1799565428986436,0.1799565428986436,-0.1799565428986436,0.024,0.1544607190412782,0.1022067363530778,0.2697368421052631
pronostia,abl_no_mono,Full_Test_Set_Bearing2_4,42,15,751,E_norm|C_norm|VTOI,0.88,0.12,0.752921,0.0,0.2860958874225616,0.3290155231952667,0.0180415822970074,0.3576198220252991,0.4112693667411804,24.746516005733813,0.560312325648899,-1,0,0.0,0.1092954352498054,0.0774761957534509,0.0774761957534509,-0.0774761957534509,0.0213333333333333,0.0399467376830892,0.0192061459667093,0.1973684210526315
pronostia,vtoi_static,Full_Test_Set_Bearing2_5,42,15,2311,E_norm|C_norm|VTOI,0.86,0.14,0.738253,0.0,0.3055935800075531,0.3516893684864044,-0.123616635151825,1.1765352487564087,1.3540040254592896,260.0825470725856,1.777619753763352,86,2224,0.0144300144300144,0.1049887463450431,0.1119368898687718,0.1119368898687718,-0.1119368898687718,0.0069264069264069,0.0467330160103851,0.0272556242610367,0.2248656426274929
pronostia,vtoi_traj,Full_Test_Set_Bearing2_5,42,15,2311,E_norm|C_norm|VTOI|VTOI_vel|VTOI_acc,0.86,0.14,0.738253,0.0,0.3042052090167999,0.3501208424568176,-0.1136166397012379,1.1711900234222412,1.3479653596878052,256.62767908094366,1.7366878942192352,86,2224,0.0238095238095238,0.100035935640335,0.1055551593571813,0.1055551593571813,-0.1055551593571813,0.0043290043290043,0.5720467330160104,0.2032411784759903,0.2508448577712217
pronostia,transformer_vib,Full_Test_Set_Bearing2_5,42,15,2311,,0.86,0.14,0.738253,0.0,0.2962786555290222,0.3425810039043426,-0.0661696816440517,1.14067280292511,1.3189369440078735,252.41290376651403,1.731786855909738,92,2218,0.0043290043290043,0.5217743515968323,0.1370106757506324,-0.1370106757506324,0.1370106757506324,0.0086580086580086,0.1505841627001298,0.0694542110672364,0.2521551724137931
pronostia,tcn_vib,Full_Test_Set_Bearing2_5,42,15,2311,,0.86,0.14,0.738253,0.0,0.3026240170001983,0.3357561528682709,-0.0241124903804219,1.1651026010513306,1.292661190032959,250.72898897107905,1.6755044336304994,-1,0,0.0,0.3277786672115326,0.3113694646955823,0.3113694646955823,-0.3113694646955823,0.0043290043290043,0.0501947209000432,0.0238978162340337,0.25
pronostia,tcn_transformer_vib,Full_Test_Set_Bearing2_5,42,15,2311,,0.86,0.14,0.738253,0.0,0.2850134670734405,0.3379267454147339,-0.0373966082006829,1.097301959991455,1.301017999649048,250.3886047347171,1.7757976287595076,-1,0,0.0,0.2837437391281128,0.0754152651964232,0.0754152651964232,-0.0754152651964232,0.0181818181818181,0.1999134573777585,0.0833032816444284,0.25
pronostia,cnn_bilstm_attn_vib,Full_Test_Set_Bearing2_5,42,15,2311,,0.86,0.14,0.738253,0.0,0.403363436460495,0.4566106796264648,-0.8940519699680158,1.55294930934906,1.7579511404037476,308.52408490293885,1.7261159251660048,0,2310,0.984126984126984,0.3648424446582794,0.1222071141912548,-0.1222071141912548,0.1222071141912548,0.0008658008658008,0.0501947209000432,0.0244150500648065,0.2440756082997462
pronostia,abl_no_idxhead,Full_Test_Set_Bearing2_5,42,15,2311,,0.86,0.14,0.738253,0.0,0.2975004613399505,0.338683545589447,-0.0420486638903276,1.1453768014907837,1.303931713104248,252.56851218261332,1.7317094449576496,457,1853,0.0021645021645021,0.0854601562023162,0.1448422827093063,0.1448422827093063,-0.1448422827093063,0.0034632034632034,0.2379922111639982,0.1324104902614338,0.2753862516793551
pronostia,abl_cond_noaux,Full_Test_Set_Bearing2_5,42,15,2311,E_norm|C_norm|VTOI,0.86,0.14,0.738253,0.0,0.3094105720520019,0.3549473285675049,-0.1445309862753621,1.1912308931350708,1.3665473461151123,261.2681990116607,1.7675278430854178,87,2223,0.0108225108225108,0.4910799860954284,0.0737212678974219,-0.0737212678974219,0.0737212678974219,0.0212121212121212,0.5936823885763739,0.1864637129654797,0.2474747474747475
pronostia,abl_E_only,Full_Test_Set_Bearing2_5,42,15,2311,E_norm,0.86,0.14,0.738253,0.0,0.3107305467128753,0.3553970158100128,-0.1474328305548253,1.1963127851486206,1.3682786226272583,260.6783847543158,1.7496783512657366,14,2296,0.0151515151515151,0.1128608435392379,0.2478013456044941,0.2478013456044941,-0.2478013456044941,0.0,0.5993076590220684,0.1874154262516914,0.2498196248196248
pronostia,abl_no_smooth,Full_Test_Set_Bearing2_5,42,15,2311,E_norm|C_norm|VTOI,0.86,0.14,0.738253,0.0,0.3038855791091919,0.3550526201725006,-0.1452101245209693,1.169959545135498,1.3669525384902954,260.89742269028386,1.7958783848637945,12,2298,0.0259740259740259,0.101403146982193,0.1016151940481927,0.1016151940481927,-0.1016151940481927,0.0025974025974025,0.187797490263955,0.0971323560993592,0.2656926406926407
pronostia,abl_no_mono,Full_Test_Set_Bearing2_5,42,15,2311,E_norm|C_norm|VTOI,0.86,0.14,0.738253,0.0,0.3014996647834778,0.3459212183952331,-0.0870617228861385,1.1607738733291626,1.3317968845367432,256.4965911943266,1.7568454687303874,86,2224,0.0064935064935064,0.0921778529882431,0.188156092995762,0.188156092995762,-0.188156092995762,0.0121212121212121,0.067503245348334,0.0396053136600558,0.2394418321142459
pronostia,vtoi_static,Full_Test_Set_Bearing2_6,42,15,701,E_norm|C_norm|VTOI,0.88,0.12,0.719201,0.0,0.2866626679897308,0.3188668489456177,0.0778288481850999,0.3344398438930511,0.3720113337039947,20.862994182918293,0.4846096012127531,687,13,0.0,0.0792851895093917,0.0164029340082567,-0.0164029340082567,0.0164029340082567,0.0057142857142857,0.1997146932952924,0.0846432889963724,0.25
pronostia,vtoi_traj,Full_Test_Set_Bearing2_6,42,15,701,E_norm|C_norm|VTOI|VTOI_vel|VTOI_acc,0.88,0.12,0.719201,0.0,0.2792882323265075,0.316728264093399,0.0901570300616481,0.3258362710475921,0.3695163428783417,20.66515797125587,0.491542743940103,687,13,0.0,0.0912284404039383,0.0936901925025024,0.0936901925025024,-0.0936901925025024,0.0057142857142857,0.1997146932952924,0.0838323353293413,0.25
pronostia,transformer_vib,Full_Test_Set_Bearing2_6,42,15,701,,0.88,0.12,0.719201,0.0,0.2785054743289947,0.3201166987419128,0.0705854979417911,0.3249230682849884,0.3734695017337799,20.861292723923988,0.5044254600329486,687,13,0.0,0.2620680630207062,0.0629257647981613,-0.0629257647981613,0.0629257647981613,0.0285714285714285,0.0313837375178316,0.0152143845089903,0.1527777777777778
pronostia,tcn_vib,Full_Test_Set_Bearing2_6,42,15,701,,0.88,0.12,0.719201,0.0,0.3312608003616333,0.3664432764053345,-0.217884994775344,0.3864709436893463,0.4275171756744385,22.52352043646271,0.4640364949704386,-1,0,0.0,0.3364663422107696,0.4935371821234448,0.4935371821234448,-0.4935371821234448,0.0057142857142857,0.1340941512125535,0.1312611575007198,0.3277777777777778
pronostia,tcn_transformer_vib,Full_Test_Set_Bearing2_6,42,15,701,,0.88,0.12,0.719201,0.0,0.3047873675823211,0.3356396555900574,-0.0217376348590361,0.3555852770805359,0.391579657793045,21.769685508081807,0.4901652266915765,-1,0,0.0,0.2507323026657104,0.1257341921281593,-0.1257341921281593,0.1257341921281593,0.0114285714285714,0.2582025677603424,0.1436497545008183,0.2160714285714285
pronostia,cnn_bilstm_attn_vib,Full_Test_Set_Bearing2_6,42,15,701,,0.88,0.12,0.719201,0.0,0.3684851825237274,0.4111157655715942,-0.5329257364980415,0.4298993349075317,0.4796351492404938,24.965068330061328,0.5075025501170763,-1,0,0.0,0.3174507021903991,0.167562268782471,0.167562268782471,-0.167562268782471,0.0128571428571428,0.1497860199714693,0.065136476426799,0.25
pronostia,abl_no_idxhead,Full_Test_Set_Bearing2_6,42,15,701,,0.88,0.12,0.719201,0.0,0.2863629460334778,0.3196597993373871,0.0732365054806101,0.3340901732444763,0.372936487197876,20.92441185808822,0.4888021965177674,689,11,0.0,0.0720262601971626,0.06293091982344,-0.06293091982344,0.06293091982344,0.0171428571428571,0.1997146932952924,0.0837320574162679,0.25
pronostia,abl_cond_noaux,Full_Test_Set_Bearing2_6,42,15,701,E_norm|C_norm|VTOI,0.88,0.12,0.719201,0.0,0.282588392496109,0.3210396468639374,0.0652183206361045,0.3296864926815033,0.3745462894439697,21.07819115770826,0.5068748297100719,692,8,0.0,0.3629158735275268,0.0364435073490167,-0.0364435073490167,0.0364435073490167,0.0257142857142857,0.0313837375178316,0.0152143845089903,0.1527777777777778
pronostia,abl_E_only,Full_Test_Set_Bearing2_6,42,15,701,E_norm,0.88,0.12,0.719201,0.0,0.2766659557819366,0.3175767958164215,0.0852755647710221,0.3227769434452057,0.3705062568187713,20.636548652429312,0.4962043282529406,687,13,0.0,0.0902720764279365,0.1351130230856497,0.1351130230856497,-0.1351130230856497,0.0142857142857142,0.035663338088445,0.0360161163522012,0.1325396825396825
pronostia,abl_no_smooth,Full_Test_Set_Bearing2_6,42,15,701,E_norm|C_norm|VTOI,0.88,0.12,0.719201,0.0,0.2769925892353058,0.3175937533378601,0.0851776931295151,0.3231580853462219,0.3705260753631592,20.61471311475251,0.494114591915442,687,13,0.0,0.0907447561621666,0.339993814552758,0.339993814552758,-0.339993814552758,0.0028571428571428,0.5991440798858774,0.1897018970189702,0.25
pronostia,abl_no_mono,Full_Test_Set_Bearing2_6,42,15,701,E_norm|C_norm|VTOI,0.88,0.12,0.719201,0.0,0.2801291942596435,0.3171677589416504,0.0876302738876392,0.3268173933029175,0.3700290620326996,20.71852281532316,0.4925182344067773,687,13,0.0,0.0710959360003471,0.1363019632107658,0.1363019632107658,-0.1363019632107658,0.0257142857142857,0.1997146932952924,0.0846432889963724,0.25
pronostia,vtoi_static,Full_Test_Set_Bearing2_7,42,15,230,E_norm|C_norm|VTOI,0.88,0.12,0.726412,0.0,0.2722364366054535,0.3097981810569763,0.1336819641754146,0.103903591632843,0.1182396411895752,2.124504983488003,0.1552490760248316,225,4,0.0,0.1559124886989593,0.2354341578218056,-0.2354341578218056,0.2354341578218056,0.0043668122270742,0.6043478260869565,0.2035714285714285,0.2573529411764705
pronostia,vtoi_traj,Full_Test_Set_Bearing2_7,42,15,230,E_norm|C_norm|VTOI|VTOI_vel|VTOI_acc,0.88,0.12,0.726412,0.0,0.2894156277179718,0.3185624182224273,0.0839719993297303,0.1104602962732315,0.1215846687555313,2.196290381028166,0.1535653628530385,224,5,0.0,0.1558001488447189,0.134693782332917,-0.134693782332917,0.134693782332917,0.0305676855895196,0.1869565217391304,0.0805243445692883,0.233695652173913
pronostia,transformer_vib,Full_Test_Set_Bearing2_7,42,15,230,,0.88,0.12,0.726412,0.0,0.2774878442287445,0.3178165256977081,0.08825670668947,0.1059078648686409,0.1212999820709228,2.1761556292603,0.160164655012119,225,4,0.0,0.4272358119487762,0.0546178897346069,-0.0546178897346069,0.0546178897346069,0.0305676855895196,0.3608695652173913,0.3213695439861768,0.4556159420289855
pronostia,tcn_vib,Full_Test_Set_Bearing2_7,42,15,230,,0.88,0.12,0.726412,0.0,0.3241771161556244,0.3574780523777008,-0.1535020717600959,0.1237276196479797,0.1364374607801437,2.401491553025201,0.160886266645368,225,4,0.0,0.4562406241893768,0.438075110978661,0.438075110978661,-0.438075110978661,0.0655021834061135,0.2130434782608695,0.184870848708487,0.3125
pronostia,tcn_transformer_vib,Full_Test_Set_Bearing2_7,42,15,230,,0.88,0.12,0.726412,0.0,0.2932728230953216,0.33304163813591,-0.0011905044031481,0.1119324862957,0.1271108984947204,2.3050911327493715,0.1700926357920727,-1,0,0.0,0.3630579710006714,0.0569849141406865,-0.0569849141406865,0.0569849141406865,0.0393013100436681,0.2,0.0833333333333333,0.25
pronostia,cnn_bilstm_attn_vib,Full_Test_Set_Bearing2_7,42,15,230,,0.88,0.12,0.726412,0.0,0.3008733689785003,0.4486754238605499,-0.8171224563833941,0.1148333325982093,0.1712444573640823,2.6752156392591786,0.2296666818751913,-1,0,0.0,0.3630594313144684,0.0450641127229514,0.0450641127229514,-0.0450641127229514,0.0043668122270742,0.2,0.0833333333333333,0.25
pronostia,abl_no_idxhead,Full_Test_Set_Bearing2_7,42,15,230,,0.88,0.12,0.726412,0.0,0.2722238004207611,0.3163228929042816,0.096806358605928,0.1038987562060356,0.1207299008965492,2.161490006108321,0.1620010376421977,223,6,0.0,0.1477706581354141,0.2900145692481449,-0.2900145692481449,0.2900145692481449,0.074235807860262,0.2,0.1644654088050314,0.2961956521739131
pronostia,abl_cond_noaux,Full_Test_Set_Bearing2_7,42,15,230,E_norm|C_norm|VTOI,0.88,0.12,0.726412,0.0,0.2719902098178863,0.316184252500534,0.0975979478271323,0.1038096025586128,0.1206769943237304,2.148186537988648,0.1597468461476914,225,4,0.0,0.3089466989040375,0.0861024238191245,-0.0861024238191245,0.0861024238191245,0.0393013100436681,0.6,0.199537037037037,0.2536231884057971
pronostia,abl_E_only,Full_Test_Set_Bearing2_7,42,15,230,E_norm,0.88,0.12,0.726412,0.0,0.2866470217704773,0.3196086585521698,0.0779452514966315,0.1094036102294921,0.1219839677214622,2.2086153856751345,0.1582114435772857,225,4,0.0,0.1447722762823104,0.1892514777525045,-0.1892514777525045,0.1892514777525045,0.0218340611353711,0.0391304347826087,0.0218065800257581,0.1494565217391304
pronostia,abl_no_smooth,Full_Test_Set_Bearing2_7,42,15,230,E_norm|C_norm|VTOI,0.88,0.12,0.726412,0.0,0.2716846764087677,0.3152890801429748,0.1027002673852237,0.1036929935216903,0.1203353479504585,2.1388941104384225,0.1582943130487009,225,4,0.0,0.1451227068901062,0.1479269935899671,-0.1479269935899671,0.1479269935899671,0.0305676855895196,0.2,0.0870913985386488,0.2463768115942029
pronostia,abl_no_mono,Full_Test_Set_Bearing2_7,42,15,230,E_norm|C_norm|VTOI,0.88,0.12,0.726412,0.0,0.2709599733352661,0.3156816065311432,0.100464606405804,0.1034164130687713,0.1204851567745208,2.145961374203955,0.1602317411735977,225,4,0.0,0.1558664739131927,0.3436280309698225,-0.3436280309698225,0.3436280309698225,0.0393013100436681,0.0347826086956521,0.025531914893617,0.151268115942029
pronostia,vtoi_static,Full_Test_Set_Bearing3_3,42,15,434,E_norm|C_norm|VTOI,0.88,0.12,0.702101,0.0,0.2200038880109787,0.2395669519901275,0.4802153799087149,0.1587694883346557,0.1728874891996383,5.952239771315923,0.2190021236098805,375,58,0.0,0.0871350541710853,0.5996481673799744,-0.5996481673799744,0.5996481673799744,0.0392609699769053,0.1198156682027649,0.119608442948914,0.2526223776223776
pronostia,vtoi_traj,Full_Test_Set_Bearing3_3,42,15,434,E_norm|C_norm|VTOI|VTOI_vel|VTOI_acc,0.88,0.12,0.702101,0.0,0.2730038166046142,0.3028646111488342,0.1692570082402182,0.1970177590847015,0.2185672968626022,7.270421632685791,0.2587478608375819,402,31,0.0,0.1277704983949661,0.1468373904409454,0.1468373904409454,-0.1468373904409454,0.0069284064665127,0.2211981566820276,0.2379679144385026,0.3607628004179728
pronostia,transformer_vib,Full_Test_Set_Bearing3_3,42,15,434,,0.88,0.12,0.702101,0.0,0.2739866375923157,0.3055011034011841,0.1547305527719321,0.1977270394563675,0.220469981431961,7.541535326981364,0.2831365335958018,422,11,0.0,0.4239404201507568,0.4828659226792848,-0.4828659226792848,0.4828659226792848,0.0138568129330254,0.1336405529953917,0.0605427974947807,0.2230769230769231
pronostia,tcn_vib,Full_Test_Set_Bearing3_3,42,15,434,,0.88,0.12,0.702101,0.0,0.3056866228580475,0.3291490972042084,0.0188058448219061,0.2206038534641266,0.2375359386205673,8.103273775790164,0.2855973968138566,-1,0,0.0,0.8192642331123352,0.3170310954917539,-0.3170310954917539,0.3170310954917539,0.0161662817551963,0.2119815668202765,0.1157696585950201,0.2280393457117595
pronostia,tcn_transformer_vib,Full_Test_Set_Bearing3_3,42,15,434,,0.88,0.12,0.702101,0.0,0.2883250713348388,0.3349122405052185,-0.0158548151615791,0.208074614405632,0.2416950017213821,8.264509476938267,0.3282386766980544,-1,0,0.0,0.3285939693450928,0.318683449511092,0.318683449511092,-0.318683449511092,0.0300230946882217,0.0898617511520737,0.1011488511488511,0.2176573426573426
pronostia,cnn_bilstm_attn_vib,Full_Test_Set_Bearing3_3,42,15,434,,0.88,0.12,0.702101,0.0,0.3744281828403473,0.4184606075286865,-0.5859109475421926,0.2702123820781708,0.3019891083240509,9.625156233290232,0.3176867176278619,-1,0,0.0,0.306921511888504,0.1868531950753121,-0.1868531950753121,0.1868531950753121,0.0023094688221709,0.1497695852534562,0.0664621676891615,0.25
pronostia,abl_no_idxhead,Full_Test_Set_Bearing3_3,42,15,434,,0.88,0.12,0.702101,0.0,0.273546427488327,0.3348079323768616,-0.015222138032241,0.1974093317985534,0.241619735956192,8.064702108489055,0.3325232359020614,426,7,0.0,0.1694595068693161,0.0404355856436873,-0.0404355856436873,0.0404355856436873,0.0207852193995381,0.6082949308755761,0.2661516067629604,0.2954545454545454
pronostia,abl_cond_noaux,Full_Test_Set_Bearing3_3,42,15,434,E_norm|C_norm|VTOI,0.88,0.12,0.702101,0.0,0.2140895724296569,0.2336169332265854,0.5057139958233781,0.1545013040304184,0.1685935705900192,5.768590867327907,0.2109425000573856,352,81,0.0,0.2396934330463409,0.5621643457515879,0.5621643457515879,-0.5621643457515879,0.0207852193995381,0.032258064516129,0.0163934426229508,0.1590909090909091
pronostia,abl_E_only,Full_Test_Set_Bearing3_3,42,15,434,E_norm,0.88,0.12,0.702101,0.0,0.2701741755008697,0.3230043053627014,0.0550992042809067,0.1949757039546966,0.2331014424562454,7.86091548567976,0.3189515895113641,425,8,0.0,0.1800957024097442,0.5428829824580839,-0.5428829824580839,0.5428829824580839,0.0484988452655889,0.1705069124423963,0.2114878209348255,0.3522727272727273
pronostia,abl_no_smooth,Full_Test_Set_Bearing3_3,42,15,434,E_norm|C_norm|VTOI,0.88,0.12,0.702101,0.0,0.2597953379154205,0.2906735837459564,0.2347898637930189,0.1874856352806091,0.2097694426774978,7.150555967586506,0.2687937239590551,405,28,0.0,0.1311538219451904,0.3453389729515038,-0.3453389729515038,0.3453389729515038,0.0254041570438799,0.619815668202765,0.2448770491803278,0.2846153846153846
pronostia,abl_no_mono,Full_Test_Set_Bearing3_3,42,15,434,E_norm|C_norm|VTOI,0.88,0.12,0.702101,0.0,0.2501630187034607,0.2819035947322845,0.2802679474875083,0.1805343329906463,0.2034404426813125,6.84266768266974,0.2548253259627998,375,58,0.0,0.1560611724853515,0.5014066281049769,-0.5014066281049769,0.5014066281049769,0.0484988452655889,0.0875576036866359,0.044660546823405,0.1451812555260831
pronostia,vtoi_static,Learning_set_Bearing1_1,42,15,2803,E_norm|C_norm|VTOI,0.88,0.12,0.715734,0.0767035319300749,0.2648981213569641,0.294497549533844,0.2120164388495983,1.2370742559432983,1.3753036260604858,330.6547454305483,1.8592797670894825,-1,0,0.0,0.1000017970800399,0.7095578667773866,-0.7095578667773866,0.7095578667773866,0.0014275517487508,0.199785943631823,0.1584191338981728,0.284194351931832
pronostia,vtoi_traj,Learning_set_Bearing1_1,42,15,2803,E_norm|C_norm|VTOI|VTOI_vel|VTOI_acc,0.88,0.12,0.715734,0.0767035319300749,0.2001711875200271,0.2246763259172439,0.5413637353312076,0.9347993731498718,1.0492384433746338,230.13435484672888,1.2059541299787646,2263,539,0.0,0.1309877038002014,0.8656215314198519,-0.8656215314198519,0.8656215314198519,0.0021413276231263,0.6514448804851944,0.3309664402550274,0.4841064072237542
pronostia,transformer_vib,Learning_set_Bearing1_1,42,15,2803,,0.88,0.12,0.715734,0.0767035319300749,0.2532744705677032,0.2820156216621399,0.2773963846219817,1.1827917098999023,1.317012906074524,313.2149573933201,1.7527607852048823,-1,0,0.0,0.3539437353610992,0.8127063281201621,0.8127063281201621,-0.8127063281201621,0.0017844396859386,0.1994291830181948,0.0898875758013201,0.249999823056452
pronostia,tcn_vib,Learning_set_Bearing1_1,42,15,2803,,0.88,0.12,0.715734,0.0767035319300749,0.2868762016296386,0.3312417268753052,0.0031178675923914,1.3397116661071775,1.5468988418579102,371.2197336304885,2.1139175799601198,-1,0,0.0,0.3200623691082001,0.5724577337331339,0.5724577337331339,-0.5724577337331339,0.006423982869379,0.199785943631823,0.0832589949449895,0.25
pronostia,tcn_transformer_vib,Learning_set_Bearing1_1,42,15,2803,,0.88,0.12,0.715734,0.0767035319300749,0.2963051497936249,0.3310519158840179,0.0042599051862558,1.3837449550628662,1.5460125207901,369.7058599925988,2.029853189031152,-1,0,0.0,0.3732956349849701,0.8699857607923829,0.8699857607923829,-0.8699857607923829,0.0035688793718772,0.6000713521227257,0.1875139353400223,0.25
pronostia,cnn_bilstm_attn_vib,Learning_set_Bearing1_1,42,15,2803,,0.88,0.12,0.715734,0.0767035319300749,0.3190329074859619,0.3500274121761322,-0.1131605789049943,1.4898838996887207,1.6346279382705688,383.45453498748793,1.9975183960641767,-1,0,0.0,0.3754036128520965,0.1075131287136223,-0.1075131287136223,0.1075131287136223,0.0035688793718772,0.199785943631823,0.0832589949449895,0.25
pronostia,abl_no_idxhead,Learning_set_Bearing1_1,42,15,2803,,0.88,0.12,0.715734,0.0767035319300749,0.2085934728384018,0.2320451736450195,0.5107860513643014,0.9741314649581908,1.0836509466171265,244.65103279656944,1.3152296700492592,2383,419,0.0,0.1413113325834274,0.8931419562811527,-0.8931419562811527,0.8931419562811527,0.0035688793718772,0.0260435247948626,0.0325861353258613,0.0365691489361702
pronostia,abl_cond_noaux,Learning_set_Bearing1_1,42,15,2803,E_norm|C_norm|VTOI,0.88,0.12,0.715734,0.0767035319300749,0.1823177337646484,0.2079914659261703,0.6069527402534229,0.8514238595962524,0.9713201522827148,211.3317972855852,1.1234324329515737,2153,649,0.0,0.4133836925029754,0.7246206205949274,0.7246206205949274,-0.7246206205949274,0.0142755174875089,0.0156974669996432,0.0207912750899176,0.0276025835866261
pronostia,abl_E_only,Learning_set_Bearing1_1,42,15,2803,E_norm,0.88,0.12,0.715734,0.0767035319300749,0.2624320387840271,0.3010315895080566,0.1766625302734976,1.2255576848983765,1.4058175086975098,336.78946252580295,1.9385686438308731,2695,107,0.0,0.1087880209088325,0.6998504402929744,-0.6998504402929744,0.6998504402929744,0.0035688793718772,0.150909739564752,0.1584692085287055,0.2972737592266648
pronostia,abl_no_smooth,Learning_set_Bearing1_1,42,15,2803,E_norm|C_norm|VTOI,0.88,0.12,0.715734,0.0767035319300749,0.1987732797861099,0.2222877144813537,0.5510637305746513,0.928271234035492,1.038083553314209,231.7294334074596,1.2407946342292042,2185,617,0.0,0.1351781487464904,0.8081362081317489,-0.8081362081317489,0.8081362081317489,0.0035688793718772,0.0506600071352122,0.0816778098717422,0.0619038771870222
pronostia,abl_no_mono,Learning_set_Bearing1_1,42,15,2803,E_norm|C_norm|VTOI,0.88,0.12,0.715734,0.0767035319300749,0.2396915256977081,0.2653124630451202,0.3604579268574231,1.1193593740463257,1.2390092611312866,296.63916926334167,1.6811666872911886,2473,329,0.0,0.1257358491420745,0.7740044448757812,-0.7740044448757812,0.7740044448757812,0.0149892933618843,0.0752764894755619,0.1305417913620828,0.1515070921985815
pronostia,vtoi_static,Learning_set_Bearing1_2,42,15,871,E_norm|C_norm|VTOI,0.88,0.12,0.733679,0.0,0.2864548563957214,0.3179677426815033,0.0826036538461284,0.4153595864772796,0.4610532224178314,31.814349946473616,0.5777843432756511,826,44,0.0,0.1020677164196968,0.1993065079733741,-0.1993065079733741,0.1993065079733741,0.0229885057471264,0.0332950631458094,0.0235772357723577,0.0138888888888888
pronostia,vtoi_traj,Learning_set_Bearing1_2,42,15,871,E_norm|C_norm|VTOI|VTOI_vel|VTOI_acc,0.88,0.12,0.733679,0.0,0.2850140333175659,0.314848780632019,0.1005128360525328,0.4132703840732574,0.456530749797821,31.835377470589872,0.5837508336903932,834,36,0.0,0.1092654764652252,0.1466192769989033,-0.1466192769989033,0.1466192769989033,0.0091954022988505,0.6245694603903559,0.4134381430167497,0.4853491814698711
pronostia,transformer_vib,Learning_set_Bearing1_2,42,15,871,,0.88,0.12,0.733679,0.0,0.2753152549266815,0.3106932342052459,0.1241000128233096,0.3992071449756622,0.4505052268505096,31.02832145610557,0.5763634435461469,827,43,0.0,0.3777250051498413,0.1228281088900262,0.1228281088900262,-0.1228281088900262,0.0068965517241379,0.026406429391504,0.0128779395296752,0.1306818181818181
pronostia,tcn_vib,Learning_set_Bearing1_2,42,15,871,,0.88,0.12,0.733679,0.0,0.279193103313446,0.3094338178634643,0.1311865746236555,0.4048300385475158,0.4486790597438812,31.80344072304733,0.6006755023113699,864,6,0.0,0.3786417245864868,0.356940973382672,0.356940973382672,-0.356940973382672,0.0390804597701149,0.6027554535017221,0.2297533092659446,0.2722483455242075
pronostia,tcn_transformer_vib,Learning_set_Bearing1_2,42,15,871,,0.88,0.12,0.733679,0.0,0.3005338013172149,0.3337732851505279,-0.0108671291979285,0.4357740581035614,0.4839712977409363,33.91297419072694,0.6285628277843713,-1,0,0.0,0.1361312866210937,0.2776959748357759,-0.2776959748357759,0.2776959748357759,0.0218390804597701,0.1251435132032147,0.0912601265650146,0.1693443051201671
pronostia,cnn_bilstm_attn_vib,Learning_set_Bearing1_2,42,15,871,,0.88,0.12,0.733679,0.0,0.356048434972763,0.3957407176494598,-0.4210601878379603,0.5162702202796936,0.5738241076469421,37.94343920992011,0.6340434678229284,-1,0,0.0,0.4352897405624389,0.0420751747406044,0.0420751747406044,-0.0420751747406044,0.0126436781609195,0.1997703788748565,0.2377826404084609,0.4980916030534351
pronostia,abl_no_idxhead,Learning_set_Bearing1_2,42,15,871,,0.88,0.12,0.733679,0.0,0.2715907692909241,0.3165591061115265,0.0907139080016312,0.3938066661357879,0.4590107202529907,30.86194657126095,0.5785970336855972,829,41,0.0,0.1092542260885238,0.0458430431904775,-0.0458430431904775,0.0458430431904775,0.0091954022988505,0.1997703788748565,0.0832535885167464,0.25
pronostia,abl_cond_noaux,Learning_set_Bearing1_2,42,15,871,E_norm|C_norm|VTOI,0.88,0.12,0.733679,0.0,0.2788550853729248,0.3178138434886932,0.0834913845897592,0.4043398201465606,0.4608300924301147,31.41217543390066,0.5821091641905054,826,44,0.0,0.3589686155319214,0.2311340124242439,0.2311340124242439,-0.2311340124242439,0.0264367816091954,0.5752009184845006,0.2050009377595584,0.2480477318592612
pronostia,abl_E_only,Learning_set_Bearing1_2,42,15,871,E_norm,0.88,0.12,0.733679,0.0,0.2795829474925995,0.3238630890846252,0.0482698162665432,0.4053952991962433,0.4696015119552612,31.50319867340536,0.5828133890823377,829,41,0.0,0.1194956749677658,0.1076848073847963,-0.1076848073847963,0.1076848073847963,0.0045977011494252,0.2319173363949483,0.2636853348193554,0.4600313479623824
pronostia,abl_no_smooth,Learning_set_Bearing1_2,42,15,871,E_norm|C_norm|VTOI,0.88,0.12,0.733679,0.0,0.276171863079071,0.3187112808227539,0.0783081614992897,0.4004492163658142,0.4621313512325287,31.05692477979722,0.5734748961676627,827,43,0.0,0.1490048617124557,0.1146478263069257,-0.1146478263069257,0.1146478263069257,0.0080459770114942,0.2032146957520091,0.278308070022792,0.4848775661325016
pronostia,abl_no_mono,Learning_set_Bearing1_2,42,15,871,E_norm|C_norm|VTOI,0.88,0.12,0.733679,0.0,0.272216647863388,0.3066248595714569,0.1468887371978405,0.3947141766548157,0.444606065750122,30.797507895709547,0.5757637303862528,827,43,0.0,0.150241881608963,0.1713660538086006,-0.1713660538086006,0.1713660538086006,0.0068965517241379,0.1572904707233065,0.0743831779991735,0.2528735632183908
pronostia,vtoi_static,Learning_set_Bearing2_1,42,15,911,E_norm|C_norm|VTOI,0.88,0.12,0.72736,0.0,0.2969943284988403,0.3268661499023437,0.030457888280559,0.4504413902759552,0.4957469701766968,36.36732851322679,0.6362522180094031,-1,0,0.0,0.1724003106355667,0.3218226101591068,-0.3218226101591068,0.3218226101591068,0.0109890109890109,0.5214050493962679,0.2458152971386647,0.2788461538461538
pronostia,vtoi_traj,Learning_set_Bearing2_1,42,15,911,E_norm|C_norm|VTOI|VTOI_vel|VTOI_acc,0.88,0.12,0.72736,0.0,0.2991484403610229,0.3285465538501739,0.0204635081442734,0.4537084400653839,0.4982956051826477,36.35331652827502,0.6285495004089167,905,5,0.0,0.2195648699998855,0.2988574190987066,-0.2988574190987066,0.2988574190987066,0.0219780219780219,0.0614709110867178,0.0424656962231614,0.146453739321083
pronostia,transformer_vib,Learning_set_Bearing2_1,42,15,911,,0.88,0.12,0.72736,0.0,0.302164763212204,0.3337099850177765,-0.0105671621610785,0.4582832455635071,0.5061268210411072,37.10559098840511,0.6507834240995577,-1,0,0.0,0.2614690065383911,0.2081452163273068,0.2081452163273068,-0.2081452163273068,0.0065934065934065,0.1997804610318331,0.0832570905763952,0.25
pronostia,tcn_vib,Learning_set_Bearing2_1,42,15,911,,0.88,0.12,0.72736,0.0,0.2806483805179596,0.3243686854839325,0.045217047050835,0.4256500601768493,0.4919591546058655,35.53683520263135,0.6508884139192361,-1,0,0.0,0.3137302696704864,0.240863337681168,0.240863337681168,-0.240863337681168,0.0538461538461538,0.0504939626783754,0.0240334378265412,0.25
pronostia,tcn_transformer_vib,Learning_set_Bearing2_1,42,15,911,,0.88,0.12,0.72736,0.0,0.2945153415203094,0.3319465517997741,8.482619155381066e-05,0.4466815590858459,0.5034523010253906,36.96838215103655,0.6687671853363326,-1,0,0.0,0.350157082080841,0.2240916107965008,0.2240916107965008,-0.2240916107965008,0.0,0.1997804610318331,0.0832570905763952,0.25
pronostia,cnn_bilstm_attn_vib,Learning_set_Bearing2_1,42,15,911,,0.88,0.12,0.72736,0.0,0.3504420816898346,0.3883475065231323,-0.3685725548694627,0.5315038561820984,0.5889936685562134,40.95490136989507,0.6561477939091197,-1,0,0.0,0.3889665305614471,0.0104232665128855,0.0104232665128855,-0.0104232665128855,0.0197802197802197,0.5993413830954994,0.1873713109128346,0.25
pronostia,abl_no_idxhead,Learning_set_Bearing2_1,42,15,911,,0.88,0.12,0.72736,0.0,0.3036107122898102,0.3349190950393677,-0.0179035841594226,0.4604762494564056,0.5079606175422668,37.17927297835948,0.6492392076378736,-1,0,0.0,0.189404547214508,0.3190180475287169,-0.3190180475287169,0.3190180475287169,0.0021978021978021,0.1997804610318331,0.0832570905763952,0.25
pronostia,abl_cond_noaux,Learning_set_Bearing2_1,42,15,911,E_norm|C_norm|VTOI,0.88,0.12,0.72736,0.0,0.2901923656463623,0.3202676773071289,0.0692071021171338,0.4401250779628753,0.4857393503189087,35.8261988273546,0.6351924879250498,904,6,0.0,0.3823278546333313,0.1200041512759847,-0.1200041512759847,0.1200041512759847,0.0131868131868131,0.601536772777168,0.2145936101582613,0.262236507277764
pronostia,abl_E_only,Learning_set_Bearing2_1,42,15,911,E_norm,0.88,0.12,0.72736,0.0,0.3071171045303345,0.33791184425354,-0.0361762736566115,0.4657942354679107,0.5124996304512024,37.4201444395656,0.6482441838586378,-1,0,0.0,0.1859582215547561,0.2696663753991925,-0.2696663753991925,0.2696663753991925,0.0065934065934065,0.3589462129527991,0.2089585816172376,0.2886625037926212
pronostia,abl_no_smooth,Learning_set_Bearing2_1,42,15,911,E_norm|C_norm|VTOI,0.88,0.12,0.72736,0.0,0.3004865348339081,0.3310831487178802,0.0052796904310226,0.4557378888130188,0.5021427869796753,36.836726333009736,0.6448986087772386,-1,0,0.0,0.1782111078500747,0.3065103059585214,-0.3065103059585214,0.3065103059585214,0.0219780219780219,0.0472008781558726,0.0248989516230895,0.2296344959388437
pronostia,abl_no_mono,Learning_set_Bearing2_1,42,15,911,E_norm|C_norm|VTOI,0.88,0.12,0.72736,0.0,0.2918248176574707,0.32318115234375,0.0521954267793445,0.4426009654998779,0.4901580512523651,36.06373825271622,0.6398250754154875,902,8,0.0,0.1442079693078994,0.3045945122513822,-0.3045945122513822,0.3045945122513822,0.0065934065934065,0.5982436882546652,0.1889736477115118,0.2495421245421245
pronostia,vtoi_static,Learning_set_Bearing2_2,42,15,797,E_norm|C_norm|VTOI,0.88,0.12,0.746969,0.0,0.3403314054012298,0.3969502747058868,-0.4295126213238402,0.4515063464641571,0.5266206860542297,28.69109924439253,0.4698412925825271,312,484,0.2552301255230125,0.1374765187501907,0.7343687745433581,-0.7343687745433581,0.7343687745433581,0.0376884422110552,0.0639899623588456,0.0466456738512767,0.2557531380753138
pronostia,vtoi_traj,Learning_set_Bearing2_2,42,15,797,E_norm|C_norm|VTOI|VTOI_vel|VTOI_acc,0.88,0.12,0.746969,0.0,0.3294260501861572,0.3767200112342834,-0.2875177993092723,0.4370386004447937,0.4997819066047668,27.76663049886964,0.4570459504944822,310,486,0.2866108786610878,0.1437358111143112,0.7890907546096776,-0.7890907546096776,0.7890907546096776,0.0326633165829145,0.0677540777917189,0.0615571378100043,0.2614921317860056
pronostia,transformer_vib,Learning_set_Bearing2_2,42,15,797,,0.88,0.12,0.746969,0.0,0.2942213118076324,0.3232886791229248,0.0518068655064969,0.3903336226940155,0.4288963079452514,27.133407280996916,0.533118037494084,418,378,0.0397489539748954,0.2021679282188415,0.4220231915202301,0.4220231915202301,-0.4220231915202301,0.0452261306532663,0.1693851944792973,0.1493121471364118,0.34375
pronostia,tcn_vib,Learning_set_Bearing2_2,42,15,797,,0.88,0.12,0.746969,0.0,0.2960442006587982,0.3239773213863373,0.0477630828719272,0.3927519619464874,0.4298099279403686,27.73595791451704,0.5593476013936,785,11,0.0,0.1956417262554168,0.456632616472809,-0.456632616472809,0.456632616472809,0.007537688442211,0.151819322459222,0.0787139689578713,0.25625
pronostia,tcn_transformer_vib,Learning_set_Bearing2_2,42,15,797,,0.88,0.12,0.746969,0.0,0.2949703931808471,0.3306115865707397,0.0083648062739274,0.3913274109363556,0.4386113584041595,28.000906162586087,0.5741275649557505,-1,0,0.0,0.2700654566287994,0.2654168904008197,-0.2654168904008197,0.2654168904008197,0.0100502512562814,0.0501882057716436,0.02389486260454,0.25
pronostia,cnn_bilstm_attn_vib,Learning_set_Bearing2_2,42,15,797,,0.88,0.12,0.746969,0.0,0.3584141433238983,0.4000551402568817,-0.451962979751819,0.4754960834980011,0.5307398438453674,31.731282285158837,0.57474040316121,-1,0,0.0,0.2078491896390915,0.3713786837680114,0.3713786837680114,-0.3713786837680114,0.0,0.1505646173149309,0.0666666666666666,0.25
pronostia,abl_no_idxhead,Learning_set_Bearing2_2,42,15,797,,0.88,0.12,0.746969,0.0,0.3106531202793121,0.3501357734203338,-0.1122151895485592,0.4121331572532654,0.4645135104656219,26.701757088584337,0.4607496713714644,338,458,0.2112970711297071,0.1140490248799324,0.7120446246529716,-0.7120446246529716,0.7120446246529716,0.0025125628140703,0.4316185696361355,0.2601677685594056,0.3520866227204547
pronostia,abl_cond_noaux,Learning_set_Bearing2_2,42,15,797,E_norm|C_norm|VTOI,0.88,0.12,0.746969,0.0,0.3079639971256256,0.3449415564537048,-0.0794607485857323,0.4085655808448791,0.4576224982738495,26.276072829512064,0.4471274974838908,355,441,0.1882845188284518,0.208333134651184,0.7654256090141242,-0.7654256090141242,0.7654256090141242,0.0276381909547738,0.2145545796737766,0.1746454479191829,0.2613010183942528
pronostia,abl_E_only,Learning_set_Bearing2_2,42,15,797,E_norm,0.88,0.12,0.746969,0.0,0.3019578456878662,0.3261785209178924,0.0347793888178751,0.4005973935127258,0.4327302277088165,26.962246083015035,0.5026569025651779,410,386,0.0857740585774058,0.1787217110395431,0.6462296256126144,-0.6462296256126144,0.6462296256126144,0.0025125628140703,0.2145545796737766,0.1516437668611581,0.2720101115760111
pronostia,abl_no_smooth,Learning_set_Bearing2_2,42,15,797,E_norm|C_norm|VTOI,0.88,0.12,0.746969,0.0,0.2931960225105285,0.3254721164703369,0.0389557711117064,0.3889733850955963,0.4317930042743683,27.359580891804796,0.5476944387891567,468,328,0.006276150627615,0.3197406232357025,0.3505507008077391,-0.3505507008077391,0.3505507008077391,0.0025125628140703,0.2107904642409034,0.106749956619816,0.2305728796610615
pronostia,abl_no_mono,Learning_set_Bearing2_2,42,15,797,E_norm|C_norm|VTOI,0.88,0.12,0.746969,0.0,0.3535573482513428,0.3979013860225677,-0.4363714335913025,0.469052791595459,0.5278825759887695,30.783043270359148,0.5399391090058006,282,514,0.2991631799163179,0.1727955639362335,0.5727632730032926,-0.5727632730032926,0.5727632730032926,0.007537688442211,0.1932245922208281,0.1404921829391122,0.2022489539748954
pronostia,vtoi_static,Learning_set_Bearing3_1,42,15,515,E_norm|C_norm|VTOI,0.87,0.13,0.759917,0.0,0.2658934891223907,0.3028524219989776,0.1688298848991378,0.2277820855379104,0.2594435811042785,10.619456695369994,0.3492930812752146,493,21,0.0,0.0671413168311119,0.0065059918714643,0.0065059918714643,-0.0065059918714643,0.0311284046692607,0.2,0.0864093959731543,0.25
pronostia,vtoi_traj,Learning_set_Bearing3_1,42,15,515,E_norm|C_norm|VTOI|VTOI_vel|VTOI_acc,0.87,0.13,0.759917,0.0,0.2646442949771881,0.3016478419303894,0.1754285566579067,0.2267119437456131,0.2584116756916046,10.567511066484048,0.3475352451069624,493,21,0.0,0.0563454814255237,0.0364575915736069,-0.0364575915736069,0.0364575915736069,0.0155642023346303,0.2019417475728155,0.0880222991989608,0.2508090614886731
pronostia,transformer_vib,Learning_set_Bearing3_1,42,15,515,,0.87,0.13,0.759917,0.0,0.2725875675678253,0.305178701877594,0.1560119009081259,0.2335166931152343,0.2614364624023437,10.70900089236319,0.3438432559524708,496,18,0.0,0.4870809018611908,0.0827398839487438,0.0827398839487438,-0.0827398839487438,0.0233463035019455,0.1495145631067961,0.0674255691768826,0.25
pronostia,tcn_vib,Learning_set_Bearing3_1,42,15,515,,0.87,0.13,0.759917,0.0,0.2858409881591797,0.3197729289531708,0.0733596154186791,0.2448704689741134,0.2739388048648834,11.350138894400033,0.369739577782711,-1,0,0.0,0.2616645991802215,0.2675614654375024,0.2675614654375024,-0.2675614654375024,0.046692607003891,0.6,0.1875,0.25
pronostia,tcn_transformer_vib,Learning_set_Bearing3_1,42,15,515,,0.87,0.13,0.759917,0.0,0.3019586205482483,0.3346665203571319,-0.014968040079784,0.2586778700351715,0.286697655916214,11.749589946603212,0.3706150324029613,-1,0,0.0,0.1345854848623275,0.003932372024675,-0.003932372024675,0.003932372024675,0.0583657587548638,0.0504854368932038,0.0240295748613678,0.25
pronostia,cnn_bilstm_attn_vib,Learning_set_Bearing3_1,42,15,515,,0.87,0.13,0.759917,0.0,0.3648115992546081,0.4062924385070801,-0.4959094054986852,0.3125219345092773,0.348057210445404,13.26972404230088,0.3701893807623933,-1,0,0.0,0.3327067494392395,0.2019949720711042,0.2019949720711042,-0.2019949720711042,0.0194552529182879,0.0368932038834951,0.0177902621722846,0.1826923076923076
pronostia,abl_no_idxhead,Learning_set_Bearing3_1,42,15,515,,0.87,0.13,0.759917,0.0,0.2717826068401336,0.3055995106697082,0.1536828002538064,0.2328271120786667,0.2617969512939453,10.749389834821304,0.34857618675739,498,16,0.0,0.0824342146515846,0.051509419841295,-0.051509419841295,0.051509419841295,0.0194552529182879,0.6,0.1875,0.25
pronostia,abl_cond_noaux,Learning_set_Bearing3_1,42,15,515,E_norm|C_norm|VTOI,0.87,0.13,0.759917,0.0,0.2728542685508728,0.304823637008667,0.1579748187985549,0.2337451726198196,0.2611322402954101,10.680935931416148,0.3411095630350405,498,16,0.0,0.2063524425029754,0.1130044768958046,0.1130044768958046,-0.1130044768958046,0.0194552529182879,0.1631067961165048,0.1733682983682983,0.3173076923076923
pronostia,abl_E_only,Learning_set_Bearing3_1,42,15,515,E_norm,0.87,0.13,0.759917,0.0,0.2701002359390259,0.3051691651344299,0.1560647097975204,0.2313858717679977,0.2614282667636871,10.663847764694824,0.3448729238906893,495,19,0.0,0.0723832920193672,0.0387430439103897,-0.0387430439103897,0.0387430439103897,0.0116731517509727,0.0077669902912621,0.0038610038610038,0.0384615384615384
pronostia,abl_no_smooth,Learning_set_Bearing3_1,42,15,515,E_norm|C_norm|VTOI,0.87,0.13,0.759917,0.0,0.2595595419406891,0.3045219480991363,0.1596406620200696,0.2223559767007827,0.2608738243579864,10.566599434018354,0.3567426605719747,493,21,0.0,0.0514509342610836,0.1099113676344883,-0.1099113676344883,0.1099113676344883,0.0116731517509727,0.2446601941747573,0.3212484993997599,0.4711538461538461
pronostia,abl_no_mono,Learning_set_Bearing3_1,42,15,515,E_norm|C_norm|VTOI,0.87,0.13,0.759917,0.0,0.2650187015533447,0.3019661605358124,0.1736874022392401,0.2270327061414718,0.258684366941452,10.532580295440754,0.3439533595330289,494,20,0.0,0.0707781985402107,0.1301752841594207,-0.1301752841594207,0.1301752841594207,0.0116731517509727,0.2,0.0862646566164154,0.25
pronostia,vtoi_static,Learning_set_Bearing3_2,42,15,1637,E_norm|C_norm|VTOI,0.89,0.11,0.722953,0.1111789859499083,0.2737855911254883,0.3461335301399231,-0.0880793666365524,0.746522068977356,0.943790853023529,122.25775151687354,1.2984496920808204,1623,13,0.0,0.0643822252750396,0.2357644779286161,-0.2357644779286161,0.2357644779286161,0.0061124694376528,0.599877825290165,0.1879066207424416,0.25
pronostia,vtoi_traj,Learning_set_Bearing3_2,42,15,1637,E_norm|C_norm|VTOI|VTOI_vel|VTOI_acc,0.89,0.11,0.722953,0.1111789859499083,0.2721893489360809,0.3226068615913391,0.0548071694990609,0.7421696782112122,0.8796414732933044,117.42031016539372,1.214860313875793,1623,13,0.0,0.1329186707735061,0.306469126058589,-0.306469126058589,0.306469126058589,0.0012224938875305,0.0372632864996945,0.017962308598351,0.1859756097560975
pronostia,transformer_vib,Learning_set_Bearing3_2,42,15,1637,,0.89,0.11,0.722953,0.1111789859499083,0.2797693908214569,0.3199152052402496,0.0705135438239927,0.7628378868103027,0.872302234172821,117.17571076107686,1.1725011962137677,1611,25,0.0,0.4370180666446686,0.0593608846064818,0.0593608846064818,-0.0593608846064818,0.0146699266503667,0.0500916310323763,0.0238510762070971,0.25
pronostia,tcn_vib,Learning_set_Bearing3_2,42,15,1637,,0.89,0.11,0.722953,0.1111789859499083,0.2966849207878113,0.331302672624588,0.0031653023364611,0.808961033821106,0.9033520817756652,121.89494495160024,1.187439436776246,-1,0,0.0,0.3755635917186737,0.05671267176726,-0.05671267176726,0.05671267176726,0.0024449877750611,0.1502748930971288,0.0658105939004815,0.25
pronostia,tcn_transformer_vib,Learning_set_Bearing3_2,42,15,1637,,0.89,0.11,0.722953,0.1111789859499083,0.293369710445404,0.3317841589450836,0.0002658411884762,0.799921452999115,0.9046648740768432,122.0232307037197,1.206238093333081,-1,0,0.0,0.4431338310241699,0.0466976933700521,-0.0466976933700521,0.0466976933700521,0.0238386308068459,0.599877825290165,0.1874761359297442,0.25
pronostia,cnn_bilstm_attn_vib,Learning_set_Bearing3_2,42,15,1637,,0.89,0.11,0.722953,0.1111789859499083,0.3090956211090088,0.3409692347049713,-0.055853431387802,0.8428008556365967,0.929709494113922,124.13126678177892,1.1694019548361694,-1,0,0.0,0.4286923408508301,0.029981536505377,-0.029981536505377,0.029981536505377,0.0293398533007334,0.0500916310323763,0.0238510762070971,0.25
pronostia,abl_no_idxhead,Learning_set_Bearing3_2,42,15,1637,,0.89,0.11,0.722953,0.1111789859499083,0.2735214233398437,0.3371597230434418,-0.0323918633985733,0.7458018660545349,0.9193221926689148,120.36453995827291,1.2635123348091124,1618,18,0.0,0.0749707743525505,0.0385903772627166,0.0385903772627166,-0.0385903772627166,0.011002444987775,0.0543677458766035,0.0538302664161899,0.1913925561273961
pronostia,abl_cond_noaux,Learning_set_Bearing3_2,42,15,1637,E_norm|C_norm|VTOI,0.89,0.11,0.722953,0.1111789859499083,0.2788092494010925,0.3304162621498108,0.0084922779263829,0.7602199912071228,0.9009351134300232,120.16474527021428,1.2378175368341382,1623,13,0.0,0.2962568998336792,0.0265494709449283,0.0265494709449283,-0.0265494709449283,0.0140586797066014,0.2119731215638363,0.1812356030360417,0.3109756097560975
pronostia,abl_E_only,Learning_set_Bearing3_2,42,15,1637,E_norm,0.89,0.11,0.722953,0.1111789859499083,0.2842900454998016,0.3222641944885254,0.0568139397665515,0.7751643061637878,0.8787071704864502,118.23572972366986,1.172384869611652,1617,19,0.0,0.082095593214035,0.0561950653567837,-0.0561950653567837,0.0561950653567837,0.0048899755501222,0.0500916310323763,0.0238510762070971,0.25
pronostia,abl_no_smooth,Learning_set_Bearing3_2,42,15,1637,E_norm|C_norm|VTOI,0.89,0.11,0.722953,0.1111789859499083,0.2683339715003967,0.3314872086048126,0.0020545388686808,0.7316573858261108,0.9038552641868592,118.2223536957818,1.2455245390160052,1610,26,0.0,0.0680982992053031,0.2147071843062744,-0.2147071843062744,0.2147071843062744,0.0134474327628361,0.6206475259621258,0.3318753175933042,0.3483226532876327
pronostia,abl_no_mono,Learning_set_Bearing3_2,42,15,1637,E_norm|C_norm|VTOI,0.89,0.11,0.722953,0.1111789859499083,0.2735233306884765,0.3371005356311798,-0.0320295773037901,0.7458069324493408,0.9191609621047974,120.29121925518848,1.261775092876055,1617,19,0.0,0.0672869756817817,0.0029833982812067,0.0029833982812067,-0.0029833982812067,0.0122249388753056,0.2003665241295052,0.0902590268337647,0.2530487804878049
pronostia,ctl_scalar,Full_Test_Set_Bearing1_3,42,15,2375,VTOI,0.86,0.14,0.691424,0.21642105263157896,0.21852436661720276,0.24722394347190857,0.4447491856707948,0.8646280765533447,0.9781827926635742,182.52904642584173,1.1530376895989634,1790,584,0.0,0.3597716689109802,0.7762775786136746,-0.7762775786136746,0.7762775786136746,0.016849199663016005,0.14610526315789474,0.13693764798737174,0.24367977528089887
pronostia,ctl_EC,Full_Test_Set_Bearing1_3,42,15,2375,E_norm|C_norm,0.86,0.14,0.691424,0.21642105263157896,0.18424847722053528,0.2109573781490326,0.5957057538186132,0.7290098071098328,0.8346880078315735,142.04567230600338,0.7947140993987651,1634,740,0.0,0.26486387848854065,0.7750043310684523,-0.7750043310684523,0.7750043310684523,0.005054759898904802,0.136,0.14186932341713834,0.22962302898687567
pronostia,ctl_hc10,Full_Test_Set_Bearing1_3,42,15,2375,hc_RMS_x|hc_RMS_y|hc_Kurt_x|hc_Kurt_y|hc_CF_x|hc_CF_y|hc_SE_x|hc_SE_y|hc_ESE_x|hc_ESE_y,0.86,0.14,0.691424,0.21642105263157896,0.1785905510187149,0.20664294064044952,0.6120736458954777,0.7066232562065125,0.8176172375679016,138.3928339339165,0.7828758418350236,1691,683,0.0,0.3426517844200134,0.8119215167601083,-0.8119215167601083,0.8119215167601083,0.00042122999157540015,0.16042105263157894,0.07537240379664996,0.20035136999802874
pronostia,ctl_random,Full_Test_Set_Bearing1_3,42,15,2375,VTOI_rand,0.86,0.14,0.691424,0.21642105263157896,0.20139995217323303,0.22935663163661957,0.52210694961444,0.7968724966049194,0.9074877500534058,171.9801514140759,1.1308493070486736,2134,240,0.0,0.34694164991378784,0.8444766572429634,-0.8444766572429634,0.8444766572429634,0.020219039595619208,0.7452631578947368,0.4273483982317495,0.44809678691109794
pronostia,ctl_shuffled,Full_Test_Set_Bearing1_3,42,15,2375,VTOI_shuf,0.86,0.14,0.691424,0.21642105263157896,0.18507225811481476,0.20897254347801208,0.6032777247409844,0.7322692275047302,0.8268346786499023,151.97036982257652,0.9544122321866453,1741,633,0.0,0.2926318347454071,0.7439958164993373,-0.7439958164993373,0.7439958164993373,0.0037910699241786015,0.2631578947368421,0.23418231101679265,0.38119899467770546
pronostia,ctl_elapsed,Full_Test_Set_Bearing1_3,42,15,2375,elapsed_norm,0.86,0.14,0.691424,0.21642105263157896,0.13325516879558563,0.15071699023246765,0.7936366699827864,0.5272462964057922,0.5963369011878967,105.31852350375043,0.6387099453346118,1811,563,0.0,0.3443138599395752,0.7343189077422537,-0.7343189077422537,0.7343189077422537,0.011794439764111205,0.24126315789473685,0.19993710143741888,0.32920017740981666
pronostia,ctl_lifefrac,Full_Test_Set_Bearing1_3,42,15,2375,Deg_oracle,0.86,0.14,0.691424,0.21642105263157896,0.053906604647636414,0.06586309522390366,0.960591274940199,0.21329046785831451,0.2605983316898346,42.7959681177612,0.27275860867472856,1673,701,0.0,0.30375227332115173,0.7980891114498608,-0.7980891114498608,0.7980891114498608,0.0016849199663016006,0.04842105263157895,0.023110932475884246,0.2415966386554622
pronostia,ctl_nodeg,Full_Test_Set_Bearing1_3,42,15,2375,VTOI_mono,0.86,0.14,0.691424,0.21642105263157896,0.19892165064811707,0.22700080275535583,0.531873904907491,0.787066638469696,0.8981664776802063,167.70222589813346,1.080345926166561,1679,695,0.0,0.35804203152656555,0.8047883655735429,-0.8047883655735429,0.8047883655735429,0.02864363942712721,0.6151578947368421,0.2557874627861238,0.33140645731977003
pronostia,ctl_scalar,Full_Test_Set_Bearing1_4,42,15,1428,VTOI,0.87,0.13,0.700434,0.1953781512605042,0.20577868819236755,0.2285672277212143,0.5256077567475272,0.48941028118133545,0.5436090230941772,59.595647996281635,0.6213923369727361,1090,337,0.0,0.24304471909999847,0.4482085703004878,-0.4482085703004878,0.4482085703004878,0.0189208128941836,0.04481792717086835,0.0868980108183563,0.08327902115100835
pronostia,ctl_EC,Full_Test_Set_Bearing1_4,42,15,1428,E_norm|C_norm,0.87,0.13,0.700434,0.1953781512605042,0.20993982255458832,0.23735342919826508,0.4884351726698952,0.49930688738822937,0.5645055770874023,58.7641894123137,0.5737576199374592,1088,339,0.0,0.19863586127758026,0.5580811838612183,-0.5580811838612183,0.5580811838612183,0.011913104414856343,0.046218487394957986,0.053715634045885564,0.11268138219380228
pronostia,ctl_hc10,Full_Test_Set_Bearing1_4,42,15,1428,hc_RMS_x|hc_RMS_y|hc_Kurt_x|hc_Kurt_y|hc_CF_x|hc_CF_y|hc_SE_x|hc_SE_y|hc_ESE_x|hc_ESE_y,0.87,0.13,0.700434,0.1953781512605042,0.2185056209564209,0.24053552746772766,0.4746266425244545,0.5196792483329773,0.5720736384391785,61.03857060854114,0.5935044194556918,1086,341,0.0,0.2428159862756729,0.5318184822467027,-0.5318184822467027,0.5318184822467027,0.0189208128941836,0.14775910364145659,0.06444715943799634,0.24649532710280375
pronostia,ctl_random,Full_Test_Set_Bearing1_4,42,15,1428,VTOI_rand,0.87,0.13,0.700434,0.1953781512605042,0.21061988174915314,0.23427636921405792,0.5016131440186709,0.5009243488311768,0.5571873188018799,61.75697714324304,0.6559195085219955,1087,340,0.0,0.2756631672382355,0.49765867953204584,-0.49765867953204584,0.49765867953204584,0.00350385423966363,0.3081232492997199,0.2716258229700073,0.4470814887686506
pronostia,ctl_shuffled,Full_Test_Set_Bearing1_4,42,15,1428,VTOI_shuf,0.87,0.13,0.700434,0.1953781512605042,0.19745993614196777,0.22143472731113434,0.5547528664790344,0.46962547302246094,0.5266456007957458,57.36578871277263,0.6024799765458106,1087,340,0.0,0.22100777924060822,0.4969914643579093,-0.4969914643579093,0.4969914643579093,0.00350385423966363,0.02030812324929972,0.015127296814699613,0.09608644859813084
pronostia,ctl_elapsed,Full_Test_Set_Bearing1_4,42,15,1428,elapsed_norm,0.87,0.13,0.700434,0.1953781512605042,0.14968423545360565,0.172270730137825,0.7305162221700885,0.3559989929199219,0.4097172021865845,43.88159065528334,0.47283438429711205,1087,340,0.0,0.20552502572536469,0.5698959640588728,-0.5698959640588728,0.5698959640588728,0.014716187806587245,0.14915966386554622,0.19120287253141832,0.2488317757009346
pronostia,ctl_lifefrac,Full_Test_Set_Bearing1_4,42,15,1428,Deg_oracle,0.87,0.13,0.700434,0.1953781512605042,0.10459648072719574,0.12529408931732178,0.8574488195905019,0.2487652748823166,0.2979910969734192,28.53086194796922,0.27340244561308574,1086,341,0.0,0.1825684756040573,0.5681884999611588,-0.5681884999611588,0.5681884999611588,0.014716187806587245,0.16806722689075632,0.09946805426716142,0.21831140350877193
pronostia,ctl_nodeg,Full_Test_Set_Bearing1_4,42,15,1428,VTOI_mono,0.87,0.13,0.700434,0.1953781512605042,0.19792905449867249,0.22195014357566833,0.5526777406755714,0.47074124217033386,0.5278714299201965,56.894686820601635,0.5868024133362335,1087,340,0.0,0.21561092138290405,0.5451379400890269,-0.5451379400890269,0.5451379400890269,0.014716187806587245,0.0,0.0,0.0
pronostia,ctl_scalar,Full_Test_Set_Bearing1_5,42,15,2463,VTOI,0.88,0.12,0.710895,0.001218026796589525,0.2861267030239105,0.32456764578819275,0.04296191886923906,1.174073338508606,1.3318092823028564,276.43355643785634,1.7749347835675207,2443,19,0.0,0.09247560054063797,0.114509321685973,0.114509321685973,-0.114509321685973,0.004061738424045491,0.20787657328461226,0.15326045807306454,0.2903225806451613
pronostia,ctl_EC,Full_Test_Set_Bearing1_5,42,15,2463,E_norm|C_norm,0.88,0.12,0.710895,0.001218026796589525,0.2883687913417816,0.32571911811828613,0.03615912816173139,1.183273196220398,1.3365342617034912,278.6472531998322,1.7902314008400373,2448,14,0.0,0.05941314250230789,0.1319486680179957,-0.1319486680179957,0.1319486680179957,0.0008123476848090983,0.1555014210312627,0.11632324458631163,0.2782258064516129
pronostia,ctl_hc10,Full_Test_Set_Bearing1_5,42,15,2463,hc_RMS_x|hc_RMS_y|hc_Kurt_x|hc_Kurt_y|hc_CF_x|hc_CF_y|hc_SE_x|hc_SE_y|hc_ESE_x|hc_ESE_y,0.88,0.12,0.710895,0.001218026796589525,0.28424641489982605,0.32545530796051025,0.03771987597629234,1.1663579940795898,1.3354517221450806,278.34378080693364,1.813705111617639,2448,14,0.0,0.05126700922846794,0.18174500699973029,0.18174500699973029,-0.18174500699973029,0.00974817221770918,0.15387738530247666,0.10285517351077648,0.2701612903225806
pronostia,ctl_random,Full_Test_Set_Bearing1_5,42,15,2463,VTOI_rand,0.88,0.12,0.710895,0.001218026796589525,0.2892107367515564,0.3261173665523529,0.03380083508344356,1.1867281198501587,1.3381683826446533,278.8503473025577,1.7868099536278244,2446,16,0.0,0.06214224919676781,0.01762193453370956,0.01762193453370956,-0.01762193453370956,0.0016246953696181965,0.2050345107592367,0.1312615587519275,0.2762096774193548
pronostia,ctl_shuffled,Full_Test_Set_Bearing1_5,42,15,2463,VTOI_shuf,0.88,0.12,0.710895,0.001218026796589525,0.2882412075996399,0.32580816745758057,0.03563222771192398,1.18274986743927,1.3368995189666748,278.86041381964907,1.7940351186058145,2448,14,0.0,0.0494457371532917,0.1825910448742443,0.1825910448742443,-0.1825910448742443,0.005686433793663688,0.15671944782785222,0.125825428618218,0.2842741935483871
pronostia,ctl_elapsed,Full_Test_Set_Bearing1_5,42,15,2463,elapsed_norm,0.88,0.12,0.710895,0.001218026796589525,0.2571864426136017,0.2977733314037323,0.19445390547545505,1.0553216934204102,1.2218632698059082,251.4763471254236,1.6561469686239538,2448,14,0.0,0.05685030296444893,0.13084591493220518,0.13084591493220518,-0.13084591493220518,0.0016246953696181965,0.6000812017864393,0.1881843646549529,0.25
pronostia,ctl_lifefrac,Full_Test_Set_Bearing1_5,42,15,2463,Deg_oracle,0.88,0.12,0.710895,0.001218026796589525,0.12263526767492294,0.14382994174957275,0.8120608003117261,0.5032134056091309,0.5901821851730347,115.48095536691557,0.7889330229045876,2269,193,0.0,0.06208179146051407,0.05877313376280829,0.05877313376280829,-0.05877313376280829,0.011372867587327376,0.6000812017864393,0.1883282364933741,0.25
pronostia,ctl_nodeg,Full_Test_Set_Bearing1_5,42,15,2463,VTOI_mono,0.88,0.12,0.710895,0.001218026796589525,0.2877872884273529,0.3251619338989258,0.03945396271236212,1.180887222290039,1.3342479467391968,278.2231212076443,1.7892219339625193,2449,13,0.0,0.05202087014913559,0.2652530061876443,0.2652530061876443,-0.2652530061876443,0.01949634443541836,0.14941128704831505,0.06923941798941799,0.25066111548212255
pronostia,ctl_scalar,Full_Test_Set_Bearing1_6,42,15,2448,VTOI,0.88,0.12,0.707944,0.0,0.2887956500053406,0.33083489537239075,0.005649266297317546,1.177804946899414,1.3492549657821655,279.04388654635875,1.8237249670739306,2433,14,0.0,0.13383492827415466,0.24240851990235487,0.24240851990235487,-0.24240851990235487,0.007764609726195341,0.6021241830065359,0.20743096859810695,0.26016260162601623
pronostia,ctl_EC,Full_Test_Set_Bearing1_6,42,15,2448,E_norm|C_norm,0.88,0.12,0.707944,0.0,0.27907246351242065,0.32877206802368164,0.018010696193956233,1.138150691986084,1.3408420085906982,273.5282864050945,1.8104592034757956,1649,798,0.0,0.11435708403587341,0.14915007384105564,0.14915007384105564,-0.14915007384105564,0.019207192480588477,0.06781045751633986,0.04793626927172887,0.19672580987723362
pronostia,ctl_hc10,Full_Test_Set_Bearing1_6,42,15,2448,hc_RMS_x|hc_RMS_y|hc_Kurt_x|hc_Kurt_y|hc_CF_x|hc_CF_y|hc_SE_x|hc_SE_y|hc_ESE_x|hc_ESE_y,0.88,0.12,0.707944,0.0,0.27570557594299316,0.32665711641311646,0.030603877032530202,1.1244192123413086,1.3322166204452515,271.3100496655944,1.8044387343413046,2422,25,0.0,0.1278180480003357,0.06985834890290486,0.06985834890290486,-0.06985834890290486,0.00858193706579485,0.2340686274509804,0.23208193506064279,0.309426423197848
pronostia,ctl_random,Full_Test_Set_Bearing1_6,42,15,2448,VTOI_rand,0.88,0.12,0.707944,0.0,0.2898571193218231,0.3293997645378113,0.014257314803013399,1.1821339130401611,1.3434020280838013,277.6875358253411,1.8002072541719207,2438,9,0.0,0.11563140153884888,0.13175558350497685,0.13175558350497685,-0.13175558350497685,0.0053126277073968125,0.20098039215686275,0.09866106589656078,0.25761883385705026
pronostia,ctl_shuffled,Full_Test_Set_Bearing1_6,42,15,2448,VTOI_shuf,0.88,0.12,0.707944,0.0,0.2897474467754364,0.3329126536846161,-0.006879762711569537,1.1816867589950562,1.3577287197113037,280.9177050123012,1.8405594159265009,-1,0,0.0,0.13836239278316498,0.2871408152934024,0.2871408152934024,-0.2871408152934024,0.00858193706579485,0.15073529411764705,0.06664879518202,0.2503403675970048
pronostia,ctl_elapsed,Full_Test_Set_Bearing1_6,42,15,2448,elapsed_norm,0.88,0.12,0.707944,0.0,0.21012726426124573,0.2427738606929779,0.4645476472008515,0.8569689989089966,0.9901127219200134,197.85763840388975,1.3087993449970146,2420,27,0.0,0.1370081901550293,0.1694325427747306,0.1694325427747306,-0.1694325427747306,0.002043318348998774,0.19812091503267973,0.08353427488804685,0.24795501022494887
pronostia,ctl_lifefrac,Full_Test_Set_Bearing1_6,42,15,2448,Deg_oracle,0.88,0.12,0.707944,0.0,0.08428912609815598,0.09779424220323563,0.91311524759357,0.3437591791152954,0.39883753657341003,75.14264320660054,0.49975533742595346,2025,422,0.0,0.12428965419530869,0.14025912942853935,0.14025912942853935,-0.14025912942853935,0.012668573763792398,0.04044117647058824,0.019442262372348782,0.20121951219512196
pronostia,ctl_nodeg,Full_Test_Set_Bearing1_6,42,15,2448,VTOI_mono,0.88,0.12,0.707944,0.0,0.27619409561157227,0.3285773992538452,0.019173058808171328,1.12641179561615,1.3400481939315796,272.6445485484803,1.8170141273665508,2420,27,0.0,0.11494219303131104,0.15737967252351415,0.15737967252351415,-0.15737967252351415,0.007764609726195341,0.6013071895424836,0.22333152496506498,0.2681354313459523
pronostia,ctl_scalar,Full_Test_Set_Bearing1_7,42,15,2259,VTOI,0.88,0.12,0.721486,0.0004426737494466578,0.289721816778183,0.3201789855957031,0.06872406038747536,1.0903197526931763,1.2049403190612793,228.50837616804864,1.5723187197142021,2215,43,0.0,0.10393649339675903,0.20952271063410172,-0.20952271063410172,0.20952271063410172,0.00841452612931798,0.20008853474988933,0.08354898336414047,0.25
pronostia,ctl_EC,Full_Test_Set_Bearing1_7,42,15,2259,E_norm|C_norm,0.88,0.12,0.721486,0.0004426737494466578,0.2867709994316101,0.32787272334098816,0.02343026271809412,1.0792149305343628,1.2338942289352417,234.06347837763082,1.666183573036154,-1,0,0.0,0.1194605901837349,0.25236998939401817,-0.25236998939401817,0.25236998939401817,0.001771479185119575,0.5998229305002213,0.18788130892956184,0.25
pronostia,ctl_hc10,Full_Test_Set_Bearing1_7,42,15,2259,hc_RMS_x|hc_RMS_y|hc_Kurt_x|hc_Kurt_y|hc_CF_x|hc_CF_y|hc_SE_x|hc_SE_y|hc_ESE_x|hc_ESE_y,0.88,0.12,0.721486,0.0004426737494466578,0.27005448937416077,0.3139869272708893,0.1043962904499941,1.0163050889968872,1.1816375255584717,222.5594219646641,1.6100165847494734,2225,33,0.0,0.12483447045087814,0.2896442303124039,-0.2896442303124039,0.2896442303124039,0.013286093888396812,0.03142983621071271,0.015236051502145923,0.1570796460176991
pronostia,ctl_random,Full_Test_Set_Bearing1_7,42,15,2259,VTOI_rand,0.88,0.12,0.721486,0.0004426737494466578,0.28298377990722656,0.32267096638679504,0.05417124218571212,1.064962387084961,1.2143185138702393,230.50438327297104,1.6419370275169312,2219,39,0.0,0.12529528141021729,0.12037783013999567,-0.12037783013999567,0.12037783013999567,0.007971656333038087,0.03275785745905268,0.01667738180049,0.1620575221238938
pronostia,ctl_shuffled,Full_Test_Set_Bearing1_7,42,15,2259,VTOI_shuf,0.88,0.12,0.721486,0.0004426737494466578,0.28709736466407776,0.32082560658454895,0.06495880235517071,1.080443024635315,1.2073737382888794,229.07875396079382,1.5968893731675462,2230,28,0.0,0.09887216240167618,0.1337831529339213,-0.1337831529339213,0.1337831529339213,0.024800708591674048,0.5998229305002213,0.1893515930687535,0.25
pronostia,ctl_elapsed,Full_Test_Set_Bearing1_7,42,15,2259,elapsed_norm,0.88,0.12,0.721486,0.0004426737494466578,0.2320186197757721,0.25585728883743286,0.40531319028013624,0.8731634616851807,0.9628762602806091,167.85055225610756,1.0469726017188163,2051,207,0.0,0.08476533740758896,0.0506636891984037,0.0506636891984037,-0.0506636891984037,0.001328609388839681,0.5998229305002213,0.18871866295264625,0.25
pronostia,ctl_lifefrac,Full_Test_Set_Bearing1_7,42,15,2259,Deg_oracle,0.88,0.12,0.721486,0.0004426737494466578,0.08361541479825974,0.09581257402896881,0.9166054298057247,0.31467267870903015,0.3605746626853943,61.18782596623795,0.41869393155665596,1785,473,0.0,0.09246142953634262,0.07870325323828914,-0.07870325323828914,0.07870325323828914,0.012400354295837024,0.20008853474988933,0.083364072298045,0.25
pronostia,ctl_nodeg,Full_Test_Set_Bearing1_7,42,15,2259,VTOI_mono,0.88,0.12,0.721486,0.0004426737494466578,0.29609957337379456,0.3259628117084503,0.034774454119652964,1.1143213510513306,1.2267067432403564,232.2584553665431,1.584308057281569,2214,44,0.0,0.08675192296504974,0.1483661781667457,0.1483661781667457,-0.1483661781667457,0.002657218777679362,0.14741035856573706,0.0670230784345742,0.2422574535479868
pronostia,ctl_scalar,Full_Test_Set_Bearing2_3,42,15,1955,VTOI,0.87,0.13,0.740734,0.0,0.30020081996917725,0.34662896394729614,-0.0913738457756923,0.9776541590690613,1.1288551092147827,181.12198045477268,1.48691556865035,268,1686,0.017902813299232736,0.06809333711862564,0.07284482414498876,-0.07284482414498876,0.07284482414498876,0.02302968270214944,0.20051150895140665,0.08400862203958796,0.25021312872975277
pronostia,ctl_EC,Full_Test_Set_Bearing2_3,42,15,1955,E_norm|C_norm,0.87,0.13,0.740734,0.0,0.30212706327438354,0.33587807416915894,-0.024724507005973395,0.9839271903038025,1.0938429832458496,177.1458328230113,1.4131437179656303,1946,8,0.0,0.09568357467651367,0.02354496757276524,0.02354496757276524,-0.02354496757276524,0.0010235414534288639,0.2040920716112532,0.09011416161483095,0.2514926285100774
pronostia,ctl_hc10,Full_Test_Set_Bearing2_3,42,15,1955,hc_RMS_x|hc_RMS_y|hc_Kurt_x|hc_Kurt_y|hc_CF_x|hc_CF_y|hc_SE_x|hc_SE_y|hc_ESE_x|hc_ESE_y,0.87,0.13,0.740734,0.0,0.31677648425102234,0.36667224764823914,-0.22123685637874901,1.0316354036331177,1.1941293478012085,190.62303450785024,1.5459197042364619,264,1690,0.0247229326513214,0.06220676004886627,0.07537072626576437,0.07537072626576437,-0.07537072626576437,0.0040941658137154556,0.05012787723785166,0.023867510959571358,0.25
pronostia,ctl_random,Full_Test_Set_Bearing2_3,42,15,1955,VTOI_rand,0.87,0.13,0.740734,0.0,0.2996448278427124,0.3493736684322357,-0.10872597093861547,0.9758434295654297,1.137793779373169,181.40213148574003,1.492347742705975,268,1686,0.013640238704177323,0.08775477856397629,0.09163818624386559,0.09163818624386559,-0.09163818624386559,0.02456499488229273,0.04757033248081841,0.025094849179798994,0.23108373784296327
pronostia,ctl_shuffled,Full_Test_Set_Bearing2_3,42,15,1955,VTOI_shuf,0.87,0.13,0.740734,0.0,0.2957317531108856,0.3383973240852356,-0.04015405989960574,0.9630998969078064,1.102047324180603,177.34820621276242,1.4505112089438226,265,1689,0.008525149190110827,0.07430076599121094,0.11872040781076466,0.11872040781076466,-0.11872040781076466,0.019447287615148412,0.5867007672634271,0.18547865459249677,0.24445865302642797
pronostia,ctl_elapsed,Full_Test_Set_Bearing2_3,42,15,1955,elapsed_norm,0.87,0.13,0.740734,0.0,0.29036077857017517,0.3283127248287201,0.02091755375249915,0.9456083178520203,1.0692051649093628,172.02050678211452,1.3926968800416097,265,1689,0.005115089514066497,0.0917205885052681,0.045202792173774764,0.045202792173774764,-0.045202792173774764,0.0020470829068577278,0.055754475703324806,0.03208145377371534,0.23215590584059712
pronostia,ctl_lifefrac,Full_Test_Set_Bearing2_3,42,15,1955,Deg_oracle,0.87,0.13,0.740734,0.0,0.10810646414756775,0.13257189095020294,0.8403581585124803,0.3520667552947998,0.43174248933792114,64.29272469622062,0.5670446203314149,1741,213,0.0,0.05155433341860771,0.02617730572906138,0.02617730572906138,-0.02617730572906138,0.0020470829068577278,0.2010230179028133,0.08489876745785079,0.25042625745950553
pronostia,ctl_nodeg,Full_Test_Set_Bearing2_3,42,15,1955,VTOI_mono,0.87,0.13,0.740734,0.0,0.3005841374397278,0.34248921275138855,-0.06546118568112957,0.978902280330658,1.1153732538223267,178.99021936237887,1.4497408279575064,265,1689,0.013640238704177323,0.10302869975566864,0.06183350559496159,0.06183350559496159,-0.06183350559496159,0.02047082906857728,0.5867007672634271,0.21911603312381522,0.26549967813212244
pronostia,ctl_scalar,Full_Test_Set_Bearing2_4,42,15,751,VTOI,0.88,0.12,0.752921,0.0,0.300771564245224,0.3324835002422333,-0.002768243665857817,0.375964492559433,0.4156043529510498,25.05460217620238,0.5379960816384562,-1,0,0.0,0.10894381999969482,0.1318669527272618,0.1318669527272618,-0.1318669527272618,0.02666666666666667,0.045272969374167776,0.02165605095541401,0.2236842105263158
pronostia,ctl_EC,Full_Test_Set_Bearing2_4,42,15,751,E_norm|C_norm,0.88,0.12,0.752921,0.0,0.2957691252231598,0.3300006687641144,0.012152033044804056,0.36971142888069153,0.41250088810920715,24.90471099666449,0.5433750694720558,-1,0,0.0,0.10261854529380798,0.05676231919303767,0.05676231919303767,-0.05676231919303767,0.013333333333333334,0.5992010652463382,0.18765638031693077,0.25
pronostia,ctl_hc10,Full_Test_Set_Bearing2_4,42,15,751,hc_RMS_x|hc_RMS_y|hc_Kurt_x|hc_Kurt_y|hc_CF_x|hc_CF_y|hc_SE_x|hc_SE_y|hc_ESE_x|hc_ESE_y,0.88,0.12,0.752921,0.0,0.2958639860153198,0.3323597311973572,-0.002021966476304149,0.3698299825191498,0.41544967889785767,25.13803560699813,0.5552559833131612,-1,0,0.0,0.10156171768903732,0.12989432897556186,0.12989432897556186,-0.12989432897556186,0.037333333333333336,0.5992010652463382,0.18734388009991673,0.25
pronostia,ctl_random,Full_Test_Set_Bearing2_4,42,15,751,VTOI_rand,0.88,0.12,0.752921,0.0,0.2955614924430847,0.33068299293518066,0.008062937905380152,0.3694519102573395,0.41335374116897583,24.95046126375285,0.5462585567848908,-1,0,0.0,0.11223644763231277,0.18030846816185414,0.18030846816185414,-0.18030846816185414,0.018666666666666668,0.19973368841544606,0.08324084350721421,0.25
pronostia,ctl_shuffled,Full_Test_Set_Bearing2_4,42,15,751,VTOI_shuf,0.88,0.12,0.752921,0.0,0.3024460971355438,0.3345889449119568,-0.015508473299489456,0.378057599067688,0.4182361662387848,25.16445856694636,0.5391673785448322,-1,0,0.0,0.10035933554172516,0.10406684057525871,0.10406684057525871,-0.10406684057525871,0.042666666666666665,0.2729693741677763,0.15062781046929,0.24833333333333332
pronostia,ctl_elapsed,Full_Test_Set_Bearing2_4,42,15,751,elapsed_norm,0.88,0.12,0.752921,0.0,0.3011055290699005,0.3337470293045044,-0.01040442220552995,0.37638193368911743,0.4171837866306305,25.1159333174582,0.5401838341716692,-1,0,0.0,0.10655099898576736,0.20358333811211476,0.20358333811211476,-0.20358333811211476,0.0026666666666666666,0.19973368841544606,0.08324084350721421,0.25
pronostia,ctl_lifefrac,Full_Test_Set_Bearing2_4,42,15,751,Deg_oracle,0.88,0.12,0.752921,0.0,0.2983711063861847,0.33152061700820923,0.0030313917301896254,0.3729638457298279,0.41440078616142273,24.956441276140065,0.5390869491800576,-1,0,0.0,0.10594475269317627,0.018537265055551574,-0.018537265055551574,0.018537265055551574,0.010666666666666666,0.151797603195739,0.07828980598389636,0.2565789473684211
pronostia,ctl_nodeg,Full_Test_Set_Bearing2_4,42,15,751,VTOI_mono,0.88,0.12,0.752921,0.0,0.29681694507598877,0.3289462924003601,0.018454672258461646,0.37102118134498596,0.41118285059928894,24.822643764017137,0.5364318765487804,-1,0,0.0,0.08489903062582016,0.1769433978765416,0.1769433978765416,-0.1769433978765416,0.018666666666666668,0.2103861517976032,0.16918710046751265,0.3026315789473684
pronostia,ctl_scalar,Full_Test_Set_Bearing2_5,42,15,2311,VTOI,0.86,0.14,0.738253,0.0,0.29907935857772827,0.34195196628570557,-0.062257852277677106,1.1514555215835571,1.3165150880813599,254.14276098054535,1.7414091454408998,88,2222,0.0021645021645021645,0.09012801945209503,0.09800919585570946,0.09800919585570946,-0.09800919585570946,0.005194805194805195,0.5980095196884465,0.19120890439330873,0.2512532965119172
pronostia,ctl_EC,Full_Test_Set_Bearing2_5,42,15,2311,E_norm|C_norm,0.86,0.14,0.738253,0.0,0.3078133165836334,0.35350659489631653,-0.1352583816364561,1.1850813627243042,1.361000418663025,259.8475753291979,1.7580059808618476,7,2303,0.025252525252525252,0.102178655564785,0.19559385597407736,0.19559385597407736,-0.19559385597407736,0.0017316017316017316,0.5997403721332757,0.1874492832025967,0.25
pronostia,ctl_hc10,Full_Test_Set_Bearing2_5,42,15,2311,hc_RMS_x|hc_RMS_y|hc_Kurt_x|hc_Kurt_y|hc_CF_x|hc_CF_y|hc_SE_x|hc_SE_y|hc_ESE_x|hc_ESE_y,0.86,0.14,0.738253,0.0,0.298177033662796,0.33933520317077637,-0.046062383104085614,1.1479816436767578,1.3064405918121338,252.79948571096966,1.7304002232093982,114,2196,0.005050505050505051,0.07571740448474884,0.0415022357740624,-0.0415022357740624,0.0415022357740624,0.004329004329004329,0.5222847252271744,0.18369344456308742,0.22794757924068268
pronostia,ctl_random,Full_Test_Set_Bearing2_5,42,15,2311,VTOI_rand,0.86,0.14,0.738253,0.0,0.30926012992858887,0.3564048707485199,-0.15395011524033508,1.190651535987854,1.3721588850021362,260.1914486161663,1.7502526439525259,14,2296,0.026695526695526696,0.11261814087629318,0.23701482749678282,0.23701482749678282,-0.23701482749678282,0.0017316017316017316,0.04889658156642146,0.025767757577385315,0.23635679454644973
pronostia,ctl_shuffled,Full_Test_Set_Bearing2_5,42,15,2311,VTOI_shuf,0.86,0.14,0.738253,0.0,0.3079107105731964,0.35529637336730957,-0.1467832375910907,1.1854562759399414,1.3678911924362183,261.26968449165196,1.77623915564642,86,2224,0.022366522366522368,0.09285493940114975,0.26525652689417667,0.26525652689417667,-0.26525652689417667,0.013852813852813853,0.2289052358286456,0.12811740559101667,0.27680126387022935
pronostia,ctl_elapsed,Full_Test_Set_Bearing2_5,42,15,2311,elapsed_norm,0.86,0.14,0.738253,0.0,0.23654675483703613,0.2627943158149719,0.37261866596885895,0.9107049703598022,1.0117580890655518,192.15149799786542,1.2938260643489898,-1,0,0.0,0.0690845400094986,0.16490123357138478,0.16490123357138478,-0.16490123357138478,0.01471861471861472,0.1505841627001298,0.06570888951346712,0.25018037518037517
pronostia,ctl_lifefrac,Full_Test_Set_Bearing2_5,42,15,2311,Deg_oracle,0.86,0.14,0.738253,0.0,0.08540302515029907,0.10017284750938416,0.9088409519784726,0.328801691532135,0.3856654763221741,65.15444245716441,0.43069106137318747,1817,493,0.0,0.06930463761091232,0.2237728274758884,0.2237728274758884,-0.2237728274758884,0.01471861471861472,0.21159671138035482,0.09385780073750573,0.25487012987012986
pronostia,ctl_nodeg,Full_Test_Set_Bearing2_5,42,15,2311,VTOI_mono,0.86,0.14,0.738253,0.0,0.31695395708084106,0.3646598756313324,-0.20802427171616444,1.2202727794647217,1.4039405584335327,266.86776884324473,1.7915801862099585,2,2308,0.0367965367965368,0.1195758655667305,0.24255417041202043,0.24255417041202043,-0.24255417041202043,0.007792207792207792,0.1549112938122025,0.08396271440341696,0.26526762170332674
pronostia,ctl_scalar,Full_Test_Set_Bearing2_6,42,15,701,VTOI,0.88,0.12,0.719201,0.0,0.2822663486003876,0.3197610676288605,0.0726493403082904,0.3293107748031616,0.3730545938014984,20.970778048086203,0.5015919672447481,691,9,0.0,0.08449433743953705,0.04589714973139082,0.04589714973139082,-0.04589714973139082,0.04,0.6062767475035663,0.2506775067750677,0.2847222222222222
pronostia,ctl_EC,Full_Test_Set_Bearing2_6,42,15,701,E_norm|C_norm,0.88,0.12,0.719201,0.0,0.2766178250312805,0.31736624240875244,0.08648797425989074,0.32272079586982727,0.370260626077652,20.603295842653935,0.4944039460433682,687,13,0.0,0.06738696992397308,0.06880755811049875,0.06880755811049875,-0.06880755811049875,0.017142857142857144,0.16975748930099857,0.2062878787878788,0.3472222222222222
pronostia,ctl_hc10,Full_Test_Set_Bearing2_6,42,15,701,hc_RMS_x|hc_RMS_y|hc_Kurt_x|hc_Kurt_y|hc_CF_x|hc_CF_y|hc_SE_x|hc_SE_y|hc_ESE_x|hc_ESE_y,0.88,0.12,0.719201,0.0,0.2804638147354126,0.32216522097587585,0.05865220756043632,0.3272078037261963,0.37585943937301636,21.108301824469983,0.5137483728943278,-1,0,0.0,0.08317654579877853,0.11278552547852498,-0.11278552547852498,0.11278552547852498,0.022857142857142857,0.14978601997146934,0.06546134663341646,0.25
pronostia,ctl_random,Full_Test_Set_Bearing2_6,42,15,701,VTOI_rand,0.88,0.12,0.719201,0.0,0.2897660434246063,0.321023166179657,0.06531441211730282,0.3380603790283203,0.37452706694602966,21.032356716943397,0.48653574469505934,687,13,0.0,0.06421859562397003,0.08912181267290423,-0.08912181267290423,0.08912181267290423,0.02,0.03138373751783167,0.015214384508990318,0.1527777777777778
pronostia,ctl_shuffled,Full_Test_Set_Bearing2_6,42,15,701,VTOI_shuf,0.88,0.12,0.719201,0.0,0.2806818187236786,0.31756165623664856,0.08536259181407557,0.32746216654777527,0.37048864364624023,20.659250345479027,0.48761174217605174,687,13,0.0,0.07733026146888733,0.04158872409974191,0.04158872409974191,-0.04158872409974191,0.014285714285714285,0.14978601997146934,0.06628787878787878,0.25
pronostia,ctl_elapsed,Full_Test_Set_Bearing2_6,42,15,701,elapsed_norm,0.88,0.12,0.719201,0.0,0.2692725658416748,0.3004555106163025,0.1812465088472155,0.3141513466835022,0.3505314588546753,19.56080829715919,0.45422901373526636,687,13,0.0,0.059348028153181076,0.16145477519930646,-0.16145477519930646,0.16145477519930646,0.022857142857142857,0.03138373751783167,0.015214384508990318,0.1527777777777778
pronostia,ctl_lifefrac,Full_Test_Set_Bearing2_6,42,15,701,Deg_oracle,0.88,0.12,0.719201,0.0,0.0752958282828331,0.08793128281831741,0.9298739139412568,0.08784513920545578,0.10258650034666061,5.493772392475981,0.13271988387194364,576,124,0.0,0.08523980528116226,0.09004595433730757,0.09004595433730757,-0.09004595433730757,0.005714285714285714,0.5991440798858774,0.1873327386262266,0.25
pronostia,ctl_nodeg,Full_Test_Set_Bearing2_6,42,15,701,VTOI_mono,0.88,0.12,0.719201,0.0,0.27849817276000977,0.31814756989479065,0.08198443971329006,0.3249145448207855,0.3711721897125244,20.713363171066725,0.49608444056730083,687,13,0.0,0.09343312680721283,0.2381903424708649,0.2381903424708649,-0.2381903424708649,0.03142857142857143,0.16405135520684735,0.17465042604325975,0.3194444444444444
pronostia,ctl_scalar,Full_Test_Set_Bearing2_7,42,15,230,VTOI,0.88,0.12,0.726412,0.0,0.27003902196884155,0.3206794857978821,0.07175626049553274,0.10306490957736969,0.1223926767706871,2.16980039674666,0.16535120607637194,225,4,0.0,0.1653955727815628,0.3838357060638761,-0.3838357060638761,0.3838357060638761,0.06550218340611354,0.6,0.19918465478492656,0.2536231884057971
pronostia,ctl_EC,Full_Test_Set_Bearing2_7,42,15,230,E_norm|C_norm,0.88,0.12,0.726412,0.0,0.2755142152309418,0.3140850365161896,0.10954048927930105,0.1051546037197113,0.11987580358982086,2.158977396644655,0.15876655393563535,225,4,0.0,0.1599818468093872,0.16997063430239776,-0.16997063430239776,0.16997063430239776,0.048034934497816595,0.2217391304347826,0.14100985221674878,0.28868286445012786
pronostia,ctl_hc10,Full_Test_Set_Bearing2_7,42,15,230,hc_RMS_x|hc_RMS_y|hc_Kurt_x|hc_Kurt_y|hc_CF_x|hc_CF_y|hc_SE_x|hc_SE_y|hc_ESE_x|hc_ESE_y,0.88,0.12,0.726412,0.0,0.2645058035850525,0.3094118535518646,0.13584109145952405,0.10095304995775223,0.11809220910072327,2.09959240027388,0.15732688199850203,225,4,0.0,0.15446506440639496,0.2428078501927261,-0.2428078501927261,0.2428078501927261,0.048034934497816595,0.2,0.08333333333333333,0.25
pronostia,ctl_random,Full_Test_Set_Bearing2_7,42,15,230,VTOI_rand,0.88,0.12,0.726412,0.0,0.2853087782859802,0.3211417496204376,0.0690781320404682,0.10889283567667007,0.12256910651922226,2.236862583252585,0.16456908813232313,-1,0,0.0,0.1714656502008438,0.037050961936527446,-0.037050961936527446,0.037050961936527446,0.06550218340611354,0.6,0.19008264462809918,0.25
pronostia,ctl_shuffled,Full_Test_Set_Bearing2_7,42,15,230,VTOI_shuf,0.88,0.12,0.726412,0.0,0.28609737753868103,0.3140001893043518,0.1100216229326556,0.1091938465833664,0.11984340846538544,2.18867051478255,0.1551066829741973,225,4,0.0,0.15602841973304749,0.13103111490761532,-0.13103111490761532,0.13103111490761532,0.056768558951965066,0.021739130434782608,0.01742993848257006,0.08876811594202898
pronostia,ctl_elapsed,Full_Test_Set_Bearing2_7,42,15,230,elapsed_norm,0.88,0.12,0.726412,0.0,0.2692207098007202,0.32007020711898804,0.0752801774720453,0.10275256633758545,0.12216012924909592,2.165178947808648,0.16521479555041246,225,4,0.0,0.1489008218050003,0.28044599789553054,-0.28044599789553054,0.28044599789553054,0.03056768558951965,0.6043478260869565,0.20022311942201446,0.2554347826086957
pronostia,ctl_lifefrac,Full_Test_Set_Bearing2_7,42,15,230,Deg_oracle,0.88,0.12,0.726412,0.0,0.07072252035140991,0.08322414010763168,0.9374800928207458,0.02699243277311325,0.03176388144493103,0.5343597551293655,0.037527172117615526,184,45,0.0,0.15628544986248016,0.4225289860221627,-0.4225289860221627,0.4225289860221627,0.021834061135371178,0.16956521739130434,0.21269588916647741,0.3541666666666667
pronostia,ctl_nodeg,Full_Test_Set_Bearing2_7,42,15,230,VTOI_mono,0.88,0.12,0.726412,0.0,0.27385205030441284,0.31368476152420044,0.11180862616168208,0.10452020168304443,0.11972302943468094,2.1445455898010364,0.1574922544233825,225,4,0.0,0.14080475270748138,0.0896673818640769,-0.0896673818640769,0.0896673818640769,0.03056768558951965,0.0391304347826087,0.046825396825396826,0.12590579710144928
pronostia,ctl_scalar,Full_Test_Set_Bearing3_3,42,15,434,VTOI,0.88,0.12,0.702101,0.0,0.25956785678863525,0.287504106760025,0.2513863910584899,0.1873214840888977,0.20748214423656464,7.059184149380144,0.2605331573379977,422,11,0.0,0.12314315885305405,0.4447999019444597,-0.4447999019444597,0.4447999019444597,0.03002309468822171,0.21428571428571427,0.18924709243011628,0.3181818181818182
pronostia,ctl_EC,Full_Test_Set_Bearing3_3,42,15,434,E_norm|C_norm,0.88,0.12,0.702101,0.0,0.25384634733200073,0.3051106631755829,0.1568896304446532,0.1831924468278885,0.2201882153749466,7.383261616258552,0.29993525548829497,411,22,0.0,0.15798883140087128,0.3076472440524545,-0.3076472440524545,0.3076472440524545,0.020785219399538105,0.013824884792626729,0.006896551724137931,0.06818181818181818
pronostia,ctl_hc10,Full_Test_Set_Bearing3_3,42,15,434,hc_RMS_x|hc_RMS_y|hc_Kurt_x|hc_Kurt_y|hc_CF_x|hc_CF_y|hc_SE_x|hc_SE_y|hc_ESE_x|hc_ESE_y,0.88,0.12,0.702101,0.0,0.2513030767440796,0.2757751941680908,0.3112208244457496,0.18135707080364227,0.19901776313781738,6.907330633550178,0.2596915094707642,423,10,0.0,0.10323578119277954,0.4298798029919362,-0.4298798029919362,0.4298798029919362,0.06697459584295612,0.0069124423963133645,0.0037974683544303796,0.03409090909090909
pronostia,ctl_random,Full_Test_Set_Bearing3_3,42,15,434,VTOI_rand,0.88,0.12,0.702101,0.0,0.282327264547348,0.3161793351173401,0.09460816179284703,0.20374618470668793,0.22817610204219818,7.8791385924347,0.30181627449030185,424,9,0.0,0.14030049741268158,0.10234327658144653,-0.10234327658144653,0.10234327658144653,0.016166281755196306,0.20046082949308755,0.08349328214971209,0.25
pronostia,ctl_shuffled,Full_Test_Set_Bearing3_3,42,15,434,VTOI_shuf,0.88,0.12,0.702101,0.0,0.2674007713794708,0.3132246434688568,0.11145097311946417,0.19297422468662262,0.22604377567768097,7.734337799877149,0.31177986715061906,-1,0,0.0,0.14872212707996368,0.5218446850930254,-0.5218446850930254,0.5218446850930254,0.03233256351039261,0.2073732718894009,0.14183157268263652,0.28409090909090906
pronostia,ctl_elapsed,Full_Test_Set_Bearing3_3,42,15,434,elapsed_norm,0.88,0.12,0.702101,0.0,0.22540563344955444,0.2659868001937866,0.3592483364855217,0.16266775131225586,0.19195379316806793,6.627871205830249,0.2746397374242905,-1,0,0.0,0.12496548891067505,0.3436723227093048,-0.3436723227093048,0.3436723227093048,0.020785219399538105,0.029953917050691243,0.06145532904702279,0.051681938750904266
pronostia,ctl_lifefrac,Full_Test_Set_Bearing3_3,42,15,434,Deg_oracle,0.88,0.12,0.702101,0.0,0.0930866152048111,0.1133793517947197,0.8835773331275574,0.06717750430107117,0.08182209730148315,2.7290313372336588,0.11436944849432923,382,51,0.0,0.13792693614959717,0.4092266397980171,-0.4092266397980171,0.4092266397980171,0.020785219399538105,0.1497695852534562,0.06539235412474849,0.25
pronostia,ctl_nodeg,Full_Test_Set_Bearing3_3,42,15,434,VTOI_mono,0.88,0.12,0.702101,0.0,0.25104349851608276,0.29720738530158997,0.2000021128182824,0.18116974830627441,0.21448467671871185,7.354202933757819,0.30216661133065237,431,2,0.0,0.14193494617938995,0.5296325670565271,-0.5296325670565271,0.5296325670565271,0.053117782909930716,0.1497695852534562,0.06513026052104208,0.25
pronostia,ctl_scalar,Learning_set_Bearing1_1,42,15,2803,VTOI,0.88,0.12,0.715734,0.07670353193007493,0.22874754667282104,0.25447359681129456,0.41164530284155176,1.0682512521743774,1.1883916854858398,276.32827252066795,1.5264800685127953,1317,1485,0.002379535990481856,0.1272522509098053,0.8045040540934059,-0.8045040540934059,0.8045040540934059,0.004996431120628123,0.047092400998929716,0.055025066824784884,0.06556167679837893
pronostia,ctl_EC,Learning_set_Bearing1_1,42,15,2803,E_norm|C_norm,0.88,0.12,0.715734,0.07670353193007493,0.19391340017318726,0.22217534482479095,0.5515174885415493,0.9055755734443665,1.037558913230896,226.47054709973742,1.207121582818093,2016,786,0.0,0.20250651240348816,0.8337972773114762,-0.8337972773114762,0.8337972773114762,0.008565310492505354,0.6400285408490902,0.3198645392345461,0.4019551132619415
pronostia,ctl_hc10,Learning_set_Bearing1_1,42,15,2803,hc_RMS_x|hc_RMS_y|hc_Kurt_x|hc_Kurt_y|hc_CF_x|hc_CF_y|hc_SE_x|hc_SE_y|hc_ESE_x|hc_ESE_y,0.88,0.12,0.715734,0.07670353193007493,0.24079498648643494,0.26833778619766235,0.3457896865876857,1.1245126724243164,1.2531373500823975,299.3589391661642,1.7011214569144555,2606,196,0.0,0.10390211641788483,0.8605084102657314,-0.8605084102657314,0.8605084102657314,0.007137758743754461,0.006421691045308598,0.0056056416350534,0.003568597474661684
pronostia,ctl_random,Learning_set_Bearing1_1,42,15,2803,VTOI_rand,0.88,0.12,0.715734,0.07670353193007493,0.21524545550346375,0.2503995895385742,0.4303330778972748,1.0051963329315186,1.1693661212921143,266.8597144644324,1.5125050666066544,2372,430,0.0,0.14088939130306244,0.8482458648821682,-0.8482458648821682,0.8482458648821682,0.01284796573875803,0.13592579379236533,0.19341078499883532,0.3375
pronostia,ctl_shuffled,Learning_set_Bearing1_1,42,15,2803,VTOI_shuf,0.88,0.12,0.715734,0.07670353193007493,0.20195108652114868,0.2347869575023651,0.49915692212217033,0.9431115984916687,1.0964550971984863,217.44989651827586,0.9985024915769553,1317,1485,0.002379535990481856,0.13044825196266174,0.8860756084041702,-0.8860756084041702,0.8860756084041702,0.023554603854389723,0.057438458794149126,0.06398649428389551,0.07157720400883302
pronostia,ctl_elapsed,Learning_set_Bearing1_1,42,15,2803,elapsed_norm,0.88,0.12,0.715734,0.07670353193007493,0.19386497139930725,0.21695873141288757,0.5723307488696809,0.9053493738174438,1.0131973028182983,227.35586939648937,1.2303273359720956,2140,662,0.0,0.18060608208179474,0.7425925390390866,-0.7425925390390866,0.7425925390390866,0.009279086366880799,0.639671780235462,0.2984353002832764,0.45330617889881175
pronostia,ctl_lifefrac,Learning_set_Bearing1_1,42,15,2803,Deg_oracle,0.88,0.12,0.715734,0.07670353193007493,0.21555130183696747,0.23778726160526276,0.48627474965906403,1.0066245794296265,1.110466480255127,261.43897095251333,1.4680965983196217,2452,350,0.0,0.12031450867652893,0.8299383429287163,-0.8299383429287163,0.8299383429287163,0.017130620985010708,0.09382804138423118,0.045025048373568514,0.15520780250268953
pronostia,ctl_nodeg,Learning_set_Bearing1_1,42,15,2803,VTOI_mono,0.88,0.12,0.715734,0.07670353193007493,0.23430736362934113,0.2604433596134186,0.38371668327740993,1.0942155122756958,1.2162705659866333,287.71200354979965,1.6180652489728198,2533,269,0.0,0.12337955832481384,0.7563657278315804,-0.7563657278315804,0.7563657278315804,0.01284796573875803,0.19728861933642525,0.08870363604211579,0.24508822405299813
pronostia,ctl_scalar,Learning_set_Bearing1_2,42,15,871,VTOI,0.88,0.12,0.733679,0.0,0.2854540944099426,0.3265590965747833,0.03235838019465331,0.413908451795578,0.4735107123851776,31.77220815001094,0.5771230939657018,826,44,0.0,0.10169320553541183,0.1692287442311203,-0.1692287442311203,0.1692287442311203,0.004597701149425287,0.5797933409873708,0.22266526569586306,0.25812713872071597
pronostia,ctl_EC,Learning_set_Bearing1_2,42,15,871,E_norm|C_norm,0.88,0.12,0.733679,0.0,0.26486480236053467,0.3145882487297058,0.1020008653743415,0.38405394554138184,0.4561529755592346,30.649390688034856,0.5894461359564604,829,41,0.0,0.07758743315935135,0.04869050007955532,-0.04869050007955532,0.04869050007955532,0.006896551724137931,0.18714121699196326,0.21975739448321702,0.34142457744063426
pronostia,ctl_hc10,Learning_set_Bearing1_2,42,15,871,hc_RMS_x|hc_RMS_y|hc_Kurt_x|hc_Kurt_y|hc_CF_x|hc_CF_y|hc_SE_x|hc_SE_y|hc_ESE_x|hc_ESE_y,0.88,0.12,0.733679,0.0,0.288315087556839,0.3225972652435303,0.05569510381027354,0.4180568754673004,0.46776601672172546,31.70979262890434,0.5663036626098564,826,44,0.0,0.10219777375459671,0.17813107601752193,-0.17813107601752193,0.17813107601752193,0.011494252873563218,0.19173363949483352,0.08645051047515113,0.23802681992337166
pronostia,ctl_random,Learning_set_Bearing1_2,42,15,871,VTOI_rand,0.88,0.12,0.733679,0.0,0.2695862352848053,0.3095017969608307,0.13080478980797616,0.39090004563331604,0.4487776458263397,31.23199515837022,0.6031048822122596,829,41,0.0,0.07168659567832947,0.1523179039490689,-0.1523179039490689,0.1523179039490689,0.01839080459770115,0.15040183696900114,0.0655,0.25
pronostia,ctl_shuffled,Learning_set_Bearing1_2,42,15,871,VTOI_shuf,0.88,0.12,0.733679,0.0,0.27383801341056824,0.3120414912700653,0.11648164906271197,0.397065132856369,0.4524601399898529,31.467773305819943,0.6008656852329032,829,41,0.0,0.07776610553264618,0.12521367929382915,-0.12521367929382915,0.12521367929382915,0.004597701149425287,0.16073478760045926,0.09021767637031208,0.2624594191453891
pronostia,ctl_elapsed,Learning_set_Bearing1_2,42,15,871,elapsed_norm,0.88,0.12,0.733679,0.0,0.27116289734840393,0.3063306212425232,0.1485253207370283,0.39318621158599854,0.44417938590049744,31.199011378880726,0.5975756311642667,833,37,0.0,0.10166432708501816,0.17093466002240387,-0.17093466002240387,0.17093466002240387,0.004597701149425287,0.011481056257175661,0.019070181247180414,0.017654998258446533
pronostia,ctl_lifefrac,Learning_set_Bearing1_2,42,15,871,Deg_oracle,0.88,0.12,0.733679,0.0,0.09835420548915863,0.11634331196546555,0.8771786818342385,0.14261360466480255,0.1686978042125702,11.129970700717436,0.21588787967317774,757,113,0.0,0.10236635059118271,0.2077477955160613,-0.2077477955160613,0.2077477955160613,0.013793103448275862,0.2020665901262916,0.08756716171034463,0.25
pronostia,ctl_nodeg,Learning_set_Bearing1_2,42,15,871,VTOI_mono,0.88,0.12,0.733679,0.0,0.27547377347946167,0.3101569712162018,0.12712099891735662,0.39943698048591614,0.4497276544570923,31.37018471305234,0.5916670501348696,837,33,0.0,0.10962312668561935,0.18752240950446786,-0.18752240950446786,0.18752240950446786,0.011494252873563218,0.16762342135476463,0.10258954917761634,0.27108010880056155
pronostia,ctl_scalar,Learning_set_Bearing2_1,42,15,911,VTOI,0.88,0.12,0.72736,0.0,0.2992404103279114,0.3296128213405609,0.014095109728430977,0.4538479447364807,0.4999127686023712,36.723072152008356,0.6441803501042794,-1,0,0.0,0.17311230301856995,0.34907327346845946,-0.34907327346845946,0.34907327346845946,0.008791208791208791,0.150384193194292,0.06894004967635105,0.2495488088553782
pronostia,ctl_EC,Learning_set_Bearing2_1,42,15,911,E_norm|C_norm,0.88,0.12,0.72736,0.0,0.297736257314682,0.32781127095222473,0.0248428905382565,0.451566606760025,0.49718040227890015,36.5323260103755,0.6409397904247937,-1,0,0.0,0.1626387983560562,0.2823275904059482,-0.2823275904059482,0.2823275904059482,0.015384615384615385,0.16355653128430298,0.11504296879121953,0.24924467260233685
pronostia,ctl_hc10,Learning_set_Bearing2_1,42,15,911,hc_RMS_x|hc_RMS_y|hc_Kurt_x|hc_Kurt_y|hc_CF_x|hc_CF_y|hc_SE_x|hc_SE_y|hc_ESE_x|hc_ESE_y,0.88,0.12,0.72736,0.0,0.2889750003814697,0.3205190598964691,0.0677454830252614,0.43827879428863525,0.4861205518245697,35.71459794588727,0.6339405752584526,-1,0,0.0,0.17002707719802856,0.30187674922967667,-0.30187674922967667,0.30187674922967667,0.002197802197802198,0.19978046103183314,0.0834862385321101,0.25
pronostia,ctl_random,Learning_set_Bearing2_1,42,15,911,VTOI_rand,0.88,0.12,0.72736,0.0,0.3007320463657379,0.3317238688468933,0.0014260915149597597,0.45611026883125305,0.5031145215034485,36.9077826005001,0.6470770432601523,-1,0,0.0,0.19524766504764557,0.3216245134340319,-0.3216245134340319,0.3216245134340319,0.01098901098901099,0.150384193194292,0.06567593480345159,0.25
pronostia,ctl_shuffled,Learning_set_Bearing2_1,42,15,911,VTOI_shuf,0.88,0.12,0.72736,0.0,0.3035045862197876,0.3335419297218323,-0.009549570959389131,0.4603152871131897,0.5058718919754028,37.01858110013637,0.6429394777096464,-1,0,0.0,0.1785127967596054,0.3017784966669542,-0.3017784966669542,0.3017784966669542,0.03296703296703297,0.6004390779363337,0.1981382978723404,0.2554347826086957
pronostia,ctl_elapsed,Learning_set_Bearing2_1,42,15,911,elapsed_norm,0.88,0.12,0.72736,0.0,0.29993125796318054,0.330496609210968,0.008801269471541251,0.4548957645893097,0.5012531280517578,36.79175953878931,0.6448031230522964,-1,0,0.0,0.18293605744838715,0.3292420336311678,-0.3292420336311678,0.3292420336311678,0.0,0.031833150384193196,0.02807758840711227,0.13594890510948904
pronostia,ctl_lifefrac,Learning_set_Bearing2_1,42,15,911,Deg_oracle,0.88,0.12,0.72736,0.0,0.2998065948486328,0.3312233090400696,0.004437248153905671,0.45470666885375977,0.5023553967475891,36.806554875068926,0.6455772995185127,-1,0,0.0,0.18669907748699188,0.2556023190569116,-0.2556023190569116,0.2556023190569116,0.03736263736263736,0.5993413830954994,0.1875,0.25
pronostia,ctl_nodeg,Learning_set_Bearing2_1,42,15,911,VTOI_mono,0.88,0.12,0.72736,0.0,0.29458460211753845,0.32608288526535034,0.03509892113049806,0.44678664207458496,0.49455904960632324,36.36655976429546,0.6438419961924619,-1,0,0.0,0.14982134103775024,0.29897669062149046,-0.29897669062149046,0.29897669062149046,0.03956043956043956,0.03293084522502744,0.032248337714550795,0.13055379244684226
pronostia,ctl_scalar,Learning_set_Bearing2_2,42,15,797,VTOI,0.88,0.12,0.746969,0.0,0.3596755862236023,0.41541996598243713,-0.5656351514382405,0.47716957330703735,0.5511237978935242,30.577263406588102,0.5084164235378654,273,523,0.3598326359832636,0.1410500556230545,0.6728909217051336,-0.6728909217051336,0.6728909217051336,0.007537688442211055,0.05144291091593475,0.028055676381035233,0.2520833333333333
pronostia,ctl_EC,Learning_set_Bearing2_2,42,15,797,E_norm|C_norm,0.88,0.12,0.746969,0.0,0.3657880127429962,0.419573038816452,-0.5970960043023721,0.48527881503105164,0.5566335916519165,31.066125198500004,0.515478265623666,275,521,0.3472803347280335,0.1285318285226822,0.673080054605086,-0.673080054605086,0.673080054605086,0.010050251256281407,0.09284818067754078,0.07719797043128335,0.3208333333333333
pronostia,ctl_hc10,Learning_set_Bearing2_2,42,15,797,hc_RMS_x|hc_RMS_y|hc_Kurt_x|hc_Kurt_y|hc_CF_x|hc_CF_y|hc_SE_x|hc_SE_y|hc_ESE_x|hc_ESE_y,0.88,0.12,0.746969,0.0,0.2701638340950012,0.2996850311756134,0.1852095882255238,0.3584173619747162,0.39758214354515076,23.99053060149168,0.44395434774500475,404,392,0.1087866108786611,0.16248063743114471,0.7150385164543324,-0.7150385164543324,0.7150385164543324,0.01507537688442211,0.1191969887076537,0.0936304331244961,0.17874825662482569
pronostia,ctl_random,Learning_set_Bearing2_2,42,15,797,VTOI_rand,0.88,0.12,0.746969,0.0,0.35402604937553406,0.40705135464668274,-0.5031911954662294,0.4696744978427887,0.5400214791297913,29.753111463750365,0.4835306680895659,288,508,0.32217573221757323,0.11835558712482452,0.7509316506903496,-0.7509316506903496,0.7509316506903496,0.007537688442211055,0.46675031367628605,0.2635118306351183,0.38179916317991636
pronostia,ctl_shuffled,Learning_set_Bearing2_2,42,15,797,VTOI_shuf,0.88,0.12,0.746969,0.0,0.30111944675445557,0.33097004890441895,0.0062132028344783485,0.39948517084121704,0.4390869438648224,26.37115074107562,0.47379029599582795,393,403,0.14225941422594143,0.20187009871006012,0.6910653304797361,-0.6910653304797361,0.6910653304797361,0.010050251256281407,0.053952321204516936,0.05845914310642709,0.11160347754006474
pronostia,ctl_elapsed,Learning_set_Bearing2_2,42,15,797,elapsed_norm,0.88,0.12,0.746969,0.0,0.293001651763916,0.3514230251312256,-0.12040820237456051,0.38871556520462036,0.46622124314308167,24.86488379735505,0.41588105403302866,311,485,0.18828451882845187,0.13962866365909576,0.7455476634037308,-0.7455476634037308,0.7455476634037308,0.010050251256281407,0.21455457967377667,0.15140663144555636,0.27389608168206103
pronostia,ctl_lifefrac,Learning_set_Bearing2_2,42,15,797,Deg_oracle,0.88,0.12,0.746969,0.0,0.11317272484302521,0.15722179412841797,0.7757453901949659,0.15014246106147766,0.20858092606067657,9.52578581665545,0.16186037263628492,422,374,0.08368200836820083,0.26227131485939026,0.7801947617814752,-0.7801947617814752,0.7801947617814752,0.02512562814070352,0.5834378920953576,0.18734891216760677,0.24320083682008367
pronostia,ctl_nodeg,Learning_set_Bearing2_2,42,15,797,VTOI_mono,0.88,0.12,0.746969,0.0,0.3840864300727844,0.45103883743286133,-0.8456260551855104,0.5095546245574951,0.5983782410621643,32.25314823060524,0.5176993693766118,249,547,0.4435146443514644,0.09441903978586197,0.7066235662375834,-0.7066235662375834,0.7066235662375834,0.005025125628140704,0.056461731493099125,0.04921038478462817,0.2604166666666667
pronostia,ctl_scalar,Learning_set_Bearing3_1,42,15,515,VTOI,0.87,0.13,0.759917,0.0,0.26842406392097473,0.3064103126525879,0.14918613272957137,0.2299499362707138,0.26249149441719055,10.727585576738578,0.35304747406230536,495,19,0.0,0.0629153773188591,0.17879718302036252,-0.17879718302036252,0.17879718302036252,0.03501945525291829,0.15145631067961166,0.06903847240268912,0.25080906148867316
pronostia,ctl_EC,Learning_set_Bearing3_1,42,15,515,E_norm|C_norm,0.87,0.13,0.759917,0.0,0.2673110067844391,0.3029125928878784,0.16849962518275408,0.2289964109659195,0.2594951093196869,10.599671773589382,0.3450295316950572,495,19,0.0,0.07381772249937057,0.028137222323468717,-0.028137222323468717,0.028137222323468717,0.054474708171206226,0.6427184466019418,0.42181005818786366,0.46153846153846156
pronostia,ctl_hc10,Learning_set_Bearing3_1,42,15,515,hc_RMS_x|hc_RMS_y|hc_Kurt_x|hc_Kurt_y|hc_CF_x|hc_CF_y|hc_SE_x|hc_SE_y|hc_ESE_x|hc_ESE_y,0.87,0.13,0.759917,0.0,0.2672294080257416,0.301011323928833,0.1789048630121659,0.22892653942108154,0.25786635279655457,10.56158150183688,0.342257968539788,493,21,0.0,0.05784660577774048,0.24855455982547103,-0.24855455982547103,0.24855455982547103,0.011673151750972763,0.6,0.192643391521197,0.25
pronostia,ctl_random,Learning_set_Bearing3_1,42,15,515,VTOI_rand,0.87,0.13,0.759917,0.0,0.26623544096946716,0.3016592264175415,0.1753663839222247,0.22807501256465912,0.258421391248703,10.57373647334836,0.34505128085124986,493,21,0.0,0.07136372476816177,0.20336678693780857,-0.20336678693780857,0.20336678693780857,0.019455252918287938,0.011650485436893204,0.005758157389635317,0.057692307692307696
pronostia,ctl_shuffled,Learning_set_Bearing3_1,42,15,515,VTOI_shuf,0.87,0.13,0.759917,0.0,0.27324679493904114,0.30757978558540344,0.14267900443148285,0.23408143222332,0.2634933590888977,10.841291702396283,0.35311369524219804,496,18,0.0,0.08105751127004623,0.03246112349139514,-0.03246112349139514,0.03246112349139514,0.01556420233463035,0.2,0.08373983739837398,0.25
pronostia,ctl_elapsed,Learning_set_Bearing3_1,42,15,515,elapsed_norm,0.87,0.13,0.759917,0.0,0.24665750563144684,0.286344975233078,0.25696889001568735,0.21130326390266418,0.245302215218544,9.96176307072546,0.3333930969536666,495,19,0.0,0.06825833767652512,0.07601980041828128,-0.07601980041828128,0.07601980041828128,0.013618677042801557,0.2,0.08626465661641541,0.25
pronostia,ctl_lifefrac,Learning_set_Bearing3_1,42,15,515,Deg_oracle,0.87,0.13,0.759917,0.0,0.09348871558904648,0.10687185823917389,0.8964966204620471,0.08008868247270584,0.09155356138944626,3.491394721358784,0.10558608238069901,419,95,0.0,0.06856187433004379,0.03632678299073064,-0.03632678299073064,0.03632678299073064,0.019455252918287938,0.021359223300970873,0.010456273764258554,0.10576923076923077
pronostia,ctl_nodeg,Learning_set_Bearing3_1,42,15,515,VTOI_mono,0.87,0.13,0.759917,0.0,0.26995590329170227,0.30647024512290955,0.14885318492604294,0.23126220703125,0.26254284381866455,10.738863117598,0.35104731223048663,498,16,0.0,0.08271622657775879,0.06719354173174025,-0.06719354173174025,0.06719354173174025,0.007782101167315175,0.6058252427184466,0.24013877207737594,0.27884615384615385
pronostia,ctl_scalar,Learning_set_Bearing3_2,42,15,1637,VTOI,0.89,0.11,0.722953,0.11117898594990837,0.2785685062408447,0.3272886276245117,0.027174262375858405,0.7595635652542114,0.8924070596694946,119.15564894472803,1.2181802651177576,1622,14,0.0,0.10922792553901672,0.046594163948757004,-0.046594163948757004,0.046594163948757004,0.0018337408312958435,0.599877825290165,0.1887009992313605,0.25
pronostia,ctl_EC,Learning_set_Bearing3_2,42,15,1637,E_norm|C_norm,0.89,0.11,0.722953,0.11117898594990837,0.2814977467060089,0.3304559588432312,0.008254136621595687,0.7675505876541138,0.9010432958602905,120.66679155978561,1.2358016975527821,1626,10,0.0,0.08366810530424118,0.1414505305487892,-0.1414505305487892,0.1414505305487892,0.003667481662591687,0.19975565058032987,0.08393223819301848,0.25
pronostia,ctl_hc10,Learning_set_Bearing3_2,42,15,1637,hc_RMS_x|hc_RMS_y|hc_Kurt_x|hc_Kurt_y|hc_CF_x|hc_CF_y|hc_SE_x|hc_SE_y|hc_ESE_x|hc_ESE_y,0.89,0.11,0.722953,0.11117898594990837,0.27388954162597656,0.3238009810447693,0.04779706449920618,0.7468056082725525,0.8828973770141602,118.04252360552087,1.219658279437037,1623,13,0.0,0.08017545938491821,0.07154486934796879,0.07154486934796879,-0.07154486934796879,0.011002444987775062,0.15455100794135615,0.11167445598727435,0.2553462321792261
pronostia,ctl_random,Learning_set_Bearing3_2,42,15,1637,VTOI_rand,0.89,0.11,0.722953,0.11117898594990837,0.27361729741096497,0.32584771513938904,0.03572119710935573,0.7460633516311646,0.8884782791137695,117.98785811826102,1.217572331712419,1613,23,0.0,0.10032745450735092,0.07712506280566066,-0.07712506280566066,0.07712506280566066,0.037897310513447434,0.1533292608430055,0.09423083985163969,0.2652439024390244
pronostia,ctl_shuffled,Learning_set_Bearing3_2,42,15,1637,VTOI_shuf,0.89,0.11,0.722953,0.11117898594990837,0.28564995527267456,0.32323330640792847,0.05113281237965739,0.7788722515106201,0.8813495635986328,118.85675955750811,1.179204155277932,1623,13,0.0,0.07261387258768082,0.12400417587778341,-0.12400417587778341,0.12400417587778341,0.0024449877750611247,0.14905314599877825,0.06573275862068965,0.24796747967479674
pronostia,ctl_elapsed,Learning_set_Bearing3_2,42,15,1637,elapsed_norm,0.89,0.11,0.722953,0.11117898594990837,0.23682281374931335,0.3057832717895508,0.15081820799273848,0.6457369923591614,0.8337690830230713,105.6274359024842,1.1361431730069134,1616,20,0.0,0.11481510102748871,0.32205166873137775,-0.32205166873137775,0.32205166873137775,0.007334963325183374,0.03604153940134392,0.0173938679245283,0.1798780487804878
pronostia,ctl_lifefrac,Learning_set_Bearing3_2,42,15,1637,Deg_oracle,0.89,0.11,0.722953,0.11117898594990837,0.10800648480653763,0.1297052502632141,0.8472123170179311,0.29449769854545593,0.35366302728652954,45.0976273099621,0.48140123544036706,1475,161,0.0,0.11479458212852478,0.12379150272817722,-0.12379150272817722,0.12379150272817722,0.009779951100244499,0.15149664019547954,0.0777505863158968,0.25609756097560976
pronostia,ctl_nodeg,Learning_set_Bearing3_2,42,15,1637,VTOI_mono,0.89,0.11,0.722953,0.11117898594990837,0.27970170974731445,0.32014816999435425,0.06915942082931492,0.7626534104347229,0.8729374408721924,117.53131997317635,1.1811005585754681,1615,21,0.0,0.10946197062730789,0.2755877032695735,-0.2755877032695735,0.2755877032695735,0.003667481662591687,0.6023213194868662,0.33110731458875214,0.3732505832971407
