dataset,config,holdout,seed,n_train_bearings,n_test_windows,hi_cols,vtoi_a,vtoi_b,vtoi_fitness,vtoi_sat_frac_test,rul_mae,rul_rmse,rul_r2,rul_mae_hours,rul_rmse_hours,rul_phm_score,rul_asym_score,first_warning,lead_time,false_alarm_rate,mtoi_rmse,mtoi_spearman,mtoi_spearman_signed,mtoi_spearman_vs_deg,mtoi_monotonicity,stage_acc,stage_macro_f1,stage_bal_acc
xjtu_sy,vtoi_static,35Hz12kN_Bearing1_1,42,13,1845,E_norm|C_norm|VTOI,1.0,0.0,0.921294,0.0,0.1189483031630516,0.1310501098632812,0.8459358482328276,0.1451169401407241,0.159881129860878,1.523087294714621,0.1937997786676496,86,36,0.0,0.0720621421933174,0.8890338068749815,-0.8890338068749815,0.8890338068749815,0.0327868852459016,0.7235772357723578,0.3528562898089172,0.40625
xjtu_sy,vtoi_traj,35Hz12kN_Bearing1_1,42,13,1845,E_norm|C_norm|VTOI|VTOI_vel|VTOI_acc,1.0,0.0,0.921294,0.0,0.1418092399835586,0.1576150506734848,0.7771450748015987,0.1730072647333145,0.1922903805971145,1.863600681402507,0.2466535592163966,104,18,0.0,0.1184689030051231,0.9077302488668514,-0.9077302488668514,0.9077302488668514,0.1475409836065573,0.6504065040650406,0.2774370208105148,0.3125
xjtu_sy,transformer_vib,35Hz12kN_Bearing1_1,42,13,1845,,1.0,0.0,0.921294,0.0,0.1668426543474197,0.188332661986351,0.6818161751111789,0.2035480588674545,0.229765847325325,2.2724235194426767,0.3156734753127505,-1,0,0.0,0.3190909326076507,0.8205046173217454,0.8205046173217454,-0.8205046173217454,0.0163934426229508,0.2032520325203252,0.1077586206896551,0.2638888888888889
xjtu_sy,tcn_vib,35Hz12kN_Bearing1_1,42,13,1845,,1.0,0.0,0.921294,0.0,0.1809766888618469,0.201821893453598,0.634604360939558,0.2207915335893631,0.2462227046489715,2.402564340480697,0.3206688906785434,119,3,0.0,0.365562230348587,0.8062457485182525,-0.8062457485182525,0.8062457485182525,0.0655737704918032,0.1626016260162601,0.144927536231884,0.2083333333333333
xjtu_sy,tcn_transformer_vib,35Hz12kN_Bearing1_1,42,13,1845,,1.0,0.0,0.921294,0.0,0.2971519529819488,0.3339557945728302,-0.0004715650161148,0.3625253736972809,0.4074260294437408,4.019146838390463,0.5393567046195995,-1,0,0.0,0.353083997964859,0.5941590294607474,0.5941590294607474,-0.5941590294607474,0.0245901639344262,0.056910569105691,0.0269230769230769,0.25
xjtu_sy,cnn_bilstm_attn_vib,35Hz12kN_Bearing1_1,42,13,1845,,1.0,0.0,0.921294,0.0,0.2154262214899063,0.235478475689888,0.502573102276983,0.2628199756145477,0.2872837483882904,2.903950084137892,0.3948370256741357,120,2,0.0,0.3328232169151306,0.7602957834182398,0.7602957834182398,-0.7602957834182398,0.1475409836065573,0.073170731707317,0.0775862068965517,0.09375
xjtu_sy,abl_no_idxhead,35Hz12kN_Bearing1_1,42,13,1845,,1.0,0.0,0.921294,0.0,0.1423123180866241,0.1605496108531952,0.7687694159865563,0.1736210286617279,0.1958705335855484,1.8693084018416424,0.2467329637488214,89,33,0.0,0.0781996920704841,0.882837195665987,-0.882837195665987,0.882837195665987,0.0655737704918032,0.7479674796747967,0.3887096774193548,0.5
xjtu_sy,abl_cond_noaux,35Hz12kN_Bearing1_1,42,13,1845,E_norm|C_norm|VTOI,1.0,0.0,0.921294,0.0,0.126569002866745,0.1460118889808654,0.808749174255317,0.1544141918420791,0.1781345158815384,1.672943819021786,0.2234719673974242,95,27,0.0,0.3652718067169189,0.7302939515598336,-0.7302939515598336,0.7302939515598336,0.081967213114754,0.7479674796747967,0.3920719520319786,0.5
xjtu_sy,abl_E_only,35Hz12kN_Bearing1_1,42,13,1845,E_norm,1.0,0.0,0.921294,0.0,0.1373316496610641,0.155979111790657,0.7817472309590565,0.1675446182489395,0.1902945339679718,1.8111414865429976,0.2408767041818398,110,12,0.0,0.1303758025169372,0.9029861766294276,-0.9029861766294276,0.9029861766294276,0.2950819672131147,0.7398373983739838,0.4189598238855255,0.4861111111111111
xjtu_sy,abl_no_smooth,35Hz12kN_Bearing1_1,42,13,1845,E_norm|C_norm|VTOI,1.0,0.0,0.921294,0.0,0.1329139620065689,0.1497436612844467,0.7988482972897897,0.1621550470590591,0.1826872676610946,1.7427944228315853,0.2300175752763341,102,20,0.0,0.1130885183811187,0.9153993881158328,-0.9153993881158328,0.9153993881158328,0.2459016393442623,0.2520325203252032,0.2368801652892562,0.3680555555555556
xjtu_sy,abl_no_mono,35Hz12kN_Bearing1_1,42,13,1845,E_norm|C_norm|VTOI,1.0,0.0,0.921294,0.0,0.1376562714576721,0.1538129150867462,0.7877672299200533,0.1679406315088272,0.1876517683267593,1.7768163793020846,0.2282843591902798,90,32,0.0,0.0741264000535011,0.8942176386175599,-0.8942176386175599,0.8942176386175599,0.1311475409836065,0.1056910569105691,0.1048387096774193,0.1354166666666666
xjtu_sy,vtoi_static,35Hz12kN_Bearing1_2,42,13,2415,E_norm|C_norm|VTOI,1.0,0.0,0.9056,0.0683229813664596,0.3286062180995941,0.4049014747142792,-0.4752927314575936,0.5257700085639954,0.6478424072265625,6.758313111142722,0.5368628199703945,56,104,0.4166666666666667,0.0749659240245819,0.7140252319590842,-0.7140252319590842,0.7140252319590842,0.05,0.1180124223602484,0.0791666666666666,0.125
xjtu_sy,vtoi_traj,35Hz12kN_Bearing1_2,42,13,2415,E_norm|C_norm|VTOI|VTOI_vel|VTOI_acc,1.0,0.0,0.9056,0.0683229813664596,0.3206366598606109,0.3943521380424499,-0.3994191206302449,0.5130186676979065,0.6309634447097778,6.572029263808913,0.5194558680335187,57,103,0.40625,0.0557851381599903,0.8529079324295552,-0.8529079324295552,0.8529079324295552,0.1,0.1490683229813664,0.0916030534351145,0.25
xjtu_sy,transformer_vib,35Hz12kN_Bearing1_2,42,13,2415,,1.0,0.0,0.9056,0.0683229813664596,0.3023459911346435,0.3817921578884125,-0.311696663965374,0.4837536215782165,0.6108675003051758,6.2581329345762295,0.5061152383500005,55,105,0.4270833333333333,0.3221515119075775,0.6672539939209481,0.6672539939209481,-0.6672539939209481,0.1,0.1987577639751552,0.1356562137049942,0.2708333333333333
xjtu_sy,tcn_vib,35Hz12kN_Bearing1_2,42,13,2415,,1.0,0.0,0.9056,0.0683229813664596,0.4662394225597381,0.5278798341751099,-1.507550049519526,0.7459831237792969,0.8446078300476074,9.588484858335049,0.7459830931012786,57,103,0.40625,0.3663798868656158,0.8392136376207301,0.8392136376207301,-0.8392136376207301,0.1,0.1490683229813664,0.09375,0.25
xjtu_sy,tcn_transformer_vib,35Hz12kN_Bearing1_2,42,13,2415,,1.0,0.0,0.9056,0.0683229813664596,0.296063482761383,0.3333757817745209,-0.0001094578522031,0.4737016260623932,0.5334013104438782,6.933780427998945,0.7077304408509538,-1,0,0.0,0.3067533671855926,0.4532436546703047,0.4532436546703047,-0.4532436546703047,0.1125,0.1987577639751552,0.082901554404145,0.25
xjtu_sy,cnn_bilstm_attn_vib,35Hz12kN_Bearing1_2,42,13,2415,,1.0,0.0,0.9056,0.0683229813664596,0.4037911593914032,0.4708745181560516,-0.9952155437209564,0.6460659503936768,0.7533993124961853,8.285800647149903,0.6478703887381169,56,104,0.4166666666666667,0.2991155982017517,0.8325286320948925,0.8325286320948925,-0.8325286320948925,0.0125,0.4037267080745341,0.2236842105263157,0.3958333333333333
xjtu_sy,abl_no_idxhead,35Hz12kN_Bearing1_2,42,13,2415,,1.0,0.0,0.9056,0.0683229813664596,0.3301455974578857,0.4061109125614166,-0.4841190616288917,0.5282330513000488,0.6497775316238403,6.828519023812015,0.549394086697457,52,108,0.4583333333333333,0.078266330063343,0.711109653225074,-0.711109653225074,0.711109653225074,0.0625,0.1490683229813664,0.0863309352517985,0.25
xjtu_sy,abl_cond_noaux,35Hz12kN_Bearing1_2,42,13,2415,E_norm|C_norm|VTOI,1.0,0.0,0.9056,0.0683229813664596,0.3035107851028442,0.378023624420166,-0.2859299324486075,0.4856173098087311,0.6048378348350525,6.234206225851308,0.4966758089313596,55,105,0.4270833333333333,0.3048709034919739,0.8453661037655595,0.8453661037655595,-0.8453661037655595,0.2,0.1490683229813664,0.0944881889763779,0.25
xjtu_sy,abl_E_only,35Hz12kN_Bearing1_2,42,13,2415,E_norm,1.0,0.0,0.9056,0.0683229813664596,0.3481389880180359,0.4372963309288025,-0.7208029169349501,0.5570224523544312,0.6996742486953735,7.171383128742674,0.5658657707690452,54,106,0.4375,0.1514358520507812,0.736002150436771,-0.736002150436771,0.736002150436771,0.0625,0.5590062111801242,0.4037839904101302,0.4635416666666667
xjtu_sy,abl_no_smooth,35Hz12kN_Bearing1_2,42,13,2415,E_norm|C_norm|VTOI,1.0,0.0,0.9056,0.0683229813664596,0.282500296831131,0.3490667641162872,-0.0964692373915523,0.4520004987716675,0.5585069060325623,5.813288709713028,0.468846284315823,57,103,0.3958333333333333,0.1133091077208519,0.8874396899455305,-0.8874396899455305,0.8874396899455305,0.1125,0.5217391304347826,0.2883076923076923,0.40625
xjtu_sy,abl_no_mono,35Hz12kN_Bearing1_2,42,13,2415,E_norm|C_norm|VTOI,1.0,0.0,0.9056,0.0683229813664596,0.3276316821575165,0.4073165357112884,-0.49294387759766,0.5242107510566711,0.6517064571380615,6.751095523822775,0.5378755094564479,55,105,0.4270833333333333,0.1011051088571548,0.6930687660383013,-0.6930687660383013,0.6930687660383013,0.1125,0.5341614906832298,0.2378490516332982,0.2786458333333333
xjtu_sy,vtoi_static,35Hz12kN_Bearing1_3,42,13,2370,E_norm|C_norm|VTOI,1.0,0.0,0.925663,0.0759493670886076,0.2275779843330383,0.2504651844501495,0.4355798073734924,0.3572974503040313,0.3932303786277771,4.815042862260699,0.4634256472080191,137,20,0.0,0.260962039232254,0.9583376288462412,-0.9583376288462412,0.9583376288462412,0.0700636942675159,0.6392405063291139,0.3141025641025641,0.4375
xjtu_sy,vtoi_traj,35Hz12kN_Bearing1_3,42,13,2370,E_norm|C_norm|VTOI|VTOI_vel|VTOI_acc,1.0,0.0,0.925663,0.0759493670886076,0.2097121179103851,0.2324346005916595,0.5139182266442631,0.3292480111122131,0.3649223446846008,4.40782257401658,0.4208197302974855,138,19,0.0,0.2234875112771988,0.963930332708482,-0.963930332708482,0.963930332708482,0.1210191082802547,0.1962025316455696,0.0890804597701149,0.25
xjtu_sy,transformer_vib,35Hz12kN_Bearing1_3,42,13,2370,,1.0,0.0,0.925663,0.0759493670886076,0.2368807941675186,0.2648665308952331,0.3688072327129286,0.3719028532505035,0.4158404767513275,5.101084707306112,0.5029180336366349,-1,0,0.0,0.3335944414138794,0.7823828030060915,0.7823828030060915,-0.7823828030060915,0.0063694267515923,0.0822784810126582,0.0855263157894736,0.1048387096774193
xjtu_sy,tcn_vib,35Hz12kN_Bearing1_3,42,13,2370,,1.0,0.0,0.925663,0.0759493670886076,0.2814712226390838,0.3268746137619018,0.0386751592812927,0.4419098794460296,0.5131931900978088,6.361423057714349,0.6633504926922578,-1,0,0.0,0.4302074611186981,0.5721266888911184,0.5721266888911184,-0.5721266888911184,0.0063694267515923,0.1075949367088607,0.0485714285714285,0.1770833333333333
xjtu_sy,tcn_transformer_vib,35Hz12kN_Bearing1_3,42,13,2370,,1.0,0.0,0.925663,0.0759493670886076,0.2947632074356079,0.3334205150604248,-0.0002129363817313,0.4627782106399536,0.5234702229499817,6.6707144837236285,0.6979186968477089,-1,0,0.0,0.3045302331447601,0.9337753276378016,-0.9337753276378016,0.9337753276378016,0.1847133757961783,0.6012658227848101,0.1877470355731225,0.25
xjtu_sy,cnn_bilstm_attn_vib,35Hz12kN_Bearing1_3,42,13,2370,,1.0,0.0,0.925663,0.0759493670886076,0.250468373298645,0.2679862082004547,0.3538511089130826,0.3932353258132934,0.4207383394241333,5.495459505030315,0.5596112031489611,-1,0,0.0,0.3173855543136596,0.3055604653627112,0.3055604653627112,-0.3055604653627112,0.019108280254777,0.6518987341772152,0.3268981601451153,0.5
xjtu_sy,abl_no_idxhead,35Hz12kN_Bearing1_3,42,13,2370,,1.0,0.0,0.925663,0.0759493670886076,0.2268332242965698,0.2518912553787231,0.4291343032914471,0.3561281859874725,0.3954692780971527,4.838060699261723,0.4712271165762898,154,3,0.0,0.2694863975048065,0.9587934703639616,-0.9587934703639616,0.9587934703639616,0.0828025477707006,0.0822784810126582,0.0796900300717094,0.2903225806451613
xjtu_sy,abl_cond_noaux,35Hz12kN_Bearing1_3,42,13,2370,E_norm|C_norm|VTOI,1.0,0.0,0.925663,0.0759493670886076,0.2435571700334549,0.2663286924362182,0.3618192571290881,0.3823847472667694,0.4181360602378845,5.232515907382716,0.5147637456796968,-1,0,0.0,0.3607674241065979,0.7647558830760269,0.7647558830760269,-0.7647558830760269,0.0445859872611464,0.1455696202531645,0.1069070594210259,0.2604166666666666
xjtu_sy,abl_E_only,35Hz12kN_Bearing1_3,42,13,2370,E_norm,1.0,0.0,0.925663,0.0759493670886076,0.1894136220216751,0.2174701988697052,0.574492426687818,0.2973794043064117,0.3414282202720642,3.914252304690424,0.362953588531553,132,25,0.0,0.193663403391838,0.9639617700545318,-0.9639617700545318,0.9639617700545318,0.0063694267515923,0.1962025316455696,0.082010582010582,0.25
xjtu_sy,abl_no_smooth,35Hz12kN_Bearing1_3,42,13,2370,E_norm|C_norm|VTOI,1.0,0.0,0.925663,0.0759493670886076,0.2139346003532409,0.2410609275102615,0.4771688969563835,0.3358772993087768,0.3784656524658203,4.485718074893898,0.4249438575315701,144,13,0.0,0.240363135933876,0.960745729553648,-0.960745729553648,0.960745729553648,0.0828025477707006,0.1962025316455696,0.082010582010582,0.25
xjtu_sy,abl_no_mono,35Hz12kN_Bearing1_3,42,13,2370,E_norm|C_norm|VTOI,1.0,0.0,0.925663,0.0759493670886076,0.1900447607040405,0.215109720826149,0.5836794509808136,0.2983703017234802,0.3377222716808319,3.932670439612023,0.3663450085051075,134,23,0.0,0.2645591497421264,0.9622955907138976,-0.9622955907138976,0.9622955907138976,0.10828025477707,0.7341772151898734,0.3938940092165898,0.46875
xjtu_sy,vtoi_static,35Hz12kN_Bearing1_4,42,13,1830,E_norm|C_norm|VTOI,1.0,0.0,0.950315,0.0,0.2810660302639007,0.3818209767341614,-0.307703913775099,0.3400899171829223,0.4620034098625183,4.142945360774634,0.6309960651532059,-1,0,0.0,0.1263846755027771,0.2192430322656956,-0.2192430322656956,0.2192430322656956,0.0578512396694214,0.0491803278688524,0.0234375,0.2142857142857142
xjtu_sy,vtoi_traj,35Hz12kN_Bearing1_4,42,13,1830,E_norm|C_norm|VTOI|VTOI_vel|VTOI_acc,1.0,0.0,0.950315,0.0,0.2803776860237121,0.3812828361988067,-0.3040204554629446,0.339257001876831,0.4613522291183471,4.132975182669199,0.6295272396175099,-1,0,0.0,0.1222942173480987,0.1366685404599384,-0.1366685404599384,0.1366685404599384,0.0743801652892562,0.0491803278688524,0.0234375,0.2142857142857142
xjtu_sy,transformer_vib,35Hz12kN_Bearing1_4,42,13,1830,,1.0,0.0,0.950315,0.0,0.2799214720726013,0.3611024618148803,-0.1696360797199585,0.3387050032615661,0.4369339942932129,4.029183141977651,0.5996074841098219,-1,0,0.0,0.2641567289829254,0.246080319533089,-0.246080319533089,0.246080319533089,0.0330578512396694,0.1475409836065573,0.0647482014388489,0.25
xjtu_sy,tcn_vib,35Hz12kN_Bearing1_4,42,13,1830,,1.0,0.0,0.950315,0.0,0.2966063618659973,0.4366929531097412,-0.710575431183831,0.3588937520980835,0.5283984541893005,4.537229956465583,0.711847030817241,-1,0,0.0,0.436030775308609,0.6536765706329876,0.6536765706329876,-0.6536765706329876,0.0413223140495867,0.5983606557377049,0.1881443298969072,0.25
xjtu_sy,tcn_transformer_vib,35Hz12kN_Bearing1_4,42,13,1830,,1.0,0.0,0.950315,0.0,0.2968602776527405,0.3339398503303528,-0.0002909300594302,0.3592009842395782,0.404067188501358,3.9526041723645866,0.5355190283878416,-1,0,0.0,0.5036746263504028,0.1523100243872417,0.1523100243872417,-0.1523100243872417,0.0,0.1967213114754098,0.0821917808219178,0.25
xjtu_sy,cnn_bilstm_attn_vib,35Hz12kN_Bearing1_4,42,13,1830,,1.0,0.0,0.950315,0.0,0.3073608577251434,0.3391034603118896,-0.0314645900123933,0.3719066381454468,0.4103152155876159,3.997427227336957,0.5230225569828123,-1,0,0.0,0.3795126676559448,0.0480772414749562,0.0480772414749562,-0.0480772414749562,0.0082644628099173,0.1475409836065573,0.0642857142857142,0.25
xjtu_sy,abl_no_idxhead,35Hz12kN_Bearing1_4,42,13,1830,,1.0,0.0,0.950315,0.0,0.2812987864017486,0.3741897940635681,-0.2559539502826444,0.3403715193271637,0.4527696371078491,4.1068636442873805,0.6196862250016849,-1,0,0.0,0.1311426013708114,0.1901919551601528,0.1901919551601528,-0.1901919551601528,0.0082644628099173,0.0573770491803278,0.0271317829457364,0.25
xjtu_sy,abl_cond_noaux,35Hz12kN_Bearing1_4,42,13,1830,E_norm|C_norm|VTOI,1.0,0.0,0.950315,0.0,0.2767621576786041,0.3683747053146362,-0.2172211014681462,0.3348822295665741,0.4457333981990814,4.038268549219664,0.6095294083667094,-1,0,0.0,0.2623780965805053,0.0933584250311091,-0.0933584250311091,0.0933584250311091,0.024793388429752,0.2049180327868852,0.1452586206896551,0.2857142857142857
xjtu_sy,abl_E_only,35Hz12kN_Bearing1_4,42,13,1830,E_norm,1.0,0.0,0.950315,0.0,0.2736073136329651,0.3561892211437225,-0.1380240021574701,0.3310648202896118,0.4309889674186706,3.954809684914025,0.5919636733158201,-1,0,0.0,0.1139609813690185,0.7161524461678905,-0.7161524461678905,0.7161524461678905,0.0082644628099173,0.1967213114754098,0.0827586206896551,0.25
xjtu_sy,abl_no_smooth,35Hz12kN_Bearing1_4,42,13,1830,E_norm|C_norm|VTOI,1.0,0.0,0.950315,0.0,0.2803604304790497,0.3847497105598449,-0.3278422478019944,0.339236170053482,0.4655471742153168,4.147180057160094,0.6336632635688684,-1,0,0.0,0.1280176192522049,0.7659445298637233,-0.7659445298637233,0.7659445298637233,0.0743801652892562,0.1967213114754098,0.0827586206896551,0.25
xjtu_sy,abl_no_mono,35Hz12kN_Bearing1_4,42,13,1830,E_norm|C_norm|VTOI,1.0,0.0,0.950315,0.0,0.2786536514759063,0.3772881031036377,-0.2768389509363413,0.3371709585189819,0.4565186500549316,4.095766166092329,0.6222387291796383,-1,0,0.0,0.1286671310663223,0.715981597678679,-0.715981597678679,0.715981597678679,0.0082644628099173,0.1967213114754098,0.0827586206896551,0.25
xjtu_sy,vtoi_static,35Hz12kN_Bearing1_5,42,13,780,E_norm|C_norm|VTOI,1.0,0.0,0.968763,0.0384615384615384,0.1586096137762069,0.1809612065553665,0.7114953633037115,0.0808909013867378,0.0922902226448059,0.3398411778368178,0.0932795095902222,39,12,0.0,0.0998866930603981,0.8697644779387549,-0.8697644779387549,0.8697644779387549,0.0980392156862745,0.0384615384615384,0.0526315789473684,0.05
xjtu_sy,vtoi_traj,35Hz12kN_Bearing1_5,42,13,780,E_norm|C_norm|VTOI|VTOI_vel|VTOI_acc,1.0,0.0,0.968763,0.0384615384615384,0.1845988631248474,0.2029767781496048,0.6370267218930357,0.0941454321146011,0.1035181730985641,0.4183264825679891,0.1272624133584591,43,8,0.0,0.1521991342306137,0.7710139258583723,-0.7710139258583723,0.7710139258583723,0.2549019607843137,0.0,0.0,0.0
xjtu_sy,transformer_vib,35Hz12kN_Bearing1_5,42,13,780,,1.0,0.0,0.968763,0.0384615384615384,0.1660607606172561,0.1843974590301513,0.7004345384116228,0.084690973162651,0.0940427109599113,0.3613239538429214,0.1022263864914958,39,12,0.0,0.3517044186592102,0.7123642240861235,0.7123642240861235,-0.7123642240861235,0.0196078431372549,0.0576923076923076,0.0833333333333333,0.25
xjtu_sy,tcn_vib,35Hz12kN_Bearing1_5,42,13,780,,1.0,0.0,0.968763,0.0384615384615384,0.1523475348949432,0.1777883172035217,0.7215236406060579,0.0776972621679306,0.0906720459461212,0.3354491269645236,0.0970456900316863,42,9,0.0,0.7383232116699219,0.2857909042742641,-0.2857909042742641,0.2857909042742641,0.1176470588235294,0.5961538461538461,0.1867469879518072,0.25
xjtu_sy,tcn_transformer_vib,35Hz12kN_Bearing1_5,42,13,780,,1.0,0.0,0.968763,0.0384615384615384,0.1572886109352111,0.1745645552873611,0.7315310757854065,0.0802171900868415,0.0890279337763786,0.3372153520372312,0.092741927705132,35,16,0.0,0.341088593006134,0.7685735549331952,-0.7685735549331952,0.7685735549331952,0.1372549019607843,0.1153846153846153,0.1111111111111111,0.15
xjtu_sy,cnn_bilstm_attn_vib,35Hz12kN_Bearing1_5,42,13,780,,1.0,0.0,0.968763,0.0384615384615384,0.2068231254816055,0.2357739210128784,0.5102511544907328,0.105479821562767,0.1202447116374969,0.4356280014327804,0.1149915746914652,39,12,0.0,0.4056071639060974,0.4874814820497602,0.4874814820497602,-0.4874814820497602,0.0980392156862745,0.1538461538461538,0.1425831202046036,0.375
xjtu_sy,abl_no_idxhead,35Hz12kN_Bearing1_5,42,13,780,,1.0,0.0,0.968763,0.0384615384615384,0.1700367629528045,0.19435915350914,0.667193464711396,0.0867187678813934,0.0991231724619865,0.3599951129898044,0.0963445871781844,39,12,0.0,0.0867742225527763,0.8198592347138746,-0.8198592347138746,0.8198592347138746,0.0980392156862745,0.0576923076923076,0.1153846153846153,0.075
xjtu_sy,abl_cond_noaux,35Hz12kN_Bearing1_5,42,13,780,E_norm|C_norm|VTOI,1.0,0.0,0.968763,0.0384615384615384,0.1398064792156219,0.1591939032077789,0.7767277493475012,0.0713013038039207,0.0811888948082923,0.2967688973830493,0.0800530919805169,39,12,0.0,0.3719583451747894,0.7233168792363628,0.7233168792363628,-0.7233168792363628,0.0980392156862745,0.0,0.0,0.0
xjtu_sy,abl_E_only,35Hz12kN_Bearing1_5,42,13,780,E_norm,1.0,0.0,0.968763,0.0384615384615384,0.1544222235679626,0.1696150302886963,0.746539311133338,0.0787553489208221,0.0865036770701408,0.3379853235319869,0.0968092132646303,39,12,0.0,0.1121170744299888,0.8421178564708124,-0.8421178564708124,0.8421178564708124,0.1372549019607843,0.2692307692307692,0.2377428307123034,0.4
xjtu_sy,abl_no_smooth,35Hz12kN_Bearing1_5,42,13,780,E_norm|C_norm|VTOI,1.0,0.0,0.968763,0.0384615384615384,0.174120083451271,0.1986859142780304,0.6522108391047267,0.088801234960556,0.1013298258185386,0.3670108180435125,0.0972802175137286,39,12,0.0,0.0875261947512626,0.9096003446545444,-0.9096003446545444,0.9096003446545444,0.0588235294117647,0.0576923076923076,0.0833333333333333,0.25
xjtu_sy,abl_no_mono,35Hz12kN_Bearing1_5,42,13,780,E_norm|C_norm|VTOI,1.0,0.0,0.968763,0.0384615384615384,0.1588314473628997,0.1765097230672836,0.7255146453700998,0.0810040608048439,0.0900199711322784,0.3438074503728325,0.0963651724159717,39,12,0.0,0.1236469894647598,0.783821466155023,-0.783821466155023,0.783821466155023,0.0980392156862745,0.0,0.0,0.0
xjtu_sy,vtoi_static,37.5Hz11kN_Bearing2_1,42,13,7365,E_norm|C_norm|VTOI,1.0,0.0,0.961961,0.0122199592668024,0.258253812789917,0.3079693019390106,0.1406435703568747,1.265444040298462,1.509049892425537,63.12236789437493,2.1180187528782244,468,22,0.0,0.0789019390940666,0.2470259955401343,-0.2470259955401343,0.2470259955401343,0.0040816326530612,0.2505091649694501,0.3321317869954376,0.5
xjtu_sy,vtoi_traj,37.5Hz11kN_Bearing2_1,42,13,7365,E_norm|C_norm|VTOI|VTOI_vel|VTOI_acc,1.0,0.0,0.961961,0.0122199592668024,0.2548221945762634,0.3134773671627044,0.1096294111189094,1.248628854751587,1.5360393524169922,63.36182074605817,2.14711243552279,468,22,0.0,0.0874178037047386,0.0095516671132273,0.0095516671132273,-0.0095516671132273,0.0326530612244898,0.0081466395112016,0.0256410256410256,0.0135135135135135
xjtu_sy,transformer_vib,37.5Hz11kN_Bearing2_1,42,13,7365,,1.0,0.0,0.961961,0.0122199592668024,0.24944369494915,0.3148530125617981,0.1017976610976089,1.2222743034362793,1.5427799224853516,62.99667084279927,2.1619318822690885,468,22,0.0,0.3697457313537597,0.3858929184966418,-0.3858929184966418,0.3858929184966418,0.0204081632653061,0.1934826883910387,0.2967543608807549,0.4798648648648648
xjtu_sy,tcn_vib,37.5Hz11kN_Bearing2_1,42,13,7365,,1.0,0.0,0.961961,0.0122199592668024,0.2799010276794433,0.3153010904788971,0.0992393920943081,1.3715152740478516,1.5449756383895874,65.53938737789666,2.1046928412028705,-1,0,0.0,0.871300995349884,0.4369729266552265,-0.4369729266552265,0.4369729266552265,0.0081632653061224,0.1344195519348268,0.0614525139664804,0.2229729729729729
xjtu_sy,tcn_transformer_vib,37.5Hz11kN_Bearing2_1,42,13,7365,,1.0,0.0,0.961961,0.0122199592668024,0.3003216087818146,0.3318150341510772,0.0024134672810424,1.4715759754180908,1.6258938312530518,68.296593428875,2.1049870613833432,-1,0,0.0,0.5201413035392761,0.3518794142592118,-0.3518794142592118,0.3518794142592118,0.010204081632653,0.1995926680244399,0.0865724381625441,0.25
xjtu_sy,cnn_bilstm_attn_vib,37.5Hz11kN_Bearing2_1,42,13,7365,,1.0,0.0,0.961961,0.0122199592668024,0.2710911929607391,0.3048700988292694,0.1578525472635453,1.3283469676971436,1.4938637018203735,63.4335171731483,2.0500253159211392,485,5,0.0,0.4611701071262359,0.4164183169832013,-0.4164183169832013,0.4164183169832013,0.0040816326530612,0.0,0.0,0.0
xjtu_sy,abl_no_idxhead,37.5Hz11kN_Bearing2_1,42,13,7365,,1.0,0.0,0.961961,0.0122199592668024,0.2480124682188034,0.3206895887851715,0.0681882504681088,1.2152612209320068,1.5713791847229004,63.31084795026621,2.179329029601181,465,25,0.0,0.0898120626807212,0.1640806898333987,-0.1640806898333987,0.1640806898333987,0.1061224489795918,0.0183299389002036,0.0416666666666666,0.0304054054054054
xjtu_sy,abl_cond_noaux,37.5Hz11kN_Bearing2_1,42,13,7365,E_norm|C_norm|VTOI,1.0,0.0,0.961961,0.0122199592668024,0.2746351361274719,0.3578106164932251,-0.1600184880384387,1.345712184906006,1.753272294998169,71.40973682398791,2.440618008018572,-1,0,0.0,0.3580602407455444,0.0904288257553176,-0.0904288257553176,0.0904288257553176,0.0122448979591836,0.1995926680244399,0.0834752981260647,0.25
xjtu_sy,abl_E_only,37.5Hz11kN_Bearing2_1,42,13,7365,E_norm,1.0,0.0,0.961961,0.0122199592668024,0.2664988338947296,0.341500848531723,-0.0566764060190714,1.3058443069458008,1.6733542680740356,68.4976995248741,2.347323853659108,-1,0,0.0,0.1251418143510818,0.2250472753370025,-0.2250472753370025,0.2250472753370025,0.0285714285714285,0.5987780040733197,0.1875,0.25
xjtu_sy,abl_no_smooth,37.5Hz11kN_Bearing2_1,42,13,7365,E_norm|C_norm|VTOI,1.0,0.0,0.961961,0.0122199592668024,0.260143905878067,0.313070684671402,0.1119381941517311,1.274705171585083,1.5340464115142822,64.13141940436276,2.1628413093020256,-1,0,0.0,0.0890406370162963,0.0547467787789591,-0.0547467787789591,0.0547467787789591,0.0693877551020408,0.1323828920570264,0.0612052730696798,0.2195945945945946
xjtu_sy,abl_no_mono,37.5Hz11kN_Bearing2_1,42,13,7365,E_norm|C_norm|VTOI,1.0,0.0,0.961961,0.0122199592668024,0.2601045668125152,0.3080849647521972,0.1399980111952236,1.274512529373169,1.509616494178772,63.37038008065889,2.1212720447988107,482,8,0.0,0.0991496071219444,0.2450407441982116,-0.2450407441982116,0.2450407441982116,0.0122448979591836,0.1507128309572301,0.0682656826568265,0.25
xjtu_sy,vtoi_static,37.5Hz11kN_Bearing2_2,42,13,2415,E_norm|C_norm|VTOI,1.0,0.0,0.936151,0.1055900621118012,0.2496398538351059,0.295851856470108,0.2123594969366083,0.3994238376617431,0.4733630418777466,5.108570257367681,0.4135494576015087,78,82,0.1875,0.3026357293128967,0.8920778401968792,-0.8920778401968792,0.8920778401968792,0.075,0.4968944099378882,0.2908216783216783,0.4505208333333333
xjtu_sy,vtoi_traj,37.5Hz11kN_Bearing2_2,42,13,2415,E_norm|C_norm|VTOI|VTOI_vel|VTOI_acc,1.0,0.0,0.936151,0.1055900621118012,0.2462896555662155,0.2956815659999847,0.2132660336645936,0.3940634727478027,0.4730905592441559,5.078843088439273,0.4177863964845675,78,82,0.1875,0.370852530002594,0.8119797521808025,-0.8119797521808025,0.8119797521808025,0.0375,0.5838509316770186,0.2424126302881667,0.2760416666666666
xjtu_sy,transformer_vib,37.5Hz11kN_Bearing2_2,42,13,2415,,1.0,0.0,0.936151,0.1055900621118012,0.2247899621725082,0.2692963778972626,0.3474099410350398,0.3596639931201935,0.4308742582798004,4.694951621639175,0.3991973883709552,75,85,0.21875,0.4422346353530884,0.8918381409511512,-0.8918381409511512,0.8918381409511512,0.0625,0.0496894409937888,0.0440163729533808,0.0928819444444444
xjtu_sy,tcn_vib,37.5Hz11kN_Bearing2_2,42,13,2415,,1.0,0.0,0.936151,0.1055900621118012,0.1649876534938812,0.1890565454959869,0.6783653340288538,0.2639802694320678,0.3024905025959015,3.397001086898017,0.2860895404997079,85,75,0.1145833333333333,0.5032007694244385,0.7007504234783156,0.7007504234783156,-0.7007504234783156,0.0125,0.0807453416149068,0.0373563218390804,0.0338541666666666
xjtu_sy,tcn_transformer_vib,37.5Hz11kN_Bearing2_2,42,13,2415,,1.0,0.0,0.936151,0.1055900621118012,0.2613033652305603,0.2859533429145813,0.2641830039226909,0.4180854260921478,0.4575254023075104,5.885515623588636,0.5727443952830682,-1,0,0.0,0.4169171452522278,0.7665597516871244,0.7665597516871244,-0.7665597516871244,0.075,0.1490683229813664,0.1132075471698113,0.25
xjtu_sy,cnn_bilstm_attn_vib,37.5Hz11kN_Bearing2_2,42,13,2415,,1.0,0.0,0.936151,0.1055900621118012,0.3029336929321289,0.3354804217815399,-0.0127771017809001,0.4846939742565155,0.5367687940597534,6.9640067933434135,0.6924441810813009,-1,0,0.0,0.4271281957626343,0.3754229529020174,0.3754229529020174,-0.3754229529020174,0.0125,0.1987577639751552,0.082901554404145,0.25
xjtu_sy,abl_no_idxhead,37.5Hz11kN_Bearing2_2,42,13,2415,,1.0,0.0,0.936151,0.1055900621118012,0.2259542644023895,0.2614307999610901,0.3849748156153836,0.3615268468856811,0.418289303779602,4.708063858208394,0.3997098257915574,80,80,0.1666666666666666,0.3026908636093139,0.8811949963101353,-0.8811949963101353,0.8811949963101353,0.0875,0.1490683229813664,0.1142857142857142,0.25
xjtu_sy,abl_cond_noaux,37.5Hz11kN_Bearing2_2,42,13,2415,E_norm|C_norm|VTOI,1.0,0.0,0.936151,0.1055900621118012,0.2480590939521789,0.2980851829051971,0.2004232321687997,0.3968946039676666,0.4769362807273865,5.082961587900743,0.4120612671564084,80,80,0.1666666666666666,0.5403993725776672,0.8367932727070982,0.8367932727070982,-0.8367932727070982,0.0875,0.1987577639751552,0.082901554404145,0.25
xjtu_sy,abl_E_only,37.5Hz11kN_Bearing2_2,42,13,2415,E_norm,1.0,0.0,0.936151,0.1055900621118012,0.2553339302539825,0.3092202842235565,0.1395703394223987,0.4085343778133392,0.4947525262832641,5.2423411628598,0.425418723212636,74,86,0.2291666666666666,0.192183643579483,0.8372976858812378,-0.8372976858812378,0.8372976858812378,0.05,0.1304347826086956,0.0576923076923076,0.0546875
xjtu_sy,abl_no_smooth,37.5Hz11kN_Bearing2_2,42,13,2415,E_norm|C_norm|VTOI,1.0,0.0,0.936151,0.1055900621118012,0.2588251829147339,0.311523973941803,0.1267021315189606,0.4141203165054321,0.4984384179115295,5.381849519934803,0.4488895158312335,63,97,0.34375,0.2404054105281829,0.8541217652086124,-0.8541217652086124,0.8541217652086124,0.15,0.2049689440993788,0.0850515463917525,0.0859375
xjtu_sy,abl_no_mono,37.5Hz11kN_Bearing2_2,42,13,2415,E_norm|C_norm|VTOI,1.0,0.0,0.936151,0.1055900621118012,0.2324370443820953,0.2643546462059021,0.3711409437132595,0.3718993365764618,0.4229674637317657,5.023273886105179,0.4575061356151326,156,4,0.0,0.3539375364780426,0.8173140712319048,-0.8173140712319048,0.8173140712319048,0.0625,0.1987577639751552,0.082901554404145,0.25
xjtu_sy,vtoi_static,37.5Hz11kN_Bearing2_3,42,13,7995,E_norm|C_norm|VTOI,1.0,0.0,0.938293,0.0056285178236397,0.1276978552341461,0.1432690173387527,0.8139719700929359,0.6793525218963623,0.7621911764144897,32.24125656225775,0.9331032999950212,372,160,0.0,0.1624834686517715,0.9199554135044772,-0.9199554135044772,0.9199554135044772,0.0300751879699248,0.0506566604127579,0.0597345132743362,0.25
xjtu_sy,vtoi_traj,37.5Hz11kN_Bearing2_3,42,13,7995,E_norm|C_norm|VTOI|VTOI_vel|VTOI_acc,1.0,0.0,0.938293,0.0056285178236397,0.2210123538970947,0.2422669380903244,0.4680605940991198,1.1757856607437134,1.2888602018356323,51.12858936788247,1.191128474288038,323,209,0.0,0.18588787317276,0.8997396104651255,-0.8997396104651255,0.8997396104651255,0.0225563909774436,0.0093808630393996,0.0179856115107913,0.0117924528301886
xjtu_sy,transformer_vib,37.5Hz11kN_Bearing2_3,42,13,7995,,1.0,0.0,0.938293,0.0056285178236397,0.227747768163681,0.2573940753936767,0.3995580994105806,1.211618185043335,1.3693366050720217,58.74290440032672,1.6252995656128784,-1,0,0.0,0.4468603134155273,0.8125347169906108,-0.8125347169906108,0.8125347169906108,0.0338345864661654,0.0544090056285178,0.0363886703383162,0.25625
xjtu_sy,tcn_vib,37.5Hz11kN_Bearing2_3,42,13,7995,,1.0,0.0,0.938293,0.0056285178236397,0.1531619429588318,0.1733358800411224,0.727698061053851,0.8148216009140015,0.9221468567848206,35.904752553933406,0.9012950468340132,357,175,0.0,0.6378382444381714,0.6203942278002764,-0.6203942278002764,0.6203942278002764,0.0,0.7317073170731707,0.4241399251546255,0.451120283018868
xjtu_sy,tcn_transformer_vib,37.5Hz11kN_Bearing2_3,42,13,7995,,1.0,0.0,0.938293,0.0056285178236397,0.1696317344903946,0.192012533545494,0.6658565641627789,0.9024407267570496,1.021506667137146,42.45588794238234,1.1743629614404956,359,173,0.0,0.3557655811309814,0.5825732080320358,-0.5825732080320358,0.5825732080320358,0.0244360902255639,0.1763602251407129,0.159278266536331,0.2830188679245283
xjtu_sy,cnn_bilstm_attn_vib,37.5Hz11kN_Bearing2_3,42,13,7995,,1.0,0.0,0.938293,0.0056285178236397,0.3050961196422577,0.3384226560592651,-0.0379889879107169,1.623111367225647,1.8004086017608645,83.19828291153976,2.359010034434735,-1,0,0.0,0.3310601413249969,0.492594987989467,0.492594987989467,-0.492594987989467,0.0225563909774436,0.600375234521576,0.1875732708089097,0.25
xjtu_sy,abl_no_idxhead,37.5Hz11kN_Bearing2_3,42,13,7995,,1.0,0.0,0.938293,0.0056285178236397,0.1698356121778488,0.1924647390842437,0.6642807606524457,0.9035255312919616,1.02391254901886,39.65068781548718,0.9718963887339797,324,208,0.0,0.1761809289455413,0.8921401119050878,-0.8921401119050878,0.8921401119050878,0.0112781954887218,0.1575984990619137,0.1425930391447633,0.2594339622641509
xjtu_sy,abl_cond_noaux,37.5Hz11kN_Bearing2_3,42,13,7995,E_norm|C_norm|VTOI,1.0,0.0,0.938293,0.0056285178236397,0.2109501957893371,0.241425409913063,0.4717496119872354,1.1222550868988037,1.2843832969665527,48.81631803434557,1.1292189881834596,325,207,0.0,0.4390942752361297,0.8340084990923196,-0.8340084990923196,0.8340084990923196,0.0131578947368421,0.600375234521576,0.1886792452830188,0.25
xjtu_sy,abl_E_only,37.5Hz11kN_Bearing2_3,42,13,7995,E_norm,1.0,0.0,0.938293,0.0056285178236397,0.1355165988206863,0.148534893989563,0.8000456689771223,0.7209482192993164,0.790205717086792,32.32415117039971,0.8537175208539833,326,206,0.0,0.1733944863080978,0.912006745252458,-0.912006745252458,0.912006745252458,0.0112781954887218,0.5647279549718575,0.3513042159538975,0.3944575471698113
xjtu_sy,abl_no_smooth,37.5Hz11kN_Bearing2_3,42,13,7995,E_norm|C_norm|VTOI,1.0,0.0,0.938293,0.0056285178236397,0.182465448975563,0.2070144712924957,0.6116035333033238,0.9707161784172058,1.101317048072815,42.09389009198503,0.995277950893144,326,206,0.0,0.2140074372291565,0.8827194104125584,-0.8827194104125584,0.8827194104125584,0.0451127819548872,0.1257035647279549,0.1195700276145294,0.1748820754716981
xjtu_sy,abl_no_mono,37.5Hz11kN_Bearing2_3,42,13,7995,E_norm|C_norm|VTOI,1.0,0.0,0.938293,0.0056285178236397,0.1881967782974243,0.2103825211524963,0.5988625417794554,1.0012069940567017,1.1192351579666138,43.251303423243925,1.0134124719445186,325,207,0.0,0.186379000544548,0.9318563419364614,-0.9318563419364614,0.9318563419364614,0.037593984962406,0.2045028142589118,0.1463815789473684,0.3053808525506639
xjtu_sy,vtoi_static,37.5Hz11kN_Bearing2_4,42,13,630,E_norm|C_norm|VTOI,1.0,0.0,0.922825,0.0476190476190476,0.1444924175739288,0.1609355956315994,0.7735077205454224,0.0592419020831584,0.0659836009144783,0.2164476490071298,0.0843221558524029,30,11,0.0,0.0705609694123268,0.8595489028874286,-0.8595489028874286,0.8595489028874286,0.024390243902439,0.0714285714285714,0.075,0.09375
xjtu_sy,vtoi_traj,37.5Hz11kN_Bearing2_4,42,13,630,E_norm|C_norm|VTOI|VTOI_vel|VTOI_acc,1.0,0.0,0.922825,0.0476190476190476,0.1460911929607391,0.1656346917152404,0.7600881081834274,0.059897381812334,0.067910224199295,0.2155039012698052,0.0818109958476963,30,11,0.0,0.089096613228321,0.898623118939086,-0.898623118939086,0.898623118939086,0.1707317073170731,0.2619047619047619,0.2324561403508772,0.40625
xjtu_sy,transformer_vib,37.5Hz11kN_Bearing2_4,42,13,630,,1.0,0.0,0.922825,0.0476190476190476,0.1215810626745224,0.1614960581064224,0.7719274409904142,0.0498482398688793,0.0662133917212486,0.1967539698063949,0.0857683875198875,30,11,0.0,0.4245758652687073,0.8677662272931419,-0.8677662272931419,0.8677662272931419,0.1707317073170731,0.6666666666666666,0.3426573426573426,0.5
xjtu_sy,tcn_vib,37.5Hz11kN_Bearing2_4,42,13,630,,1.0,0.0,0.922825,0.0476190476190476,0.1655771434307098,0.1840452402830124,0.7037909171013925,0.0678866282105445,0.0754585564136505,0.2324950345925169,0.0806505978445264,31,10,0.0,0.5042048692703247,0.7156618755384062,-0.7156618755384062,0.7156618755384062,0.1219512195121951,0.0714285714285714,0.1071428571428571,0.25
xjtu_sy,tcn_transformer_vib,37.5Hz11kN_Bearing2_4,42,13,630,,1.0,0.0,0.922825,0.0476190476190476,0.299408495426178,0.3380118012428283,0.0008908953814774,0.1227574795484542,0.1385848522186279,0.4596939992265774,0.1843039812963633,-1,0,0.0,0.4241516590118408,0.8939160923350938,-0.8939160923350938,0.8939160923350938,0.1707317073170731,0.0714285714285714,0.0333333333333333,0.25
xjtu_sy,cnn_bilstm_attn_vib,37.5Hz11kN_Bearing2_4,42,13,630,,1.0,0.0,0.922825,0.0476190476190476,0.149116113781929,0.1752138435840606,0.7315360439585511,0.0611376129090786,0.0718376711010932,0.2279988981493963,0.0916367690300657,33,8,0.0,0.3601000905036926,0.9427283499330172,-0.9427283499330172,0.9427283499330172,0.3170731707317073,0.5952380952380952,0.2155172413793103,0.25
xjtu_sy,abl_no_idxhead,37.5Hz11kN_Bearing2_4,42,13,630,,1.0,0.0,0.922825,0.0476190476190476,0.1546665430068969,0.1697648614645004,0.7479743320824561,0.0634132921695709,0.0696035996079444,0.2272489227824068,0.0856978255545809,30,11,0.0,0.0860476717352867,0.9162316712370432,-0.9162316712370432,0.9162316712370432,0.073170731707317,0.0714285714285714,0.1,0.25
xjtu_sy,abl_cond_noaux,37.5Hz11kN_Bearing2_4,42,13,630,E_norm|C_norm|VTOI,1.0,0.0,0.922825,0.0476190476190476,0.1396427154541015,0.1569400876760482,0.7846142492658826,0.0572535134851932,0.0643454417586326,0.2083355354404692,0.0806373681518293,30,11,0.0,0.3512766659259796,0.6824571769194011,-0.6824571769194011,0.6824571769194011,0.024390243902439,0.7380952380952381,0.3939393939393939,0.5
xjtu_sy,abl_E_only,37.5Hz11kN_Bearing2_4,42,13,630,E_norm,1.0,0.0,0.922825,0.0476190476190476,0.1503850221633911,0.1676815301179886,0.7541220049647903,0.0616578608751297,0.0687494352459907,0.2193635356534489,0.0817115479814154,30,11,0.0,0.0764692351222038,0.9415544464464866,-0.9415544464464866,0.9415544464464866,0.1707317073170731,0.0714285714285714,0.1,0.25
xjtu_sy,abl_no_smooth,37.5Hz11kN_Bearing2_4,42,13,630,E_norm|C_norm|VTOI,1.0,0.0,0.922825,0.0476190476190476,0.1541490107774734,0.1686112582683563,0.7513878755491986,0.0632010921835899,0.0691306143999099,0.2234355951443096,0.082304960116744,30,11,0.0,0.0779236853122711,0.9376973349907436,-0.9376973349907436,0.9376973349907436,0.2195121951219512,0.119047619047619,0.0657894736842105,0.15625
xjtu_sy,abl_no_mono,37.5Hz11kN_Bearing2_4,42,13,630,E_norm|C_norm|VTOI,1.0,0.0,0.922825,0.0476190476190476,0.142510637640953,0.1582690775394439,0.7809509554828918,0.05842936784029,0.0648903250694274,0.2107069719083534,0.0803423478667225,30,11,0.0,0.065553218126297,0.9199210821947106,-0.9199210821947106,0.9199210821947106,0.1219512195121951,0.0714285714285714,0.075,0.09375
xjtu_sy,vtoi_static,37.5Hz11kN_Bearing2_5,42,13,5085,E_norm|C_norm|VTOI,1.0,0.0,0.978252,0.0058997050147492,0.3331331014633178,0.3668378293514251,-0.2174713365726461,1.1259900331497192,1.2399117946624756,32.889363453047025,1.3501473489302624,-1,0,0.0,0.3019265234470367,0.6388258388169565,-0.6388258388169565,0.6388258388169565,0.0118343195266272,0.5988200589970502,0.1872693726937269,0.25
xjtu_sy,vtoi_traj,37.5Hz11kN_Bearing2_5,42,13,5085,E_norm|C_norm|VTOI|VTOI_vel|VTOI_acc,1.0,0.0,0.978252,0.0058997050147492,0.2459257692098617,0.2681454122066498,0.3494939220203292,0.8312291502952576,0.9063315391540528,23.58140902874393,0.9575069309226004,182,156,0.1034482758620689,0.1721044778823852,0.8719854982498698,-0.8719854982498698,0.8719854982498698,0.0118343195266272,0.1622418879056047,0.1350373551385375,0.2549019607843137
xjtu_sy,transformer_vib,37.5Hz11kN_Bearing2_5,42,13,5085,,1.0,0.0,0.978252,0.0058997050147492,0.194630742073059,0.2068553864955902,0.6128812132772494,0.6578518748283386,0.6991711854934692,18.78776128224837,0.7925509126378899,201,137,0.0098522167487684,0.3754023611545563,0.9155526045972138,0.9155526045972138,-0.9155526045972138,0.0355029585798816,0.1504424778761062,0.1275,0.25
xjtu_sy,tcn_vib,37.5Hz11kN_Bearing2_5,42,13,5085,,1.0,0.0,0.978252,0.0058997050147492,0.4332592785358429,0.4842126369476318,-1.12120608576262,1.46441650390625,1.636638879776001,47.87819899062234,2.164919088361098,214,124,0.0,0.6847676634788513,0.9192107666123468,-0.9192107666123468,0.9192107666123468,0.0355029585798816,0.6460176991150443,0.4343628833139603,0.5916763257026949
xjtu_sy,tcn_transformer_vib,37.5Hz11kN_Bearing2_5,42,13,5085,,1.0,0.0,0.978252,0.0058997050147492,0.2594129741191864,0.2809623777866363,0.2858212191906435,0.8768157362937927,0.9496528506278992,24.840143029132648,1.0013032110633224,177,161,0.1280788177339901,0.3154531419277191,0.8676247155101363,-0.8676247155101363,0.8676247155101363,0.0414201183431952,0.2005899705014749,0.1428571428571428,0.25
xjtu_sy,cnn_bilstm_attn_vib,37.5Hz11kN_Bearing2_5,42,13,5085,,1.0,0.0,0.978252,0.0058997050147492,0.2141770869493484,0.2754534482955932,0.3135530261510992,0.723918616771698,0.931032657623291,19.83832205506168,0.7309121972054331,171,167,0.1576354679802955,0.3845471441745758,0.8788048999045376,0.8788048999045376,-0.8788048999045376,0.0236686390532544,0.1563421828908554,0.1812310030395136,0.280860620110113
xjtu_sy,abl_no_idxhead,37.5Hz11kN_Bearing2_5,42,13,5085,,1.0,0.0,0.978252,0.0058997050147492,0.2264766246080398,0.259403258562088,0.3912184782268452,0.7654910683631897,0.8767830729484558,21.197147433317745,0.819357302501402,168,170,0.1724137931034483,0.090611532330513,0.908751688884352,-0.908751688884352,0.908751688884352,0.0355029585798816,0.1710914454277286,0.0730478589420654,0.0714285714285714
xjtu_sy,abl_cond_noaux,37.5Hz11kN_Bearing2_5,42,13,5085,E_norm|C_norm|VTOI,1.0,0.0,0.978252,0.0058997050147492,0.1917536854743957,0.2057894319295883,0.6168607092572376,0.6481274366378784,0.695568323135376,18.266441645641343,0.752475061236845,203,135,0.0,0.3434658646583557,0.9089492151082998,-0.9089492151082998,0.9089492151082998,0.0236686390532544,0.023598820058997,0.0119402985074626,0.0098522167487684
xjtu_sy,abl_E_only,37.5Hz11kN_Bearing2_5,42,13,5085,E_norm,1.0,0.0,0.978252,0.0058997050147492,0.3677388727664947,0.4110738337039947,-0.5287985520523242,1.242957592010498,1.3894295692443848,35.696872999686335,1.3923422168379864,147,191,0.270935960591133,0.2190599292516708,0.8971106887408048,-0.8971106887408048,0.8971106887408048,0.0059171597633136,0.0501474926253687,0.023876404494382,0.25
xjtu_sy,abl_no_smooth,37.5Hz11kN_Bearing2_5,42,13,5085,E_norm|C_norm|VTOI,1.0,0.0,0.978252,0.0058997050147492,0.2037303596735,0.2204692363739013,0.5602492720692744,0.6886086463928223,0.7451860308647156,19.05061960200069,0.7524808785798451,187,151,0.0788177339901477,0.1141908094286918,0.9237843182418602,-0.9237843182418602,0.9237843182418602,0.0769230769230769,0.2035398230088495,0.2142857142857142,0.2977941176470588
xjtu_sy,abl_no_mono,37.5Hz11kN_Bearing2_5,42,13,5085,E_norm|C_norm|VTOI,1.0,0.0,0.978252,0.0058997050147492,0.3742840886116028,0.4198434352874756,-0.5947231997049895,1.2650803327560425,1.419070839881897,36.1949314280682,1.395252541443855,143,195,0.2807881773399014,0.3452975749969482,0.8086109660610772,-0.8086109660610772,0.8086109660610772,0.029585798816568,0.2979351032448377,0.160824345146379,0.2906403940886699
xjtu_sy,vtoi_static,40Hz10kN_Bearing3_1,42,13,38070,E_norm|C_norm|VTOI,1.0,0.0,0.998394,0.0283687943262411,0.2519929111003876,0.3043769001960754,0.1583128809778894,6.393060684204102,7.722042083740234,2609.859126843426,10.440572736664455,2430,107,0.0,0.0784264579415321,0.2939348092832828,-0.2939348092832828,0.2939348092832828,0.0240441466298778,0.0047281323877068,0.0023529411764705,0.0236220472440944
xjtu_sy,vtoi_traj,40Hz10kN_Bearing3_1,42,13,38070,E_norm|C_norm|VTOI|VTOI_vel|VTOI_acc,1.0,0.0,0.998394,0.0283687943262411,0.2641963362693786,0.2986433804035187,0.1897237634074647,6.702661514282227,7.576582908630371,2431.272067643676,10.161869977607475,2432,105,0.0,0.0669355168938636,0.1586351233686736,-0.1586351233686736,0.1586351233686736,0.0201024832479306,0.64026792750197,0.4150539757404223,0.4507874015748031
xjtu_sy,transformer_vib,40Hz10kN_Bearing3_1,42,13,38070,,1.0,0.0,0.998394,0.0283687943262411,0.2665101587772369,0.302500307559967,0.1686595609964966,6.761362552642822,7.674432754516602,2517.2873344509826,10.46832730268386,2446,91,0.0,0.4173192083835602,0.218389731032289,-0.218389731032289,0.218389731032289,0.0043358297201418,0.1501182033096926,0.068084345961401,0.25
xjtu_sy,tcn_vib,40Hz10kN_Bearing3_1,42,13,38070,,1.0,0.0,0.998394,0.0283687943262411,0.2875690758228302,0.3168705701828003,0.0877977301053908,7.295626640319824,8.039007186889648,2514.763656600305,10.311512421361568,2464,73,0.0,0.2694662809371948,0.1838128780165344,-0.1838128780165344,0.1838128780165344,0.002759164367363,0.0252167060677699,0.0122982321291314,0.1259842519685039
xjtu_sy,tcn_transformer_vib,40Hz10kN_Bearing3_1,42,13,38070,,1.0,0.0,0.998394,0.0283687943262411,0.2893226146697998,0.3328886330127716,-0.006758380040658,7.340113639831543,8.445384979248047,2950.590374349289,11.425248597379424,-1,0,0.0,0.3563329577445984,0.1692322802961041,0.1692322802961041,-0.1692322802961041,0.002759164367363,0.6000788022064618,0.1875153902979561,0.25
xjtu_sy,cnn_bilstm_attn_vib,40Hz10kN_Bearing3_1,42,13,38070,,1.0,0.0,0.998394,0.0283687943262411,0.3000787794589996,0.4473456144332886,-0.8180828788852281,7.612998008728027,11.349159240722656,5468.63281757731,15.225995401625056,-1,0,0.0,0.3112841546535492,0.3047268813517381,-0.3047268813517381,0.3047268813517381,0.0130074891604257,0.6000788022064618,0.1875153902979561,0.25
xjtu_sy,abl_no_idxhead,40Hz10kN_Bearing3_1,42,13,38070,,1.0,0.0,0.998394,0.0283687943262411,0.2636279761791229,0.3039575815200805,0.1606302813542577,6.688241958618164,7.711404323577881,2563.5028310645857,10.525704243165348,2441,96,0.0,0.0537163168191909,0.1311081745239642,-0.1311081745239642,0.1311081745239642,0.0122191564840362,0.2320724980299448,0.2821627508391059,0.4114173228346456
xjtu_sy,abl_cond_noaux,40Hz10kN_Bearing3_1,42,13,38070,E_norm|C_norm|VTOI,1.0,0.0,0.998394,0.0283687943262411,0.2578732967376709,0.3029639422893524,0.1661091617255287,6.542246341705322,7.686195850372314,2581.696265501921,10.539046746937718,2432,105,0.0,0.3591654300689697,0.1062521856503574,-0.1062521856503574,0.1062521856503574,0.0035474970437524,0.6000788022064618,0.1912355600200904,0.25
xjtu_sy,abl_E_only,40Hz10kN_Bearing3_1,42,13,38070,E_norm,1.0,0.0,0.998394,0.0283687943262411,0.2593739330768585,0.3078478872776031,0.1390068158409096,6.580316543579102,7.810101509094238,2661.5361701558645,10.713516658726842,2446,91,0.0,0.0786792784929275,0.2552667978569647,-0.2552667978569647,0.2552667978569647,0.0011824990145841,0.6284475965327029,0.3718044975441257,0.3917322834645669
xjtu_sy,abl_no_smooth,40Hz10kN_Bearing3_1,42,13,38070,E_norm|C_norm|VTOI,1.0,0.0,0.998394,0.0283687943262411,0.2628946602344513,0.2984322607517242,0.1908689274979667,6.669637680053711,7.571227073669434,2440.1863613272367,10.176311577314332,2430,107,0.0,0.0628527328372001,0.1637129856246846,-0.1637129856246846,0.1637129856246846,0.0169491525423728,0.0055161544523246,0.0027429467084639,0.0275590551181102
xjtu_sy,abl_no_mono,40Hz10kN_Bearing3_1,42,13,38070,E_norm|C_norm|VTOI,1.0,0.0,0.998394,0.0283687943262411,0.2652897536754608,0.3008518517017364,0.177695465093911,6.730401039123535,7.6326117515563965,2491.2806623315278,10.38778272948842,2441,96,0.0,0.0605750046670436,0.2393722906066403,-0.2393722906066403,0.2393722906066403,0.0003941663381947,0.0003940110323089,0.0001970055161544,0.0019685039370078
xjtu_sy,vtoi_static,40Hz10kN_Bearing3_2,42,13,37440,E_norm|C_norm|VTOI,1.0,0.0,0.952708,0.0112179487179487,0.2560509145259857,0.2853101789951324,0.2604678397269111,6.38847017288208,7.118489742279053,2148.0126334565302,9.5037093339473,2457,38,0.0,0.1392323523759842,0.5141343959224195,-0.5141343959224195,0.5141343959224195,0.0036072144288577,0.5504807692307693,0.4018477270278158,0.4573466933867736
xjtu_sy,vtoi_traj,40Hz10kN_Bearing3_2,42,13,37440,E_norm|C_norm|VTOI|VTOI_vel|VTOI_acc,1.0,0.0,0.952708,0.0112179487179487,0.2615772187709808,0.2999781966209411,0.1824733837052294,6.526352405548096,7.4844560623168945,2400.558807013452,10.233828446348737,2457,38,0.0,0.0925708189606666,0.5635004703963851,-0.5635004703963851,0.5635004703963851,0.0060120240480961,0.6057692307692307,0.2075720363920651,0.26
xjtu_sy,transformer_vib,40Hz10kN_Bearing3_2,42,13,37440,,1.0,0.0,0.952708,0.0112179487179487,0.2606150209903717,0.2901363968849182,0.235236808153428,6.502345085144043,7.238903522491455,2038.8552635652936,8.875442860336102,2068,427,0.0,0.2904883623123169,0.4594104647169725,-0.4594104647169725,0.4594104647169725,0.0052104208416833,0.6298076923076923,0.3273911765415606,0.4084275217100868
xjtu_sy,tcn_vib,40Hz10kN_Bearing3_2,42,13,37440,,1.0,0.0,0.952708,0.0112179487179487,0.2934471070766449,0.3214962184429168,0.0609811876800426,7.321506023406982,8.021330833435059,2383.851173957675,9.962282800639514,2474,21,0.0,0.8528605103492737,0.497506347893103,0.497506347893103,-0.497506347893103,0.0076152304609218,0.1999198717948718,0.0839784584315045,0.25
xjtu_sy,tcn_transformer_vib,40Hz10kN_Bearing3_2,42,13,37440,,1.0,0.0,0.952708,0.0112179487179487,0.259076327085495,0.2979181706905365,0.1936632438592548,6.463955402374268,7.43305778503418,2376.747456711555,10.147335282620938,2457,38,0.0,0.3882760107517242,0.4465064729926784,0.4465064729926784,-0.4465064729926784,0.0028056112224448,0.1610576923076923,0.1856982584403233,0.3306666666666666
xjtu_sy,cnn_bilstm_attn_vib,40Hz10kN_Bearing3_2,42,13,37440,,1.0,0.0,0.952708,0.0112179487179487,0.2945205867290497,0.3369607925415039,-0.031528643949144,7.348288536071777,8.407172203063965,2844.795933763776,11.21537960332502,2475,20,0.0,0.4199581146240234,0.4403694639452892,0.4403694639452892,-0.4403694639452892,0.0096192384769539,0.6065705128205128,0.2377870760809664,0.2773333333333334
xjtu_sy,abl_no_idxhead,40Hz10kN_Bearing3_2,42,13,37440,,1.0,0.0,0.952708,0.0112179487179487,0.2470694780349731,0.2771373689174652,0.3022293420721743,6.164383888244629,6.914577484130859,2025.7153625237245,9.013629344911374,2082,413,0.0,0.1232506036758422,0.5245112756172411,-0.5245112756172411,0.5245112756172411,0.0028056112224448,0.6217948717948718,0.3078046194327458,0.3333333333333333
xjtu_sy,abl_cond_noaux,40Hz10kN_Bearing3_2,42,13,37440,E_norm|C_norm|VTOI,1.0,0.0,0.952708,0.0112179487179487,0.2880718410015106,0.3164834380149841,0.0900353840917073,7.187393665313721,7.896261692047119,2234.509661953791,9.344821928903306,2446,49,0.0,0.2199945449829101,0.1482137612077184,0.1482137612077184,-0.1482137612077184,0.002004008016032,0.6037660256410257,0.2819854151964244,0.3268229792919171
xjtu_sy,abl_E_only,40Hz10kN_Bearing3_2,42,13,37440,E_norm,1.0,0.0,0.952708,0.0112179487179487,0.2582219541072845,0.2941900491714477,0.2137177588305463,6.442639350891113,7.340041637420654,2315.056460486516,9.995574696441718,2457,38,0.0,0.0924110561609268,0.5028364163674401,-0.5028364163674401,0.5028364163674401,0.0196392785571142,0.6205929487179487,0.3061051238631394,0.354
xjtu_sy,abl_no_smooth,40Hz10kN_Bearing3_2,42,13,37440,E_norm|C_norm|VTOI,1.0,0.0,0.952708,0.0112179487179487,0.2913717031478882,0.3223332166671753,0.0560853317779965,7.269723892211914,8.042215347290039,2244.6405830468702,9.208784454261872,2272,223,0.0,0.3054478764533996,0.4245800688949446,-0.4245800688949446,0.4245800688949446,0.0012024048096192,0.1810897435897435,0.1355452119893193,0.1846359385437541
xjtu_sy,abl_no_mono,40Hz10kN_Bearing3_2,42,13,37440,E_norm|C_norm|VTOI,1.0,0.0,0.952708,0.0112179487179487,0.2533508837223053,0.2808066308498382,0.2836301593973562,6.321104526519775,7.006126403808594,2055.1336389299177,9.164729630644732,2377,118,0.0,0.1531152874231338,0.432942839392587,-0.432942839392587,0.432942839392587,0.0124248496993987,0.0244391025641025,0.0270855149064032,0.0951756847027388
xjtu_sy,vtoi_static,40Hz10kN_Bearing3_3,42,13,5565,E_norm|C_norm|VTOI,1.0,0.0,0.971995,0.0053908355795148,0.2476144433021545,0.2846648693084717,0.2665728507135593,0.9161733984947203,1.053260087966919,32.329826201643414,1.418311961366722,344,26,0.0,0.0965123996138572,0.3056831950638466,0.3056831950638466,-0.3056831950638466,0.0486486486486486,0.1293800539083558,0.06,0.2142857142857142
xjtu_sy,vtoi_traj,40Hz10kN_Bearing3_3,42,13,5565,E_norm|C_norm|VTOI|VTOI_vel|VTOI_acc,1.0,0.0,0.971995,0.0053908355795148,0.2359529733657837,0.2928709089756012,0.2236784345610617,0.8730258941650391,1.0836223363876345,31.957962249914203,1.4435160272827527,344,26,0.0,0.0845850482583046,0.5238543121601854,-0.5238543121601854,0.5238543121601854,0.0216216216216216,0.0026954177897574,0.0083333333333333,0.0044642857142857
xjtu_sy,transformer_vib,40Hz10kN_Bearing3_3,42,13,5565,,1.0,0.0,0.971995,0.0053908355795148,0.2439562380313873,0.2878099083900451,0.2502773069339888,0.9026380777359008,1.0648967027664185,32.66258346946323,1.4708107190452655,345,25,0.0,0.2831936776638031,0.6631796358425643,0.6631796358425643,-0.6631796358425643,0.0324324324324324,0.6199460916442049,0.2460537336511822,0.2857142857142857
xjtu_sy,tcn_vib,40Hz10kN_Bearing3_3,42,13,5565,,1.0,0.0,0.971995,0.0053908355795148,0.2818774878978729,0.3117337226867676,0.1204576900811044,1.042946696281433,1.1534147262573242,34.21439945225127,1.35232750789295,344,26,0.0,0.4816229343414306,0.1196050628151542,0.1196050628151542,-0.1196050628151542,0.0324324324324324,0.0107816711590296,0.0253164556962025,0.0178571428571428
xjtu_sy,tcn_transformer_vib,40Hz10kN_Bearing3_3,42,13,5565,,1.0,0.0,0.971995,0.0053908355795148,0.2460128962993621,0.2811569273471832,0.2845377216972048,0.9102477431297302,1.0402806997299194,31.923919419027108,1.3924603559719424,344,26,0.0,0.4382589757442474,0.4707231019396755,-0.4707231019396755,0.4707231019396755,0.0135135135135135,0.5983827493261455,0.196113074204947,0.25
xjtu_sy,cnn_bilstm_attn_vib,40Hz10kN_Bearing3_3,42,13,5565,,1.0,0.0,0.971995,0.0053908355795148,0.2628127038478851,0.2887330949306488,0.2454598591493092,0.9724071025848388,1.068312406539917,33.15001681305966,1.3977182462028257,344,26,0.0,0.3050543069839477,0.2139219344353619,0.2139219344353619,-0.2139219344353619,0.0324324324324324,0.0,0.0,0.0
xjtu_sy,abl_no_idxhead,40Hz10kN_Bearing3_3,42,13,5565,,1.0,0.0,0.971995,0.0053908355795148,0.2355038225650787,0.2891956865787506,0.2430401508938047,0.8713641166687012,1.0700241327285769,31.74461658929807,1.4306550843194328,344,26,0.0,0.0897943153977394,0.2140712323885563,0.2140712323885563,-0.2140712323885563,0.0162162162162162,0.2210242587601078,0.1367095174958206,0.2857142857142857
xjtu_sy,abl_cond_noaux,40Hz10kN_Bearing3_3,42,13,5565,E_norm|C_norm|VTOI,1.0,0.0,0.971995,0.0053908355795148,0.2470910251140594,0.2840281724929809,0.2698500033116575,0.9142367839813232,1.050904393196106,32.292486954430814,1.4189035755424004,344,26,0.0,0.6579222083091736,0.2913493062765757,-0.2913493062765757,0.2913493062765757,0.0054054054054054,0.1994609164420485,0.084090909090909,0.25
xjtu_sy,abl_E_only,40Hz10kN_Bearing3_3,42,13,5565,E_norm,1.0,0.0,0.971995,0.0053908355795148,0.2342278212308883,0.2831508815288543,0.2743537545522636,0.866642951965332,1.0476582050323486,31.32502467821197,1.4057452172101186,344,26,0.0,0.1074243411421775,0.0677292594548673,0.0677292594548673,-0.0677292594548673,0.0162162162162162,0.5983827493261455,0.1964601769911504,0.25
xjtu_sy,abl_no_smooth,40Hz10kN_Bearing3_3,42,13,5565,E_norm|C_norm|VTOI,1.0,0.0,0.971995,0.0053908355795148,0.2371579855680465,0.28623166680336,0.2584770671199443,0.8774845004081726,1.0590572357177734,31.713757406480887,1.4211302382264015,344,26,0.0,0.0727061629295349,0.0382806565644731,-0.0382806565644731,0.0382806565644731,0.0054054054054054,0.0646900269541779,0.0769230769230769,0.1071428571428571
xjtu_sy,abl_no_mono,40Hz10kN_Bearing3_3,42,13,5565,E_norm|C_norm|VTOI,1.0,0.0,0.971995,0.0053908355795148,0.2399022579193115,0.2816778123378753,0.2818841730379197,0.8876383304595947,1.042207956314087,31.912271953181097,1.4310476469363005,345,25,0.0,0.09018125385046,0.3630011481943342,0.3630011481943342,-0.3630011481943342,0.0324324324324324,0.5983827493261455,0.1957671957671957,0.25
xjtu_sy,vtoi_static,40Hz10kN_Bearing3_4,42,13,22725,E_norm|C_norm|VTOI,1.0,0.0,0.959018,0.0389438943894389,0.2926283180713653,0.3281653225421905,0.0220341688970431,4.430392742156982,4.968423366546631,791.099285857568,6.6091061699877285,-1,0,0.0,0.1921408772468567,0.4609819965345049,-0.4609819965345049,0.4609819965345049,0.0105680317040951,0.0,0.0,0.0
xjtu_sy,vtoi_traj,40Hz10kN_Bearing3_4,42,13,22725,E_norm|C_norm|VTOI|VTOI_vel|VTOI_acc,1.0,0.0,0.959018,0.0389438943894389,0.269500583410263,0.3033648133277893,0.1642647875633027,4.080239295959473,4.59294319152832,727.7429627363852,6.323173434582382,1509,5,0.0,0.1341822445392608,0.4293441180731916,-0.4293441180731916,0.4293441180731916,0.0052840158520475,0.0026402640264026,0.0013166556945358,0.0131578947368421
xjtu_sy,transformer_vib,40Hz10kN_Bearing3_4,42,13,22725,,1.0,0.0,0.959018,0.0389438943894389,0.2670561969280243,0.3387216329574585,-0.0418955364809368,4.043231010437012,5.128245830535889,843.6334640758577,7.18073427787069,-1,0,0.0,0.3479005694389343,0.2097904134771221,-0.2097904134771221,0.2097904134771221,0.0105680317040951,0.0481848184818481,0.022984886649874,0.2401315789473684
xjtu_sy,tcn_vib,40Hz10kN_Bearing3_4,42,13,22725,,1.0,0.0,0.959018,0.0389438943894389,0.2851356267929077,0.3777261078357696,-0.2956636816875497,4.316953659057617,5.718773365020752,976.932097111819,7.806562681557617,-1,0,0.0,0.2458506375551223,0.0745626751409716,-0.0745626751409716,0.0745626751409716,0.011889035667107,0.2,0.0834710743801653,0.25
xjtu_sy,tcn_transformer_vib,40Hz10kN_Bearing3_4,42,13,22725,,1.0,0.0,0.959018,0.0389438943894389,0.2945656478404999,0.3318505883216858,-5.3987684179857e-05,4.459723949432373,5.0242180824279785,802.8097258635519,6.670417682169982,-1,0,0.0,0.216499462723732,0.5016376488723138,-0.5016376488723138,0.5016376488723138,0.0026420079260237,0.2,0.0833333333333333,0.25
xjtu_sy,cnn_bilstm_attn_vib,40Hz10kN_Bearing3_4,42,13,22725,,1.0,0.0,0.959018,0.0389438943894389,0.2901233434677124,0.329111635684967,0.0163857449845651,4.392467021942139,4.982750415802002,800.2061902816583,6.7012138622404125,-1,0,0.0,0.510694146156311,0.119326432793882,0.119326432793882,-0.119326432793882,0.0066050198150594,0.1544554455445544,0.1075865421339536,0.2730263157894737
xjtu_sy,abl_no_idxhead,40Hz10kN_Bearing3_4,42,13,22725,,1.0,0.0,0.959018,0.0389438943894389,0.2611517608165741,0.3207705020904541,0.0656122393918179,3.953837633132935,4.8564653396606445,786.238156649106,6.772518653757009,1445,69,0.0,0.1125743836164474,0.0095863928798075,-0.0095863928798075,0.0095863928798075,0.0013210039630118,0.2006600660066006,0.0891241735618987,0.2511013215859031
xjtu_sy,abl_cond_noaux,40Hz10kN_Bearing3_4,42,13,22725,E_norm|C_norm|VTOI,1.0,0.0,0.959018,0.0389438943894389,0.27834552526474,0.3121116459369659,0.115377064934603,4.214151382446289,4.725370407104492,751.2795710681382,6.452953261586995,-1,0,0.0,0.5615884065628052,0.0094976433938895,0.0094976433938895,-0.0094976433938895,0.0,0.0501650165016501,0.0238843494657448,0.25
xjtu_sy,abl_E_only,40Hz10kN_Bearing3_4,42,13,22725,E_norm,1.0,0.0,0.959018,0.0389438943894389,0.262436956167221,0.3245669901371002,0.0433633781709353,3.973296403884888,4.913944721221924,798.2940126166558,6.860029005372387,1444,70,0.0,0.1441584527492523,0.110573405201633,-0.110573405201633,0.110573405201633,0.0277410832232496,0.6,0.1922588832487309,0.25
xjtu_sy,abl_no_smooth,40Hz10kN_Bearing3_4,42,13,22725,E_norm|C_norm|VTOI,1.0,0.0,0.959018,0.0389438943894389,0.2628374397754669,0.3276767134666443,0.0249440979477175,3.979358673095703,4.961025714874268,808.3443113778821,6.939296092685595,1445,69,0.0,0.1364615112543106,0.0200100638905465,0.0200100638905465,-0.0200100638905465,0.0145310435931307,0.0019801980198019,0.0009881422924901,0.0098684210526315
xjtu_sy,abl_no_mono,40Hz10kN_Bearing3_4,42,13,22725,E_norm|C_norm|VTOI,1.0,0.0,0.959018,0.0389438943894389,0.2668293118476867,0.3521697521209717,-0.126269544432688,4.039795875549316,5.331850051879883,882.7177985043041,7.403628321997698,1506,8,0.0,0.1499485224485397,0.1480131382032498,0.1480131382032498,-0.1480131382032498,0.0039630118890356,0.1524752475247524,0.0903049482163406,0.2631578947368421
xjtu_sy,vtoi_static,40Hz10kN_Bearing3_5,42,13,1710,E_norm|C_norm|VTOI,1.0,0.0,0.920027,0.0263157894736842,0.442802369594574,0.5207481384277344,-1.4301069462828413,0.5003666877746582,0.5884453654289246,4.567879117070348,0.5231052952769556,10,103,0.8529411764705882,0.4759706258773803,0.012850926777881,-0.012850926777881,0.012850926777881,0.0619469026548672,0.5,0.1676470588235294,0.2095588235294117
xjtu_sy,vtoi_traj,40Hz10kN_Bearing3_5,42,13,1710,E_norm|C_norm|VTOI|VTOI_vel|VTOI_acc,1.0,0.0,0.920027,0.0263157894736842,0.3996108472347259,0.4806937575340271,-1.0706510035146883,0.4515602588653564,0.5431839227676392,4.108166838883571,0.4691461279596153,24,89,0.5588235294117647,0.4369334876537323,0.3618288004490196,-0.3618288004490196,0.3618288004490196,0.1150442477876106,0.5701754385964912,0.23250374251497,0.2720588235294117
xjtu_sy,transformer_vib,40Hz10kN_Bearing3_5,42,13,1710,,1.0,0.0,0.920027,0.0263157894736842,0.4898557960987091,0.5749881863594055,-1.9627010547268533,0.5535370111465454,0.6497366428375244,5.019978865584256,0.5612119483973896,10,103,0.8529411764705882,0.27079638838768,0.1890892154001361,-0.1890892154001361,0.1890892154001361,0.0619469026548672,0.0526315789473684,0.0272727272727272,0.25
xjtu_sy,tcn_vib,40Hz10kN_Bearing3_5,42,13,1710,,1.0,0.0,0.920027,0.0263157894736842,0.5025543570518494,0.5785147547721863,-1.9991549226742964,0.5678864121437073,0.6537216901779175,5.128273917406206,0.5683004852024871,10,103,0.8529411764705882,0.7860453724861145,0.8642628942352694,-0.8642628942352694,0.8642628942352694,0.2123893805309734,0.4912280701754385,0.1647058823529411,0.2058823529411764
xjtu_sy,tcn_transformer_vib,40Hz10kN_Bearing3_5,42,13,1710,,1.0,0.0,0.920027,0.0263157894736842,0.5268099308013916,0.6081879138946533,-2.314710263613908,0.5952953100204468,0.6872523427009583,5.407687592656402,0.604509041432226,6,107,0.9117647058823528,0.2525456547737121,0.308300730808514,0.308300730808514,-0.308300730808514,0.079646017699115,0.543859649122807,0.1761363636363636,0.2279411764705882
xjtu_sy,cnn_bilstm_attn_vib,40Hz10kN_Bearing3_5,42,13,1710,,1.0,0.0,0.920027,0.0263157894736842,0.3017646968364715,0.4501700401306152,-0.8160306120689156,0.3409941494464874,0.5086921453475952,4.039124886110155,0.6819881481167517,-1,0,0.0,0.3290763199329376,0.0557362334526815,0.0557362334526815,-0.0557362334526815,0.0265486725663716,0.5964912280701754,0.1868131868131868,0.25
xjtu_sy,abl_no_idxhead,40Hz10kN_Bearing3_5,42,13,1710,,1.0,0.0,0.920027,0.0263157894736842,0.5028010010719299,0.5923857092857361,-2.14469945335534,0.5681650042533875,0.6693958640098572,5.154447724378444,0.5747593579192957,10,103,0.8529411764705882,0.625586986541748,0.4666348752762578,-0.4666348752762578,0.4666348752762578,0.0619469026548672,0.1842105263157894,0.12,0.2898550724637681
xjtu_sy,abl_cond_noaux,40Hz10kN_Bearing3_5,42,13,1710,E_norm|C_norm|VTOI,1.0,0.0,0.920027,0.0263157894736842,0.4166178405284881,0.4975825548171997,-1.218708872669613,0.4707781374454498,0.5622683167457581,4.280362017852559,0.4869977977584329,12,101,0.8235294117647058,0.3088469803333282,0.1868642913313214,0.1868642913313214,-0.1868642913313214,0.0265486725663716,0.0614035087719298,0.0433909551248472,0.2536764705882353
xjtu_sy,abl_E_only,40Hz10kN_Bearing3_5,42,13,1710,E_norm,1.0,0.0,0.920027,0.0263157894736842,0.4744861423969269,0.5537391901016235,-1.747771030065452,0.5361692309379578,0.6257253289222717,4.875661358268308,0.5508082933201078,8,105,0.8823529411764706,0.5182909965515137,0.2402205683412782,-0.2402205683412782,0.2402205683412782,0.1327433628318584,0.5175438596491229,0.1705202312138728,0.2169117647058823
xjtu_sy,abl_no_smooth,40Hz10kN_Bearing3_5,42,13,1710,E_norm|C_norm|VTOI,1.0,0.0,0.920027,0.0263157894736842,0.4245012104511261,0.4925960302352905,-1.1744617287377608,0.4796863794326782,0.556633472442627,4.376621038140937,0.5034737561486269,11,102,0.8382352941176471,0.493740975856781,0.2306546518646227,-0.2306546518646227,0.2306546518646227,0.0619469026548672,0.1140350877192982,0.0732153392330383,0.2757352941176471
xjtu_sy,abl_no_mono,40Hz10kN_Bearing3_5,42,13,1710,E_norm|C_norm|VTOI,1.0,0.0,0.920027,0.0263157894736842,0.4641943275928497,0.5505930185317993,-1.716635220727928,0.5245395302772522,0.622170090675354,4.761426248157481,0.5351596658297798,10,103,0.8529411764705882,0.6034579277038574,0.2891269972136057,-0.2891269972136057,0.2891269972136057,0.1327433628318584,0.0526315789473684,0.0272727272727272,0.25
xjtu_sy,ctl_scalar,35Hz12kN_Bearing1_1,42,13,1845,VTOI,1.0,0.0,0.921294,0.0,0.1297522932291031,0.14902307093143463,0.8007795964866813,0.15829779207706451,0.18180814385414124,1.7372987608589778,0.23669657859254659,98,24,0.0,0.10628916323184967,0.9019200929805683,-0.9019200929805683,0.9019200929805683,0.16393442622950818,0.0,0.0,0.0
xjtu_sy,ctl_EC,35Hz12kN_Bearing1_1,42,13,1845,E_norm|C_norm,1.0,0.0,0.921294,0.0,0.16162565350532532,0.18450656533241272,0.6946130371962211,0.1971832662820816,0.22509801387786865,2.1660686902610777,0.29383244356367644,-1,0,0.0,0.14528557658195496,0.8735556048981058,-0.8735556048981058,0.8735556048981058,0.09836065573770492,0.14634146341463414,0.2121212121212121,0.23809523809523808
xjtu_sy,ctl_hc10,35Hz12kN_Bearing1_1,42,13,1845,hc_RMS_x|hc_RMS_y|hc_Kurt_x|hc_Kurt_y|hc_CF_x|hc_CF_y|hc_SE_x|hc_SE_y|hc_ESE_x|hc_ESE_y,1.0,0.0,0.921294,0.0,0.1119418665766716,0.12425094097852707,0.8615075171728189,0.136569082736969,0.1515861600637436,1.4529080397686198,0.189287216410162,88,34,0.0,0.08610652387142181,0.8877878216103772,-0.8877878216103772,0.8877878216103772,0.21311475409836064,0.21138211382113822,0.19386973180076628,0.3214285714285714
xjtu_sy,ctl_random,35Hz12kN_Bearing1_1,42,13,1845,VTOI_rand,1.0,0.0,0.921294,0.0,0.14385804533958435,0.15772272646427155,0.7768405021662496,0.1755068153142929,0.19242173433303833,1.7903667575900353,0.21575278307243093,83,39,0.0,0.06294964998960495,0.8507547408581277,-0.8507547408581277,0.8507547408581277,0.08196721311475409,0.14634146341463414,0.15789473684210525,0.25
xjtu_sy,ctl_shuffled,35Hz12kN_Bearing1_1,42,13,1845,VTOI_shuf,1.0,0.0,0.921294,0.0,0.14819931983947754,0.16415387392044067,0.7582708248596399,0.18080317974090576,0.2002677321434021,1.9545521419828429,0.25989968841516875,111,11,0.0,0.12395365536212921,0.9073704456353613,-0.9073704456353613,0.9073704456353613,0.22950819672131148,0.6829268292682927,0.3131408244402595,0.3541666666666667
xjtu_sy,ctl_elapsed,35Hz12kN_Bearing1_1,42,13,1845,elapsed_norm,1.0,0.0,0.921294,0.0,0.17125976085662842,0.19831661880016327,0.6471866155662895,0.2089369148015976,0.241946280002594,2.243640128693535,0.2928530529928886,-1,0,0.0,0.07395399361848831,0.9094626347962477,-0.9094626347962477,0.9094626347962477,0.16393442622950818,0.6991869918699187,0.46848915357202653,0.47619047619047616
xjtu_sy,ctl_lifefrac,35Hz12kN_Bearing1_1,42,13,1845,Deg_oracle,1.0,0.0,0.921294,0.0,0.14364923536777496,0.15834937989711761,0.7750636990617321,0.17525207996368408,0.19318623840808868,1.9237392720809996,0.26214866809607523,113,9,0.0,0.14465047419071198,0.9217559118721562,-0.9217559118721562,0.9217559118721562,0.22950819672131148,0.6097560975609756,0.22229813664596274,0.2604166666666667
xjtu_sy,ctl_nodeg,35Hz12kN_Bearing1_1,42,13,1845,VTOI_mono,1.0,0.0,0.921294,0.0,0.12598101794719696,0.1451542228460312,0.8109893716884529,0.15369682013988495,0.1770881563425064,1.661081918928835,0.22105998548913777,95,27,0.0,0.0863935574889183,0.8747016448206294,-0.8747016448206294,0.8747016448206294,0.18032786885245902,0.6178861788617886,0.23637426900584793,0.2708333333333333
xjtu_sy,ctl_scalar,35Hz12kN_Bearing1_2,42,13,2415,VTOI,1.0,0.0,0.9056,0.06832298136645963,0.3362245261669159,0.41818544268608093,-0.573683096569447,0.5379592180252075,0.6690967679023743,6.952333181392527,0.5567399933934212,52,108,0.4583333333333333,0.09318327903747559,0.6500520793902882,-0.6500520793902882,0.6500520793902882,0.0875,0.14906832298136646,0.08695652173913043,0.25
xjtu_sy,ctl_EC,35Hz12kN_Bearing1_2,42,13,2415,E_norm|C_norm,1.0,0.0,0.9056,0.06832298136645963,0.32580575346946716,0.41091352701187134,-0.5194284359973123,0.5212892889976501,0.6574616432189941,6.709176145374,0.532409945028539,55,105,0.4270833333333333,0.08454950898885727,0.6986440665970104,-0.6986440665970104,0.6986440665970104,0.05,0.515527950310559,0.2861454440931302,0.3828125
xjtu_sy,ctl_hc10,35Hz12kN_Bearing1_2,42,13,2415,hc_RMS_x|hc_RMS_y|hc_Kurt_x|hc_Kurt_y|hc_CF_x|hc_CF_y|hc_SE_x|hc_SE_y|hc_ESE_x|hc_ESE_y,1.0,0.0,0.9056,0.06832298136645963,0.24944627285003662,0.31490358710289,0.10765124738220566,0.39911410212516785,0.503845751285553,5.105364731929068,0.40954903929685216,63,97,0.34375,0.10210644453763962,0.7548909355206797,-0.7548909355206797,0.7548909355206797,0.0375,0.14906832298136646,0.06486486486486487,0.25
xjtu_sy,ctl_random,35Hz12kN_Bearing1_2,42,13,2415,VTOI_rand,1.0,0.0,0.9056,0.06832298136645963,0.3207554519176483,0.3943588435649872,-0.3994667237189,0.51320880651474,0.6309742331504822,6.598389060066639,0.5259819601355873,52,108,0.4583333333333333,0.07918841391801834,0.8806773323308315,-0.8806773323308315,0.8806773323308315,0.05,0.10559006211180125,0.0756060163551402,0.13802083333333334
xjtu_sy,ctl_shuffled,35Hz12kN_Bearing1_2,42,13,2415,VTOI_shuf,1.0,0.0,0.9056,0.06832298136645963,0.3092561364173889,0.39338210225105286,-0.3925428639025976,0.4948098659515381,0.6294113993644714,6.368865765058823,0.5073336520642968,56,104,0.4166666666666667,0.09662467986345291,0.8230173002452695,-0.8230173002452695,0.8230173002452695,0.05,0.5279503105590062,0.295499407816818,0.38802083333333337
xjtu_sy,ctl_elapsed,35Hz12kN_Bearing1_2,42,13,2415,elapsed_norm,1.0,0.0,0.9056,0.06832298136645963,0.26695725321769714,0.33713117241859436,-0.02276831837718385,0.42713165283203125,0.5394099354743958,5.585336133031719,0.46742660200558833,56,104,0.4166666666666667,0.09244661033153534,0.7056444306389755,-0.7056444306389755,0.7056444306389755,0.0625,0.38509316770186336,0.21631388745482705,0.38802083333333337
xjtu_sy,ctl_lifefrac,35Hz12kN_Bearing1_2,42,13,2415,Deg_oracle,1.0,0.0,0.9056,0.06832298136645963,0.12251241505146027,0.1579892635345459,0.7753871753964593,0.19601990282535553,0.2527828514575958,2.4815391992703764,0.2022018593198024,92,68,0.03125,0.11930762231349945,0.8306424311588083,-0.8306424311588083,0.8306424311588083,0.0625,0.18012422360248448,0.1652439024390244,0.34635416666666663
xjtu_sy,ctl_nodeg,35Hz12kN_Bearing1_2,42,13,2415,VTOI_mono,1.0,0.0,0.9056,0.06832298136645963,0.3350887894630432,0.414492666721344,-0.5460130146197826,0.536142110824585,0.6631883382797241,6.917080191101895,0.5526054162323845,52,108,0.4583333333333333,0.08834751695394516,0.7581545986545664,-0.7581545986545664,0.7581545986545664,0.0875,0.19875776397515527,0.10884353741496598,0.25
xjtu_sy,ctl_scalar,35Hz12kN_Bearing1_3,42,13,2370,VTOI,1.0,0.0,0.925663,0.0759493670886076,0.1961050182580948,0.22122161090373993,0.5596855933052977,0.30788490176200867,0.34731796383857727,4.062865597155289,0.378894517858383,132,25,0.0,0.22637222707271576,0.9637605710398138,-0.9637605710398138,0.9637605710398138,0.1337579617834395,0.0,0.0,0.0
xjtu_sy,ctl_EC,35Hz12kN_Bearing1_3,42,13,2370,E_norm|C_norm,1.0,0.0,0.925663,0.0759493670886076,0.21187540888786316,0.2423659861087799,0.4714925994891874,0.33264443278312683,0.38051459193229675,4.433442286384644,0.41813257711503327,132,25,0.0,0.23769710958003998,0.9551781755682467,-0.9551781755682467,0.9551781755682467,0.08280254777070063,0.7531645569620253,0.40657708628005657,0.5
xjtu_sy,ctl_hc10,35Hz12kN_Bearing1_3,42,13,2370,hc_RMS_x|hc_RMS_y|hc_Kurt_x|hc_Kurt_y|hc_CF_x|hc_CF_y|hc_SE_x|hc_SE_y|hc_ESE_x|hc_ESE_y,1.0,0.0,0.925663,0.0759493670886076,0.2079823613166809,0.23001925647258759,0.5239680025889697,0.3265323340892792,0.3611302375793457,4.357851098713737,0.41423013087220584,137,20,0.0,0.23757506906986237,0.9591078438244586,-0.9591078438244586,0.9591078438244586,0.1464968152866242,0.189873417721519,0.15893188633442812,0.4274193548387097
xjtu_sy,ctl_random,35Hz12kN_Bearing1_3,42,13,2370,VTOI_rand,1.0,0.0,0.925663,0.0759493670886076,0.16551637649536133,0.20774926245212555,0.6116826996534153,0.25986066460609436,0.3261663615703583,3.2987987504542127,0.2843715312501675,120,37,0.0,0.19623032212257385,0.96413781919241,-0.96413781919241,0.96413781919241,0.08280254777070063,0.6518987341772152,0.3070689998011533,0.5
xjtu_sy,ctl_shuffled,35Hz12kN_Bearing1_3,42,13,2370,VTOI_shuf,1.0,0.0,0.925663,0.0759493670886076,0.21572020649909973,0.23544828593730927,0.5012317550257281,0.3386806845664978,0.3696537911891937,4.565653948298173,0.4413008983895371,144,13,0.0,0.23940886557102203,0.9648891717629978,-0.9648891717629978,0.9648891717629978,0.1592356687898089,0.1962025316455696,0.082010582010582,0.25
xjtu_sy,ctl_elapsed,35Hz12kN_Bearing1_3,42,13,2370,elapsed_norm,1.0,0.0,0.925663,0.0759493670886076,0.17509028315544128,0.21040664613246918,0.6016849785663996,0.27489176392555237,0.3303384482860565,3.538042344803491,0.31426991010674193,127,30,0.0,0.22603322565555573,0.9649960587395667,-0.9649960587395667,0.9649960587395667,0.1337579617834395,0.0,0.0,0.0
xjtu_sy,ctl_lifefrac,35Hz12kN_Bearing1_3,42,13,2370,Deg_oracle,1.0,0.0,0.925663,0.0759493670886076,0.04044802486896515,0.05017613619565964,0.9773482250085903,0.06350340694189072,0.0787765383720398,0.8296275360993337,0.07846981190333638,122,35,0.0,0.21798180043697357,0.9639869199313715,-0.9639869199313715,0.9639869199313715,0.2484076433121019,0.006329113924050633,0.0031645569620253164,0.002631578947368421
xjtu_sy,ctl_nodeg,35Hz12kN_Bearing1_3,42,13,2370,VTOI_mono,1.0,0.0,0.925663,0.0759493670886076,0.17470261454582214,0.2098032534122467,0.6039662099420752,0.27428311109542847,0.32939112186431885,3.437264855132571,0.2884950196205438,114,43,0.0,0.2169027328491211,0.9651626766736302,-0.9651626766736302,0.9651626766736302,0.1337579617834395,0.22151898734177214,0.18068559347629115,0.467741935483871
xjtu_sy,ctl_scalar,35Hz12kN_Bearing1_4,42,13,1830,VTOI,1.0,0.0,0.950315,0.0,0.2823484241962433,0.38233664631843567,-0.31123865643383164,0.3416416049003601,0.4626273214817047,4.156857846365613,0.6322253352244858,-1,0,0.0,0.1253661960363388,0.2892840789028889,-0.2892840789028889,0.2892840789028889,0.04132231404958678,0.19672131147540983,0.08275862068965517,0.25
xjtu_sy,ctl_EC,35Hz12kN_Bearing1_4,42,13,1830,E_norm|C_norm,1.0,0.0,0.950315,0.0,0.2755202353000641,0.36068129539489746,-0.16690936419064006,0.3333795368671417,0.4364243745803833,3.9899867540755265,0.5979546819981493,-1,0,0.0,0.1204603910446167,0.7714185154580634,-0.7714185154580634,0.7714185154580634,0.05785123966942149,0.19672131147540983,0.08275862068965517,0.25
xjtu_sy,ctl_hc10,35Hz12kN_Bearing1_4,42,13,1830,hc_RMS_x|hc_RMS_y|hc_Kurt_x|hc_Kurt_y|hc_CF_x|hc_CF_y|hc_SE_x|hc_SE_y|hc_ESE_x|hc_ESE_y,1.0,0.0,0.950315,0.0,0.29302918910980225,0.3897375762462616,-0.36249323598070693,0.354565292596817,0.47158241271972656,4.291949710172606,0.6484127426672666,-1,0,0.0,0.1343577802181244,0.6564033125208049,-0.6564033125208049,0.6564033125208049,0.008264462809917356,0.19672131147540983,0.08275862068965517,0.25
xjtu_sy,ctl_random,35Hz12kN_Bearing1_4,42,13,1830,VTOI_rand,1.0,0.0,0.950315,0.0,0.28053736686706543,0.38218581676483154,-0.3102041677479732,0.33945026993751526,0.46244484186172485,4.138161893803828,0.6306776097502376,-1,0,0.0,0.1222604289650917,0.7672429783817315,-0.7672429783817315,0.7672429783817315,0.024793388429752067,0.5983606557377049,0.18814432989690721,0.25
xjtu_sy,ctl_shuffled,35Hz12kN_Bearing1_4,42,13,1830,VTOI_shuf,1.0,0.0,0.950315,0.0,0.27877363562583923,0.3636820316314697,-0.1864066892419729,0.33731609582901,0.4400552809238434,4.030777793447455,0.6026307899871322,-1,0,0.0,0.12479298561811447,0.6225479758986314,-0.6225479758986314,0.6225479758986314,0.008264462809917356,0.5983606557377049,0.18814432989690721,0.25
xjtu_sy,ctl_elapsed,35Hz12kN_Bearing1_4,42,13,1830,elapsed_norm,1.0,0.0,0.950315,0.0,0.2822842001914978,0.38126933574676514,-0.30392786326294696,0.341563880443573,0.4613358974456787,4.151311946955355,0.6307338823976575,-1,0,0.0,0.11171325296163559,0.20757749742232667,-0.20757749742232667,0.20757749742232667,0.09090909090909091,0.20491803278688525,0.14525862068965517,0.2857142857142857
xjtu_sy,ctl_lifefrac,35Hz12kN_Bearing1_4,42,13,1830,Deg_oracle,1.0,0.0,0.950315,0.0,0.053191471844911575,0.06126340478658676,0.9663339517856057,0.06436168402433395,0.07412872463464737,0.7109263776976549,0.10132235884055739,97,24,0.0,0.10056453198194504,0.38600482561536775,-0.38600482561536775,0.38600482561536775,0.10743801652892562,0.04918032786885246,0.0234375,0.21428571428571427
xjtu_sy,ctl_nodeg,35Hz12kN_Bearing1_4,42,13,1830,VTOI_mono,1.0,0.0,0.950315,0.0,0.28187325596809387,0.3842376470565796,-0.32431023092539446,0.34106671810150146,0.4649275839328766,4.159991304608711,0.6341355663770046,-1,0,0.0,0.12930090725421906,0.28972828497483916,-0.28972828497483916,0.28972828497483916,0.008264462809917356,0.5983606557377049,0.18814432989690721,0.25
xjtu_sy,ctl_scalar,35Hz12kN_Bearing1_5,42,13,780,VTOI,1.0,0.0,0.968763,0.038461538461538464,0.15625157952308655,0.17254148423671722,0.737717692854134,0.07968831062316895,0.08799616992473602,0.34651384168695265,0.10165061901968259,39,12,0.0,0.1363285779953003,0.8354932666621999,-0.8354932666621999,0.8354932666621999,0.09803921568627451,0.07692307692307693,0.13368983957219252,0.275
xjtu_sy,ctl_EC,35Hz12kN_Bearing1_5,42,13,780,E_norm|C_norm,1.0,0.0,0.968763,0.038461538461538464,0.16616763174533844,0.18564754724502563,0.6963590644499091,0.08474551141262054,0.09468025714159012,0.35909362258564625,0.10025420806442316,39,12,0.0,0.1114213690161705,0.8238339885990421,-0.8238339885990421,0.8238339885990421,0.0196078431372549,0.5,0.2696551724137931,0.2774193548387097
xjtu_sy,ctl_hc10,35Hz12kN_Bearing1_5,42,13,780,hc_RMS_x|hc_RMS_y|hc_Kurt_x|hc_Kurt_y|hc_CF_x|hc_CF_y|hc_SE_x|hc_SE_y|hc_ESE_x|hc_ESE_y,1.0,0.0,0.968763,0.038461538461538464,0.16376186907291412,0.1908496916294098,0.6791036331434315,0.08351854234933853,0.09733334928750992,0.35467672656186267,0.09938547502343471,39,12,0.0,0.11238028109073639,0.9239094586411473,-0.9239094586411473,0.9239094586411473,0.09803921568627451,0.23076923076923078,0.2387755102040816,0.48125
xjtu_sy,ctl_random,35Hz12kN_Bearing1_5,42,13,780,VTOI_rand,1.0,0.0,0.968763,0.038461538461538464,0.16435709595680237,0.1858862042427063,0.6955779188534701,0.08382212370634079,0.09480196982622147,0.34965446843186077,0.09457026479335931,39,12,0.0,0.104520782828331,0.8103198253894727,-0.8103198253894727,0.8103198253894727,0.13725490196078433,0.6538461538461539,0.3102906520031422,0.5
xjtu_sy,ctl_shuffled,35Hz12kN_Bearing1_5,42,13,780,VTOI_shuf,1.0,0.0,0.968763,0.038461538461538464,0.16237351298332214,0.1803097277879715,0.7135688761150969,0.08281051367521286,0.09195797145366669,0.3495543011530935,0.09689453459129883,39,12,0.0,0.10019616037607193,0.8113970782455232,-0.8113970782455232,0.8113970782455232,0.09803921568627451,0.15384615384615385,0.17391304347826086,0.25
xjtu_sy,ctl_elapsed,35Hz12kN_Bearing1_5,42,13,780,elapsed_norm,1.0,0.0,0.968763,0.038461538461538464,0.13956791162490845,0.15587341785430908,0.7859447102985198,0.07117963582277298,0.07949544489383698,0.320104093052036,0.09960004372092393,39,12,0.0,0.0989215075969696,0.7912410067406689,-0.7912410067406689,0.7912410067406689,0.09803921568627451,0.15384615384615385,0.08888888888888889,0.2
xjtu_sy,ctl_lifefrac,35Hz12kN_Bearing1_5,42,13,780,Deg_oracle,1.0,0.0,0.968763,0.038461538461538464,0.051418546587228775,0.06947352737188339,0.9574773214002834,0.02622346021234989,0.035431504249572754,0.11118739995420857,0.03129530497468435,39,12,0.0,0.09571529179811478,0.8669379862870802,-0.8669379862870802,0.8669379862870802,0.17647058823529413,0.6923076923076923,0.38270308123249297,0.3875
xjtu_sy,ctl_nodeg,35Hz12kN_Bearing1_5,42,13,780,VTOI_mono,1.0,0.0,0.968763,0.038461538461538464,0.16342703998088837,0.18408237397670746,0.7014574305162276,0.08334780484437943,0.0938820168375969,0.3562514482116881,0.10114033068888463,39,12,0.0,0.10735166817903519,0.8083766123789463,-0.8083766123789463,0.8083766123789463,0.17647058823529413,0.25,0.24482401656314698,0.375
xjtu_sy,ctl_scalar,37.5Hz11kN_Bearing2_1,42,13,7365,VTOI,1.0,0.0,0.961961,0.012219959266802444,0.27336016297340393,0.35031217336654663,-0.11190818909656386,1.3394649028778076,1.7165299654006958,70.31702277346224,2.3947505328857366,-1,0,0.0,0.15965397655963898,0.027124917053250847,-0.027124917053250847,0.027124917053250847,0.0163265306122449,0.016293279022403257,0.008016032064128256,0.08
xjtu_sy,ctl_EC,37.5Hz11kN_Bearing2_1,42,13,7365,E_norm|C_norm,1.0,0.0,0.961961,0.012219959266802444,0.26782718300819397,0.29960209131240845,0.18670499240151128,1.312353491783142,1.468050479888916,62.38364813321488,2.0142122625530736,468,22,0.0,0.10609811544418335,0.27884258497514564,-0.27884258497514564,0.27884258497514564,0.0163265306122449,0.0,0.0,0.0
xjtu_sy,ctl_hc10,37.5Hz11kN_Bearing2_1,42,13,7365,hc_RMS_x|hc_RMS_y|hc_Kurt_x|hc_Kurt_y|hc_CF_x|hc_CF_y|hc_SE_x|hc_SE_y|hc_ESE_x|hc_ESE_y,1.0,0.0,0.961961,0.012219959266802444,0.2644376754760742,0.3151707351207733,0.09998396381735353,1.295744776725769,1.5443367958068848,64.52766510351667,2.14952152270194,482,8,0.0,0.13139592111110687,0.05355547923611076,-0.05355547923611076,0.05355547923611076,0.02040816326530612,0.5987780040733197,0.1875,0.25
xjtu_sy,ctl_random,37.5Hz11kN_Bearing2_1,42,13,7365,VTOI_rand,1.0,0.0,0.961961,0.012219959266802444,0.2628423273563385,0.3376820385456085,-0.03317624881112802,1.2879277467727661,1.6546422243118286,67.52011317049252,2.3169748768013143,-1,0,0.0,0.10187327116727829,0.09958890080984033,-0.09958890080984033,0.09958890080984033,0.004081632653061225,0.2505091649694501,0.32757322748425954,0.5
xjtu_sy,ctl_shuffled,37.5Hz11kN_Bearing2_1,42,13,7365,VTOI_shuf,1.0,0.0,0.961961,0.012219959266802444,0.2676740288734436,0.3016451895236969,0.17557470096694905,1.3116027116775513,1.4780617952346802,62.79620595888838,2.039175217064541,487,3,0.0,0.10373499244451523,0.11877350769592036,-0.11877350769592036,0.11877350769592036,0.044897959183673466,0.19959266802443992,0.0831918505942275,0.25
xjtu_sy,ctl_elapsed,37.5Hz11kN_Bearing2_1,42,13,7365,elapsed_norm,1.0,0.0,0.961961,0.012219959266802444,0.25376540422439575,0.36434873938560486,-0.2027988111908412,1.24345064163208,1.785309076309204,69.0779620199536,2.4299055106725445,474,16,0.0,0.08060160279273987,0.09486794862867684,0.09486794862867684,-0.09486794862867684,0.04081632653061224,0.0,0.0,0.0
xjtu_sy,ctl_lifefrac,37.5Hz11kN_Bearing2_1,42,13,7365,Deg_oracle,1.0,0.0,0.961961,0.012219959266802444,0.26433899998664856,0.3007446527481079,0.1804900253346603,1.2952615022659302,1.473649024963379,62.530672256207055,2.0478661501677724,-1,0,0.0,0.10337355732917786,0.2046174553041871,-0.2046174553041871,0.2046174553041871,0.024489795918367346,0.19959266802443992,0.0831918505942275,0.25
xjtu_sy,ctl_nodeg,37.5Hz11kN_Bearing2_1,42,13,7365,VTOI_mono,1.0,0.0,0.961961,0.012219959266802444,0.2543269395828247,0.29411736130714417,0.2162098630366983,1.2462021112442017,1.4411752223968506,60.46520422597153,1.9931560312369325,465,25,0.0,0.09401381760835648,0.3110240928772228,-0.3110240928772228,0.3110240928772228,0.0163265306122449,0.23217922606924643,0.2806367854254459,0.41000000000000003
xjtu_sy,ctl_scalar,37.5Hz11kN_Bearing2_2,42,13,2415,VTOI,1.0,0.0,0.936151,0.10559006211180125,0.19194252789020538,0.21372148394584656,0.5889677871402451,0.3071081042289734,0.34195443987846375,4.006148509728202,0.3453473367768785,85,75,0.11458333333333333,0.369951993227005,0.9245835680007515,-0.9245835680007515,0.9245835680007515,0.125,0.19875776397515527,0.14814814814814814,0.25
xjtu_sy,ctl_EC,37.5Hz11kN_Bearing2_2,42,13,2415,E_norm|C_norm,1.0,0.0,0.936151,0.10559006211180125,0.21252276003360748,0.25257188081741333,0.42595041663316835,0.34003642201423645,0.40411505103111267,4.423695353990109,0.3751159556996748,80,80,0.16666666666666666,0.3569618761539459,0.8492426334496567,-0.8492426334496567,0.8492426334496567,0.0375,0.06832298136645963,0.07292697407480704,0.2534722222222222
xjtu_sy,ctl_hc10,37.5Hz11kN_Bearing2_2,42,13,2415,hc_RMS_x|hc_RMS_y|hc_Kurt_x|hc_Kurt_y|hc_CF_x|hc_CF_y|hc_SE_x|hc_SE_y|hc_ESE_x|hc_ESE_y,1.0,0.0,0.936151,0.10559006211180125,0.23627258837223053,0.2658058702945709,0.36421750557652666,0.37803617119789124,0.42528942227363586,4.932103860773534,0.4208668854018176,84,76,0.125,0.28754013776779175,0.8284408717065966,-0.8284408717065966,0.8284408717065966,0.0875,0.19875776397515527,0.11678832116788321,0.25
xjtu_sy,ctl_random,37.5Hz11kN_Bearing2_2,42,13,2415,VTOI_rand,1.0,0.0,0.936151,0.10559006211180125,0.20828436315059662,0.23605813086032867,0.4985619475697901,0.33325502276420593,0.3776929974555969,4.297035163074336,0.35978861296584147,84,76,0.125,0.30132946372032166,0.8815103548262629,-0.8815103548262629,0.8815103548262629,0.0375,0.20496894409937888,0.1480117820324006,0.2526041666666667
xjtu_sy,ctl_shuffled,37.5Hz11kN_Bearing2_2,42,13,2415,VTOI_shuf,1.0,0.0,0.936151,0.10559006211180125,0.22115156054496765,0.25866395235061646,0.3979241759921036,0.35384249687194824,0.41386234760284424,4.567207796627885,0.3806755904177701,81,79,0.15625,0.2730468809604645,0.8791838419997364,-0.8791838419997364,0.8791838419997364,0.0375,0.14906832298136646,0.10526315789473684,0.25
xjtu_sy,ctl_elapsed,37.5Hz11kN_Bearing2_2,42,13,2415,elapsed_norm,1.0,0.0,0.936151,0.10559006211180125,0.2064843326807022,0.24845749139785767,0.44450054977931974,0.33037495613098145,0.39753204584121704,4.380278101534639,0.3855843738832089,80,80,0.15625,0.3200947344303131,0.8281671643152406,-0.8281671643152406,0.8281671643152406,0.025,0.5900621118012422,0.21581920903954802,0.2725694444444444
xjtu_sy,ctl_lifefrac,37.5Hz11kN_Bearing2_2,42,13,2415,Deg_oracle,1.0,0.0,0.936151,0.10559006211180125,0.055678967386484146,0.06440623849630356,0.9626719511726931,0.08908634632825851,0.10304999351501465,1.1336171338167715,0.0958209619481371,115,45,0.0,0.2727017402648926,0.8458106068210203,-0.8458106068210203,0.8458106068210203,0.0625,0.14906832298136646,0.06486486486486487,0.25
xjtu_sy,ctl_nodeg,37.5Hz11kN_Bearing2_2,42,13,2415,VTOI_mono,1.0,0.0,0.936151,0.10559006211180125,0.2560286819934845,0.3085528612136841,0.14328076212506968,0.4096459746360779,0.4936845898628235,5.323507885051997,0.44420534784194105,62,98,0.3541666666666667,0.3219697177410126,0.8374018136931666,-0.8374018136931666,0.8374018136931666,0.0125,0.09316770186335403,0.07742578644217989,0.19010416666666666
xjtu_sy,ctl_scalar,37.5Hz11kN_Bearing2_3,42,13,7995,VTOI,1.0,0.0,0.938293,0.005628517823639775,0.16750571131706238,0.18250025808811188,0.6981433382810305,0.8911304473876953,0.970901370048523,39.615433285474865,1.0063545337579376,325,207,0.0,0.170016810297966,0.8985261577354261,-0.8985261577354261,0.8985261577354261,0.015037593984962405,0.6885553470919324,0.40436387411655433,0.5256944444444445
xjtu_sy,ctl_EC,37.5Hz11kN_Bearing2_3,42,13,7995,E_norm|C_norm,1.0,0.0,0.938293,0.005628517823639775,0.1762886494398117,0.198421910405159,0.6431768334840015,0.9378557801246643,1.0556044578552246,40.634434739309285,0.9662439392540625,325,207,0.0,0.12989653646945953,0.9115381551028386,-0.9115381551028386,0.9115381551028386,0.0037593984962406013,0.7467166979362101,0.38285421109169326,0.4339622641509434
xjtu_sy,ctl_hc10,37.5Hz11kN_Bearing2_3,42,13,7995,hc_RMS_x|hc_RMS_y|hc_Kurt_x|hc_Kurt_y|hc_CF_x|hc_CF_y|hc_SE_x|hc_SE_y|hc_ESE_x|hc_ESE_y,1.0,0.0,0.938293,0.005628517823639775,0.1459994614124298,0.17232047021389008,0.7308789884966054,0.7767171263694763,0.9167449474334717,34.30746958039825,0.8620385927328138,357,175,0.0,0.20316341519355774,0.8821981540391662,-0.8821981540391662,0.8821981540391662,0.06766917293233082,0.11819887429643527,0.10513750954927426,0.33490566037735847
xjtu_sy,ctl_random,37.5Hz11kN_Bearing2_3,42,13,7995,VTOI_rand,1.0,0.0,0.938293,0.005628517823639775,0.14229772984981537,0.1605645716190338,0.7663459770953397,0.7570239901542664,0.8542035222053528,33.519051406935475,0.8573488005372306,326,206,0.0,0.1963707059621811,0.8906516972574945,-0.8906516972574945,0.8906516972574945,0.011278195488721804,0.07692307692307693,0.07587301587301587,0.2830188679245283
xjtu_sy,ctl_shuffled,37.5Hz11kN_Bearing2_3,42,13,7995,VTOI_shuf,1.0,0.0,0.938293,0.005628517823639775,0.18239179253578186,0.19781345129013062,0.6453618042439553,0.9703244566917419,1.0523676872253418,42.5526090753486,1.0440543637756,325,207,0.0,0.16936103999614716,0.9162040712823898,-0.9162040712823898,0.9162040712823898,0.011278195488721804,0.05628517823639775,0.06903048407902777,0.25707547169811323
xjtu_sy,ctl_elapsed,37.5Hz11kN_Bearing2_3,42,13,7995,elapsed_norm,1.0,0.0,0.938293,0.005628517823639775,0.13210076093673706,0.14734086394309998,0.8032475052933453,0.7027760744094849,0.7838534116744995,31.818014219297133,0.8551089572903698,326,206,0.0,0.13395589590072632,0.9094179914910758,-0.9094179914910758,0.9094179914910758,0.007518796992481203,0.18198874296435272,0.15645161290322582,0.22877358490566038
xjtu_sy,ctl_lifefrac,37.5Hz11kN_Bearing2_3,42,13,7995,Deg_oracle,1.0,0.0,0.938293,0.005628517823639775,0.03571978583931923,0.042637597769498825,0.9835237161369818,0.1900292932987213,0.22683203220367432,8.274987414972227,0.22192527881454796,387,145,0.0,0.175911083817482,0.9077214510664887,-0.9077214510664887,0.9077214510664887,0.015037593984962405,0.600375234521576,0.18757327080890973,0.25
xjtu_sy,ctl_nodeg,37.5Hz11kN_Bearing2_3,42,13,7995,VTOI_mono,1.0,0.0,0.938293,0.005628517823639775,0.12141575664281845,0.1358669400215149,0.8326978835201808,0.6459318399429321,0.7228121161460876,29.43034399331805,0.8055902214521651,354,178,0.0,0.19661574065685272,0.9125379123771357,-0.9125379123771357,0.9125379123771357,0.02631578947368421,0.0525328330206379,0.030837004405286344,0.0660377358490566
xjtu_sy,ctl_scalar,37.5Hz11kN_Bearing2_4,42,13,630,VTOI,1.0,0.0,0.922825,0.047619047619047616,0.16410711407661438,0.18241320550441742,0.7090209434091439,0.06728391349315643,0.07478941977024078,0.24172687935797832,0.0914823179621072,30,11,0.0,0.10747320204973221,0.9096913518120877,-0.9096913518120877,0.9096913518120877,0.21951219512195122,0.16666666666666666,0.13553113553113552,0.32291666666666663
xjtu_sy,ctl_EC,37.5Hz11kN_Bearing2_4,42,13,630,E_norm|C_norm,1.0,0.0,0.922825,0.047619047619047616,0.15516643226146698,0.17025943100452423,0.7465037408904813,0.0636182501912117,0.06980636715888977,0.22535916339406947,0.08329982159747965,30,11,0.0,0.06723742932081223,0.9112006562947698,-0.9112006562947698,0.9112006562947698,0.07317073170731707,0.0,0.0,0.0
xjtu_sy,ctl_hc10,37.5Hz11kN_Bearing2_4,42,13,630,hc_RMS_x|hc_RMS_y|hc_Kurt_x|hc_Kurt_y|hc_CF_x|hc_CF_y|hc_SE_x|hc_SE_y|hc_ESE_x|hc_ESE_y,1.0,0.0,0.922825,0.047619047619047616,0.11805769056081772,0.14453087747097015,0.8173286396289443,0.04840366169810295,0.059257667511701584,0.17841270593001468,0.07047084776595944,30,11,0.0,0.07555806636810303,0.8528408829643972,-0.8528408829643972,0.8528408829643972,0.12195121951219512,0.6666666666666666,0.30227272727272725,0.34375
xjtu_sy,ctl_random,37.5Hz11kN_Bearing2_4,42,13,630,VTOI_rand,1.0,0.0,0.922825,0.047619047619047616,0.1499466598033905,0.1652519702911377,0.7611955043656118,0.061478130519390106,0.06775330752134323,0.22163633791401316,0.08444938604675588,30,11,0.0,0.08496930450201035,0.9075112453371027,-0.9075112453371027,0.9075112453371027,0.07317073170731707,0.7619047619047619,0.5287433155080214,0.5833333333333334
xjtu_sy,ctl_shuffled,37.5Hz11kN_Bearing2_4,42,13,630,VTOI_shuf,1.0,0.0,0.922825,0.047619047619047616,0.1407296359539032,0.16051723062992096,0.7746837630403276,0.057699158787727356,0.06581206619739532,0.21141970417718592,0.08272717600422246,30,11,0.0,0.08141332864761353,0.8776605566796132,-0.8776605566796132,0.8776605566796132,0.07317073170731707,0.19047619047619047,0.16578947368421054,0.40625
xjtu_sy,ctl_elapsed,37.5Hz11kN_Bearing2_4,42,13,630,elapsed_norm,1.0,0.0,0.922825,0.047619047619047616,0.14707200229167938,0.16289038956165314,0.767972165664735,0.060299523174762726,0.0667850598692894,0.2181307031613322,0.08359864451700733,30,11,0.0,0.08095495402812958,0.931324716063864,-0.931324716063864,0.931324716063864,0.17073170731707318,0.6428571428571429,0.27990430622009566,0.3125
xjtu_sy,ctl_lifefrac,37.5Hz11kN_Bearing2_4,42,13,630,Deg_oracle,1.0,0.0,0.922825,0.047619047619047616,0.13255378603935242,0.1524258702993393,0.7968267299300794,0.054347049444913864,0.062494609504938126,0.20248095680230915,0.08136848049859206,30,11,0.0,0.07802561670541763,0.9128776612755277,-0.9128776612755277,0.9128776612755277,0.07317073170731707,0.0,0.0,0.0
xjtu_sy,ctl_nodeg,37.5Hz11kN_Bearing2_4,42,13,630,VTOI_mono,1.0,0.0,0.922825,0.047619047619047616,0.16019408404827118,0.17528533935546875,0.7313169256101517,0.06567957997322083,0.07186698913574219,0.2290609094822389,0.08230357324438435,30,11,0.0,0.06728293746709824,0.9083497478274816,-0.9083497478274816,0.9083497478274816,0.12195121951219512,0.07142857142857142,0.1,0.25
xjtu_sy,ctl_scalar,37.5Hz11kN_Bearing2_5,42,13,5085,VTOI,1.0,0.0,0.978252,0.0058997050147492625,0.22398295998573303,0.23959027230739594,0.4806633928794617,0.7570623159408569,0.8098151087760925,21.22857481777293,0.8550380433093657,185,153,0.08866995073891626,0.14015787839889526,0.9270872513915847,-0.9270872513915847,0.9270872513915847,0.07692307692307693,0.07079646017699115,0.03305785123966942,0.029556650246305417
xjtu_sy,ctl_EC,37.5Hz11kN_Bearing2_5,42,13,5085,E_norm|C_norm,1.0,0.0,0.978252,0.0058997050147492625,0.3891400396823883,0.4386400878429413,-0.7407132331197368,1.315293312072754,1.4826035499572754,37.75227920143926,1.4510665938455973,2,336,0.46798029556650245,0.2735947072505951,0.8202309466705503,-0.8202309466705503,0.8202309466705503,0.01775147928994083,0.061946902654867256,0.03755408761553627,0.16060562155896843
xjtu_sy,ctl_hc10,37.5Hz11kN_Bearing2_5,42,13,5085,hc_RMS_x|hc_RMS_y|hc_Kurt_x|hc_Kurt_y|hc_CF_x|hc_CF_y|hc_SE_x|hc_SE_y|hc_ESE_x|hc_ESE_y,1.0,0.0,0.978252,0.0058997050147492625,0.2244071364402771,0.2563602924346924,0.4054174500101,0.758496105670929,0.8664978742599487,20.671804077928545,0.7731379155278382,172,166,0.15270935960591134,0.11704045534133911,0.8783832393142067,-0.8783832393142067,0.8783832393142067,0.029585798816568046,0.05014749262536873,0.046703296703296704,0.25
xjtu_sy,ctl_random,37.5Hz11kN_Bearing2_5,42,13,5085,VTOI_rand,1.0,0.0,0.978252,0.0058997050147492625,0.21120117604732513,0.22583681344985962,0.5385761468910175,0.7138599753379822,0.7633284330368042,20.099025264337094,0.8198935115121986,185,153,0.08866995073891626,0.11743232607841492,0.8917144010839799,-0.8917144010839799,0.8917144010839799,0.05917159763313609,0.05604719764011799,0.02653631284916201,0.023399014778325122
xjtu_sy,ctl_shuffled,37.5Hz11kN_Bearing2_5,42,13,5085,VTOI_shuf,1.0,0.0,0.978252,0.0058997050147492625,0.19584135711193085,0.20880955457687378,0.6055324059750503,0.6619438529014587,0.7057763338088989,18.560130642846566,0.756877226276999,189,149,0.06896551724137931,0.13867680728435516,0.9372951736622128,-0.9372951736622128,0.9372951736622128,0.07100591715976332,0.1415929203539823,0.06201550387596899,0.059113300492610835
xjtu_sy,ctl_elapsed,37.5Hz11kN_Bearing2_5,42,13,5085,elapsed_norm,1.0,0.0,0.978252,0.0058997050147492625,0.10865980386734009,0.1432657390832901,0.8143071072572011,0.3672701418399811,0.4842382073402405,9.971592326231864,0.3864153145227285,193,145,0.04926108374384237,0.09207046777009964,0.9333007530549849,-0.9333007530549849,0.9333007530549849,0.011834319526627219,0.05014749262536873,0.03990610328638498,0.25
xjtu_sy,ctl_lifefrac,37.5Hz11kN_Bearing2_5,42,13,5085,Deg_oracle,1.0,0.0,0.978252,0.0058997050147492625,0.08188347518444061,0.10054491460323334,0.9085400682356379,0.27676618099212646,0.3398418426513672,7.497615851993158,0.2969696190219186,223,115,0.0,0.09995570778846741,0.9319284322621816,-0.9319284322621816,0.9319284322621816,0.03550295857988166,0.19174041297935104,0.16094293975334867,0.3014705882352941
xjtu_sy,ctl_nodeg,37.5Hz11kN_Bearing2_5,42,13,5085,VTOI_mono,1.0,0.0,0.978252,0.0058997050147492625,0.20217356085777283,0.21609219908714294,0.5775369160652981,0.6833466291427612,0.7303916811943054,19.148363441036377,0.7778298186583329,188,150,0.07389162561576355,0.1078326404094696,0.9364560717495076,-0.9364560717495076,0.9364560717495076,0.07100591715976332,0.1504424778761062,0.12028301886792453,0.25
xjtu_sy,ctl_scalar,40Hz10kN_Bearing3_1,42,13,38070,VTOI,1.0,0.0,0.998394,0.028368794326241134,0.2596980631351471,0.2966170907020569,0.20068193070889107,6.588540077209473,7.525176048278809,2398.1991411815684,9.964027107221355,2416,121,0.0,0.0810215026140213,0.2409268575595728,-0.2409268575595728,0.2409268575595728,0.0043358297201418995,0.15011820330969267,0.06803571428571428,0.25
xjtu_sy,ctl_EC,40Hz10kN_Bearing3_1,42,13,38070,E_norm|C_norm,1.0,0.0,0.998394,0.028368794326241134,0.2635963559150696,0.29921960830688477,0.18659393150863468,6.687439918518066,7.5912017822265625,2471.568116521734,10.323088729953712,2419,118,0.0,0.04626573622226715,0.16438567204877155,-0.16438567204877155,0.16438567204877155,0.023255813953488372,0.15130023640661938,0.08686054089279896,0.2585301837270341
xjtu_sy,ctl_hc10,40Hz10kN_Bearing3_1,42,13,38070,hc_RMS_x|hc_RMS_y|hc_Kurt_x|hc_Kurt_y|hc_CF_x|hc_CF_y|hc_SE_x|hc_SE_y|hc_ESE_x|hc_ESE_y,1.0,0.0,0.998394,0.028368794326241134,0.2750813961029053,0.3233928084373474,0.049859084546206134,6.97881555557251,8.204475402832031,2876.124436994943,11.351845721205605,2524,13,0.0,0.07518380135297775,0.10990459103278977,-0.10990459103278977,0.10990459103278977,0.0035474970437524636,0.004334121355397951,0.0021577089054531187,0.021653543307086614
xjtu_sy,ctl_random,40Hz10kN_Bearing3_1,42,13,38070,VTOI_rand,1.0,0.0,0.998394,0.028368794326241134,0.2662093937397003,0.30343911051750183,0.16349136658148467,6.753731727600098,7.698250770568848,2506.650744699877,10.326507741526662,2444,93,0.0,0.08151833713054657,0.1412235284146898,-0.1412235284146898,0.1412235284146898,0.022467481277098935,0.15011820330969267,0.06813304721030043,0.25
xjtu_sy,ctl_shuffled,40Hz10kN_Bearing3_1,42,13,38070,VTOI_shuf,1.0,0.0,0.998394,0.028368794326241134,0.25396114587783813,0.306648850440979,0.14570099857499907,6.442994117736816,7.779681205749512,2649.773922890422,10.57581818455036,2436,101,0.0,0.0704314187169075,0.13722416392549516,-0.13722416392549516,0.13722416392549516,0.01931415057154119,0.19976359338061467,0.08599050203527815,0.25
xjtu_sy,ctl_elapsed,40Hz10kN_Bearing3_1,42,13,38070,elapsed_norm,1.0,0.0,0.998394,0.028368794326241134,0.2529919445514679,0.291411429643631,0.22849192036407895,6.418405532836914,7.393108367919922,2374.4859689547893,9.957314600654305,2452,85,0.0,0.11603005230426788,0.1702328542751377,-0.1702328542751377,0.1702328542751377,0.012219156484036263,0.6020488573680063,0.19948415439816378,0.2532808398950131
xjtu_sy,ctl_lifefrac,40Hz10kN_Bearing3_1,42,13,38070,Deg_oracle,1.0,0.0,0.998394,0.028368794326241134,0.25331351161003113,0.2881406843662262,0.24571329256123176,6.4265642166137695,7.310129642486572,2296.077206885445,9.716987813654862,2420,117,0.0,0.06374304741621017,0.2057777536750629,-0.2057777536750629,0.2057777536750629,0.001970831690973591,0.022852639873916468,0.011235955056179775,0.1141732283464567
xjtu_sy,ctl_nodeg,40Hz10kN_Bearing3_1,42,13,38070,VTOI_mono,1.0,0.0,0.998394,0.028368794326241134,0.26640254259109497,0.304179847240448,0.15940231504187208,6.758632659912109,7.717042922973633,2536.8278829482924,10.454808875685007,2445,92,0.0,0.0660584345459938,0.28151928149518857,-0.28151928149518857,0.28151928149518857,0.011430823807646828,0.019700551615445233,0.009659969088098918,0.0984251968503937
xjtu_sy,ctl_scalar,40Hz10kN_Bearing3_2,42,13,37440,VTOI,1.0,0.0,0.952708,0.011217948717948718,0.2506980299949646,0.27992746233940125,0.28810891113162607,6.254916667938232,6.984190464019775,2072.1053577865837,9.193512053561744,2339,156,0.0,0.12837637960910797,0.5636268988321428,-0.5636268988321428,0.5636268988321428,0.006012024048096192,0.029246794871794872,0.014308114464915719,0.146
xjtu_sy,ctl_EC,40Hz10kN_Bearing3_2,42,13,37440,E_norm|C_norm,1.0,0.0,0.952708,0.011217948717948718,0.2503460645675659,0.28260475397109985,0.2744263862042813,6.246134281158447,7.050989151000977,2153.350329465028,9.501278851203656,2446,49,0.0,0.10672910511493683,0.5360780406185037,-0.5360780406185037,0.5360780406185037,0.008416833667334669,0.1999198717948718,0.08775940907492086,0.25
xjtu_sy,ctl_hc10,40Hz10kN_Bearing3_2,42,13,37440,hc_RMS_x|hc_RMS_y|hc_Kurt_x|hc_Kurt_y|hc_CF_x|hc_CF_y|hc_SE_x|hc_SE_y|hc_ESE_x|hc_ESE_y,1.0,0.0,0.952708,0.011217948717948718,0.23914429545402527,0.2688930630683899,0.34312653790243464,5.966650485992432,6.708881855010986,2005.12281632942,9.136431632442578,2478,17,0.0,0.15453359484672546,0.5490029932299995,-0.5490029932299995,0.5490029932299995,0.011623246492985972,0.20112179487179488,0.08785210168009494,0.252
xjtu_sy,ctl_random,40Hz10kN_Bearing3_2,42,13,37440,VTOI_rand,1.0,0.0,0.952708,0.011217948717948718,0.26696035265922546,0.2948856055736542,0.20999527553085695,6.660660743713379,7.357396125793457,2124.9628553705024,9.26642568153777,2113,382,0.0,0.19066643714904785,0.3527201436694104,-0.3527201436694104,0.3527201436694104,0.012424849699398798,0.042067307692307696,0.043243025217032396,0.08524916499665999
xjtu_sy,ctl_shuffled,40Hz10kN_Bearing3_2,42,13,37440,VTOI_shuf,1.0,0.0,0.952708,0.011217948717948718,0.25238868594169617,0.28568506240844727,0.2585230920815653,6.297097682952881,7.127842903137207,2188.8097826759727,9.601300727789445,2448,47,0.0,0.10141845047473907,0.5484454432890562,-0.5484454432890562,0.5484454432890562,0.0028056112224448897,0.6298076923076923,0.2689029036656774,0.300999331997328
xjtu_sy,ctl_elapsed,40Hz10kN_Bearing3_2,42,13,37440,elapsed_norm,1.0,0.0,0.952708,0.011217948717948718,0.24214217066764832,0.27313143014907837,0.32225566990487575,6.041447639465332,6.814629554748535,2033.9017005779654,9.107576565600585,2446,49,0.0,0.09467416256666183,0.4941425271004071,-0.4941425271004071,0.4941425271004071,0.01963927855711423,0.05008012820512821,0.02384586035864174,0.25
xjtu_sy,ctl_lifefrac,40Hz10kN_Bearing3_2,42,13,37440,Deg_oracle,1.0,0.0,0.952708,0.011217948717948718,0.09294302016496658,0.10641936957836151,0.8971121895358589,2.3189282417297363,2.655163288116455,574.1360445503926,3.236559265434969,2027,468,0.0,0.08168990164995193,0.6218501892461185,-0.6218501892461185,0.6218501892461185,0.008416833667334669,0.03926282051282051,0.018889745566692366,0.196
xjtu_sy,ctl_nodeg,40Hz10kN_Bearing3_2,42,13,37440,VTOI_mono,1.0,0.0,0.952708,0.011217948717948718,0.24659588932991028,0.2775661051273346,0.3000687809268543,6.1525678634643555,6.92527437210083,2063.743827479243,9.180854438898118,2272,223,0.0,0.11780615150928497,0.511772532746134,-0.511772532746134,0.511772532746134,0.0156312625250501,0.5997596153846154,0.1934108527131783,0.25
xjtu_sy,ctl_scalar,40Hz10kN_Bearing3_3,42,13,5565,VTOI,1.0,0.0,0.971995,0.005390835579514825,0.2401462346315384,0.2803551256656647,0.2886126513039623,0.8885411620140076,1.0373139381408691,31.609255284885144,1.3999370948142922,344,26,0.0,0.07817526906728745,0.33673632253493596,0.33673632253493596,-0.33673632253493596,0.04864864864864865,0.42318059299191374,0.24272602641111504,0.319779601029601
xjtu_sy,ctl_EC,40Hz10kN_Bearing3_3,42,13,5565,E_norm|C_norm,1.0,0.0,0.971995,0.005390835579514825,0.26744478940963745,0.2989540100097656,0.191094182276089,0.9895457029342651,1.1061298847198486,34.23920906236767,1.4621437814819684,344,26,0.0,0.08106323331594467,0.30871242472050947,0.30871242472050947,-0.30871242472050947,0.010810810810810811,0.16172506738544473,0.0924516129032258,0.20777027027027029
xjtu_sy,ctl_hc10,40Hz10kN_Bearing3_3,42,13,5565,hc_RMS_x|hc_RMS_y|hc_Kurt_x|hc_Kurt_y|hc_CF_x|hc_CF_y|hc_SE_x|hc_SE_y|hc_ESE_x|hc_ESE_y,1.0,0.0,0.971995,0.005390835579514825,0.2600235939025879,0.3075639009475708,0.14383025309978037,0.9620873928070068,1.137986421585083,35.289547904342555,1.6000640110647422,351,19,0.0,0.09663129597902298,0.4516504630295769,0.4516504630295769,-0.4516504630295769,0.010810810810810811,0.13746630727762804,0.06296296296296296,0.22767857142857142
xjtu_sy,ctl_random,40Hz10kN_Bearing3_3,42,13,5565,VTOI_rand,1.0,0.0,0.971995,0.005390835579514825,0.24241091310977936,0.2870642840862274,0.2541568642598496,0.8969203233718872,1.0621378421783447,32.39811959510455,1.4551060898103965,344,26,0.0,0.08440200984477997,0.37896887721478745,0.37896887721478745,-0.37896887721478745,0.03783783783783784,0.6495956873315364,0.40263481333538176,0.5
xjtu_sy,ctl_shuffled,40Hz10kN_Bearing3_3,42,13,5565,VTOI_shuf,1.0,0.0,0.971995,0.005390835579514825,0.2454594224691391,0.28591668605804443,0.2601082614944705,0.9081998467445374,1.0578917264938354,32.524021039917756,1.4495957146255636,345,25,0.0,0.08293643593788147,0.2080110720799157,0.2080110720799157,-0.2080110720799157,0.010810810810810811,0.03773584905660377,0.07497848537005164,0.055984555984555984
xjtu_sy,ctl_elapsed,40Hz10kN_Bearing3_3,42,13,5565,elapsed_norm,1.0,0.0,0.971995,0.005390835579514825,0.24749024212360382,0.35598811507225037,-0.14699147357854936,0.9157139658927917,1.3171560764312744,37.02149888705801,1.7817408014641136,349,21,0.0,0.09245532751083374,0.42764698914178984,0.42764698914178984,-0.42764698914178984,0.010810810810810811,0.0,0.0,0.0
xjtu_sy,ctl_lifefrac,40Hz10kN_Bearing3_3,42,13,5565,Deg_oracle,1.0,0.0,0.971995,0.005390835579514825,0.08502015471458435,0.10131378471851349,0.9070977462523304,0.31457456946372986,0.3748610019683838,11.058861453866683,0.5289824774785022,324,46,0.0,0.08268044143915176,0.27972697855445344,0.27972697855445344,-0.27972697855445344,0.016216216216216217,0.5983827493261455,0.18718381112984822,0.25
xjtu_sy,ctl_nodeg,40Hz10kN_Bearing3_3,42,13,5565,VTOI_mono,1.0,0.0,0.971995,0.005390835579514825,0.24740049242973328,0.28513675928115845,0.26413933836853676,0.9153818488121033,1.0550059080123901,32.64684137124873,1.4505966192769073,344,26,0.0,0.08884891122579575,0.021564975604086517,0.021564975604086517,-0.021564975604086517,0.010810810810810811,0.1293800539083558,0.06,0.21428571428571427
xjtu_sy,ctl_scalar,40Hz10kN_Bearing3_4,42,13,22725,VTOI,1.0,0.0,0.959018,0.038943894389438946,0.26492878794670105,0.3291075527667999,0.01641044623073462,4.011022090911865,4.982687950134277,813.8403910804647,6.98237329276629,-1,0,0.0,0.1451009213924408,0.017660022454766524,0.017660022454766524,-0.017660022454766524,0.010568031704095112,0.1504950495049505,0.07168592464399472,0.2532894736842105
xjtu_sy,ctl_EC,40Hz10kN_Bearing3_4,42,13,22725,E_norm|C_norm,1.0,0.0,0.959018,0.038943894389438946,0.27758824825286865,0.31402257084846497,0.1045115820530883,4.202686786651611,4.75430154800415,758.9187132389118,6.506734149052266,-1,0,0.0,0.12205006182193756,0.3432255015869967,-0.3432255015869967,0.3432255015869967,0.01453104359313078,0.022442244224422443,0.010974822466107165,0.1118421052631579
xjtu_sy,ctl_hc10,40Hz10kN_Bearing3_4,42,13,22725,hc_RMS_x|hc_RMS_y|hc_Kurt_x|hc_Kurt_y|hc_CF_x|hc_CF_y|hc_SE_x|hc_SE_y|hc_ESE_x|hc_ESE_y,1.0,0.0,0.959018,0.038943894389438946,0.2634465992450714,0.3168686032295227,0.08820602637042074,3.988581895828247,4.797390460968018,769.2175722872649,6.565881130873862,1465,49,0.0,0.1251639872789383,0.3507274950330465,-0.3507274950330465,0.3507274950330465,0.03038309114927345,0.6,0.1875,0.25
xjtu_sy,ctl_random,40Hz10kN_Bearing3_4,42,13,22725,VTOI_rand,1.0,0.0,0.959018,0.038943894389438946,0.2593616247177124,0.32622113823890686,0.033587779687736186,3.9267351627349854,4.938987731933594,801.6257923281684,6.882909004677935,1445,69,0.0,0.1380559653043747,0.04877649864330023,0.04877649864330023,-0.04877649864330023,0.04095112285336856,0.14983498349834984,0.06788277511961723,0.25
xjtu_sy,ctl_shuffled,40Hz10kN_Bearing3_4,42,13,22725,VTOI_shuf,1.0,0.0,0.959018,0.038943894389438946,0.26750320196151733,0.3353767693042755,-0.021419530459944713,4.0499982833862305,5.077603816986084,833.5976788278523,7.098669337043569,1461,53,0.0,0.1551608294248581,0.06548752233812509,-0.06548752233812509,0.06548752233812509,0.021136063408190225,0.14983498349834984,0.06735905044510386,0.25
xjtu_sy,ctl_elapsed,40Hz10kN_Bearing3_4,42,13,22725,elapsed_norm,1.0,0.0,0.959018,0.038943894389438946,0.2606736719608307,0.3359982967376709,-0.025208903298828522,3.946599006652832,5.0870137214660645,830.7513097324229,7.077694722053536,1504,10,0.0,0.14367449283599854,0.008696165879606662,-0.008696165879606662,0.008696165879606662,0.017173051519154558,0.14983498349834984,0.0673190984578885,0.25
xjtu_sy,ctl_lifefrac,40Hz10kN_Bearing3_4,42,13,22725,Deg_oracle,1.0,0.0,0.959018,0.038943894389438946,0.2552659809589386,0.3259120285511017,0.03541817887865062,3.864727020263672,4.9343085289001465,797.1975637174003,6.839540528540466,1445,69,0.0,0.11034951359033585,0.3234497123900991,-0.3234497123900991,0.3234497123900991,0.03038309114927345,0.04092409240924092,0.019657577679137603,0.20394736842105263
xjtu_sy,ctl_nodeg,40Hz10kN_Bearing3_4,42,13,22725,VTOI_mono,1.0,0.0,0.959018,0.038943894389438946,0.2602284848690033,0.3170687258243561,0.08705406981011965,3.939859628677368,4.80042028427124,774.4093519928376,6.688198993305857,1445,69,0.0,0.09617043286561966,0.350035681803769,-0.350035681803769,0.350035681803769,0.0066050198150594455,0.6,0.1885109912899212,0.25
xjtu_sy,ctl_scalar,40Hz10kN_Bearing3_5,42,13,1710,VTOI,1.0,0.0,0.920027,0.02631578947368421,0.43884068727493286,0.5116415619850159,-1.3458573407086276,0.49588996171951294,0.5781549215316772,4.5302101337743315,0.5208171938725731,7,106,0.8970588235294118,0.44162285327911377,0.2628930055095582,-0.2628930055095582,0.2628930055095582,0.02654867256637168,0.21929824561403508,0.129484425349087,0.22426470588235295
xjtu_sy,ctl_EC,40Hz10kN_Bearing3_5,42,13,1710,E_norm|C_norm,1.0,0.0,0.920027,0.02631578947368421,0.4042026102542877,0.47627097368240356,-1.0327230699641912,0.45674893260002136,0.5381861925125122,4.169292712265468,0.48084155489739616,10,103,0.8529411764705882,0.4718116521835327,0.5163290362106137,-0.5163290362106137,0.5163290362106137,0.02654867256637168,0.5,0.1935185185185185,0.24754901960784312
xjtu_sy,ctl_hc10,40Hz10kN_Bearing3_5,42,13,1710,hc_RMS_x|hc_RMS_y|hc_Kurt_x|hc_Kurt_y|hc_CF_x|hc_CF_y|hc_SE_x|hc_SE_y|hc_ESE_x|hc_ESE_y,1.0,0.0,0.920027,0.02631578947368421,0.5259705185890198,0.6057190299034119,-2.287853143968035,0.5943467020988464,0.6844624876976013,5.375881692465111,0.5952324853197002,10,103,0.8529411764705882,0.6119344234466553,0.24718445497474367,-0.24718445497474367,0.24718445497474367,0.008849557522123894,0.05263157894736842,0.02727272727272727,0.25
xjtu_sy,ctl_random,40Hz10kN_Bearing3_5,42,13,1710,VTOI_rand,1.0,0.0,0.920027,0.02631578947368421,0.5086621642112732,0.595879077911377,-2.181897841134835,0.5747882723808289,0.6733433604240417,5.2278318611786165,0.5864233243230143,10,103,0.8529411764705882,0.5361990928649902,0.1219141067914014,-0.1219141067914014,0.1219141067914014,0.07964601769911504,0.14912280701754385,0.07024793388429752,0.25
xjtu_sy,ctl_shuffled,40Hz10kN_Bearing3_5,42,13,1710,VTOI_shuf,1.0,0.0,0.920027,0.02631578947368421,0.4713813364505768,0.557433009147644,-1.784551853177439,0.5326608419418335,0.629899263381958,4.8341646497784065,0.5425918763013262,10,103,0.8529411764705882,0.4502559006214142,0.3415153694026657,-0.3415153694026657,0.3415153694026657,0.07964601769911504,0.5087719298245614,0.1686046511627907,0.21323529411764705
xjtu_sy,ctl_elapsed,40Hz10kN_Bearing3_5,42,13,1710,elapsed_norm,1.0,0.0,0.920027,0.02631578947368421,0.45967212319374084,0.5422216653823853,-1.634654632936694,0.5194295048713684,0.6127104759216309,4.732179067467576,0.5373434962279964,10,103,0.8235294117647058,0.514011561870575,0.12287782154813849,-0.12287782154813849,0.12287782154813849,0.04424778761061947,0.14912280701754385,0.07024793388429752,0.25
xjtu_sy,ctl_lifefrac,40Hz10kN_Bearing3_5,42,13,1710,Deg_oracle,1.0,0.0,0.920027,0.02631578947368421,0.1361256092786789,0.15899449586868286,0.7734655881931809,0.1538219451904297,0.1796637773513794,1.3657022769435487,0.15603583090399442,71,42,0.0,0.6431906819343567,0.35274474135073264,-0.35274474135073264,0.35274474135073264,0.04424778761061947,0.20175438596491227,0.08778625954198473,0.25
xjtu_sy,ctl_nodeg,40Hz10kN_Bearing3_5,42,13,1710,VTOI_mono,1.0,0.0,0.920027,0.02631578947368421,0.5219990611076355,0.608696460723877,-2.3202562249066085,0.589858889579773,0.6878270506858826,5.345428017294507,0.5934691887937094,10,103,0.8529411764705882,0.566240668296814,0.6276422806779072,-0.6276422806779072,0.6276422806779072,0.11504424778761062,0.2894736842105263,0.1546537452049263,0.2867647058823529
