dataset,config,holdout,seed,n_train_bearings,n_test_windows,hi_cols,vtoi_a,vtoi_b,vtoi_fitness,vtoi_sat_frac_test,rul_mae,rul_rmse,rul_r2,rul_mae_hours,rul_rmse_hours,rul_phm_score,rul_asym_score,first_warning,lead_time,false_alarm_rate,mtoi_rmse,mtoi_spearman,mtoi_spearman_signed,mtoi_spearman_vs_deg,mtoi_monotonicity,stage_acc,stage_macro_f1,stage_bal_acc
pronostia,vtoi_static,Full_Test_Set_Bearing1_3,44,15,2375,E_norm|C_norm|VTOI,0.86,0.14,0.691424,0.2164210526315789,0.1927945762872696,0.2152546495199203,0.579066778195739,0.7628239393234253,0.851690948009491,163.6772208205664,1.0785716527522002,1743,631,0.0,0.3158411681652069,0.8182077043493186,-0.8182077043493186,0.8182077043493186,0.0117944397641112,0.6665263157894736,0.3249936300136186,0.3609550561797753
pronostia,vtoi_traj,Full_Test_Set_Bearing1_3,44,15,2375,E_norm|C_norm|VTOI|VTOI_vel|VTOI_acc,0.86,0.14,0.691424,0.2164210526315789,0.1682109832763672,0.1893514841794967,0.67427916354145,0.6655547618865967,0.749200701713562,136.21584311351387,0.8460507332159108,1719,655,0.0,0.2770025432109833,0.8012326622549474,-0.8012326622549474,0.8012326622549474,0.0101095197978096,0.0816842105263157,0.1295335288961416,0.1042085675192608
pronostia,transformer_vib,Full_Test_Set_Bearing1_3,44,15,2375,,0.86,0.14,0.691424,0.2164210526315789,0.2083060443401336,0.2399668544530868,0.4768687593576657,0.8241976499557495,0.9494689106941224,176.39387380129497,1.133336328181193,1673,701,0.0,0.3387952744960785,0.8015228036928835,-0.8015228036928835,0.8015228036928835,0.02106149957877,0.1566315789473684,0.0901190127096735,0.1998073629215139
pronostia,tcn_vib,Full_Test_Set_Bearing1_3,44,15,2375,,0.86,0.14,0.691424,0.2164210526315789,0.2936370372772217,0.3372088074684143,-0.0330134384525895,1.1618237495422363,1.3342229127883911,234.47810934855164,1.312992767850907,1741,633,0.0,0.4764931201934814,0.3117643392018784,-0.3117643392018784,0.3117643392018784,0.0008424599831508,0.0741052631578947,0.0435944550889426,0.26
pronostia,tcn_transformer_vib,Full_Test_Set_Bearing1_3,44,15,2375,,0.86,0.14,0.691424,0.2164210526315789,0.2968055009841919,0.3310717344284057,0.0042453996087166,1.1743605136871338,1.3099405765533447,262.23422355692423,1.7206107374502249,-1,0,0.0,0.365411639213562,0.7807310327388944,-0.7807310327388944,0.7807310327388944,0.0130581297388374,0.0501052631578947,0.0238572574178027,0.25
pronostia,cnn_bilstm_attn_vib,Full_Test_Set_Bearing1_3,44,15,2375,,0.86,0.14,0.691424,0.2164210526315789,0.3878237903118133,0.449485033750534,-0.8354331464969011,1.534489393234253,1.7784624099731443,320.4770671366198,1.7961714811209393,426,1948,0.3291228070175439,0.35682013630867,0.5375703377420803,0.5375703377420803,-0.5375703377420803,0.0109519797809604,0.3574736842105263,0.173965844402277,0.1942105263157894
pronostia,abl_no_idxhead,Full_Test_Set_Bearing1_3,44,15,2375,,0.86,0.14,0.691424,0.2164210526315789,0.185152530670166,0.2115385681390762,0.5934750495301401,0.7325868606567383,0.8369876146316528,149.68328467353044,0.9123468279064094,1634,740,0.0,0.2941982746124267,0.8011994667330858,-0.8011994667330858,0.8011994667330858,0.0261162594776748,0.1254736842105263,0.1257947907348072,0.164231224127735
pronostia,abl_cond_noaux,Full_Test_Set_Bearing1_3,44,15,2375,E_norm|C_norm|VTOI,0.86,0.14,0.691424,0.2164210526315789,0.2293319553136825,0.2549032568931579,0.4097189293725981,0.9073901176452636,1.008567214012146,187.8136007653035,1.148228822232273,1710,664,0.0,0.350443035364151,0.4856350085400209,-0.4856350085400209,0.4856350085400209,0.0202190395956192,0.0909473684210526,0.0926939293081872,0.2956312459933707
pronostia,abl_E_only,Full_Test_Set_Bearing1_3,44,15,2375,E_norm,0.86,0.14,0.691424,0.2164210526315789,0.1949007660150528,0.2195504903793335,0.5620979698847062,0.7711573839187622,0.8686881065368652,164.4347376956962,1.0696208571174035,1825,549,0.0,0.3185087144374847,0.8281443904382755,-0.8281443904382755,0.8281443904382755,0.0244313395113732,0.0357894736842105,0.0335838635479322,0.0624803250691169
pronostia,abl_no_smooth,Full_Test_Set_Bearing1_3,44,15,2375,E_norm|C_norm|VTOI,0.86,0.14,0.691424,0.2164210526315789,0.1704496592283249,0.1953454166650772,0.6533313665891416,0.6744125485420227,0.7729167342185974,140.03218223252287,0.8826201906214027,1693,681,0.0,0.3046526908874511,0.7817047376242395,-0.7817047376242395,0.7817047376242395,0.0016849199663016,0.6989473684210527,0.3361822824602813,0.3750896905184309
pronostia,abl_no_mono,Full_Test_Set_Bearing1_3,44,15,2375,E_norm|C_norm|VTOI,0.86,0.14,0.691424,0.2164210526315789,0.2022923231124878,0.2316320687532425,0.5125775924576456,0.8004032969474792,0.916490912437439,165.6645383575779,1.0205181984409295,1690,684,0.0,0.3282738924026489,0.8272274278430138,-0.8272274278430138,0.8272274278430138,0.0303285593934288,0.0661052631578947,0.0996282610552204,0.1355591266666335
pronostia,vtoi_static,Full_Test_Set_Bearing1_4,44,15,1428,E_norm|C_norm|VTOI,0.87,0.13,0.700434,0.1953781512605042,0.1958398967981338,0.219979926943779,0.5605841095555215,0.4657725393772125,0.5231856107711792,55.67678128154505,0.5630082488464353,1090,337,0.0,0.1983800679445266,0.4127226545146828,-0.4127226545146828,0.4127226545146828,0.020322354590049,0.0455182072829131,0.0755675259715275,0.061091982292179
pronostia,vtoi_traj,Full_Test_Set_Bearing1_4,44,15,1428,E_norm|C_norm|VTOI|VTOI_vel|VTOI_acc,0.87,0.13,0.700434,0.1953781512605042,0.1988579183816909,0.2254759520292282,0.5383529083273133,0.4729503989219665,0.5362569689750671,55.96327596672478,0.5540186351345179,1092,335,0.0,0.1686169803142547,0.5222168636247401,-0.5222168636247401,0.5222168636247401,0.0175192711983181,0.0,0.0,0.0
pronostia,transformer_vib,Full_Test_Set_Bearing1_4,44,15,1428,,0.87,0.13,0.700434,0.1953781512605042,0.2008886039257049,0.2257556915283203,0.5372067184793137,0.4777800738811493,0.53692227602005,57.6881781983078,0.5932133914133226,1087,340,0.0,0.335031509399414,0.5020911221257734,-0.5020911221257734,0.5020911221257734,0.0035038542396636,0.1981792717086834,0.0847813061713601,0.2482456140350877
pronostia,tcn_vib,Full_Test_Set_Bearing1_4,44,15,1428,,0.87,0.13,0.700434,0.1953781512605042,0.2047661989927292,0.2351592034101486,0.4978499167413619,0.4870022535324096,0.5592869520187378,57.97247258789606,0.5777081174511659,1088,339,0.0,0.478451132774353,0.7387188979198221,0.7387188979198221,-0.7387188979198221,0.0056061667834618,0.3088235294117647,0.2786330615026724,0.4444389854449425
pronostia,tcn_transformer_vib,Full_Test_Set_Bearing1_4,44,15,1428,,0.87,0.13,0.700434,0.1953781512605042,0.2130441963672638,0.2398289293050766,0.4777087718661736,0.5066900849342346,0.5703931450843811,61.46650951649794,0.6349526445892658,1088,339,0.0,0.3469653129577636,0.6492897351356243,0.6492897351356243,-0.6492897351356243,0.0147161878065872,0.2128851540616246,0.1720162772660143,0.4535087719298245
pronostia,cnn_bilstm_attn_vib,Full_Test_Set_Bearing1_4,44,15,1428,,0.87,0.13,0.700434,0.1953781512605042,0.1870938837528228,0.2128939479589462,0.5884370390107969,0.4449716806411743,0.5063327550888062,51.61972487980263,0.4932709845912535,1088,339,0.0,0.4479197561740875,0.9039761196061564,-0.9039761196061564,0.9039761196061564,0.0028030833917309,0.1512605042016806,0.1178749287906352,0.2517543859649123
pronostia,abl_no_idxhead,Full_Test_Set_Bearing1_4,44,15,1428,,0.87,0.13,0.700434,0.1953781512605042,0.2009555846452713,0.2243948876857757,0.5427691436114427,0.4779393374919891,0.5336858630180359,56.55668833072099,0.5603005098484206,1089,338,0.0,0.2240121811628341,0.524563049665328,-0.524563049665328,0.524563049665328,0.0399439383321653,0.6316526610644257,0.310393224349663,0.4918705688277481
pronostia,abl_cond_noaux,Full_Test_Set_Bearing1_4,44,15,1428,E_norm|C_norm|VTOI,0.87,0.13,0.700434,0.1953781512605042,0.1984742283821106,0.2259716093540191,0.5363210543212183,0.4720378518104553,0.5374358296394348,55.99419149605577,0.5566803539049204,1088,339,0.0,0.4562632441520691,0.5476500909093739,-0.5476500909093739,0.5476500909093739,0.0161177295024527,0.165266106442577,0.0913609974930729,0.2078906378094769
pronostia,abl_E_only,Full_Test_Set_Bearing1_4,44,15,1428,E_norm,0.87,0.13,0.700434,0.1953781512605042,0.200784295797348,0.2266048491001129,0.5337187010550377,0.4775319993495941,0.5389418601989746,56.76581717753611,0.5668330723902404,1089,338,0.0,0.2298339158296585,0.5041043863597424,-0.5041043863597424,0.5041043863597424,0.0063069376313945,0.6498599439775911,0.3084239486090202,0.4939327485380117
pronostia,abl_no_smooth,Full_Test_Set_Bearing1_4,44,15,1428,E_norm|C_norm|VTOI,0.87,0.13,0.700434,0.1953781512605042,0.202570766210556,0.2275996655225753,0.5296156238198743,0.4817808270454407,0.5413078665733337,56.7491495104826,0.5567137483280434,1089,338,0.0,0.1915287524461746,0.557750043838926,-0.557750043838926,0.557750043838926,0.0105115627189908,0.1477591036414565,0.1944027107374612,0.2462042957861944
pronostia,abl_no_mono,Full_Test_Set_Bearing1_4,44,15,1428,E_norm|C_norm|VTOI,0.87,0.13,0.700434,0.1953781512605042,0.2006987184286117,0.2267333716154098,0.533189630653105,0.4773285090923309,0.5392475128173828,56.29274126622187,0.5535103691212249,1090,337,0.0,0.1575497686862945,0.5526508527671778,-0.5526508527671778,0.5526508527671778,0.0161177295024527,0.7408963585434174,0.4138539606922096,0.4918285712809817
pronostia,vtoi_static,Full_Test_Set_Bearing1_5,44,15,2463,E_norm|C_norm|VTOI,0.88,0.12,0.710895,0.0012180267965895,0.2883448600769043,0.3253814578056335,0.0381564872039508,1.1831752061843872,1.3351486921310425,278.3734555585681,1.7870983926281014,2449,13,0.0,0.0528027266263961,0.0309646042242798,0.0309646042242798,-0.0309646042242798,0.0121852152721364,0.6041412911084044,0.2261710868097539,0.2701612903225806
pronostia,vtoi_traj,Full_Test_Set_Bearing1_5,44,15,2463,E_norm|C_norm|VTOI|VTOI_vel|VTOI_acc,0.88,0.12,0.710895,0.0012180267965895,0.2897886037826538,0.3249508440494537,0.0407006846805956,1.1890993118286133,1.3333816528320312,277.7419032249341,1.7696275327566795,2443,19,0.0,0.0606223419308662,0.0422686003375339,0.0422686003375339,-0.0422686003375339,0.0105605199025182,0.0377588306942752,0.0183460838384198,0.185653018464359
pronostia,transformer_vib,Full_Test_Set_Bearing1_5,44,15,2463,,0.88,0.12,0.710895,0.0012180267965895,0.2354919016361236,0.2787337601184845,0.2941735764439341,0.966301679611206,1.143737554550171,224.44443324502024,1.4412485870103142,2443,19,0.0,0.6631495356559753,0.6343278766306283,0.6343278766306283,-0.6343278766306283,0.0,0.2878603329273244,0.1407780210896786,0.1671682978997497
pronostia,tcn_vib,Full_Test_Set_Bearing1_5,44,15,2463,,0.88,0.12,0.710895,0.0012180267965895,0.3016194999217987,0.3344510495662689,-0.0162108625874686,1.2376452684402466,1.3723640441894531,284.996703047774,1.7788867287678471,-1,0,0.0,0.4270328879356384,0.0168865188554125,0.0168865188554125,-0.0168865188554125,0.0064987814784727,0.050345107592367,0.0239659837649787,0.25
pronostia,tcn_transformer_vib,Full_Test_Set_Bearing1_5,44,15,2463,,0.88,0.12,0.710895,0.0012180267965895,0.289525955915451,0.3300508856773376,0.0103525097989629,1.188021540641785,1.3543087244033811,282.16331468298466,1.8243795307903312,-1,0,0.0,0.5504719018936157,0.0532537739338841,-0.0532537739338841,0.0532537739338841,0.0129975629569455,0.1997563946406821,0.0835881753312946,0.25
pronostia,cnn_bilstm_attn_vib,Full_Test_Set_Bearing1_5,44,15,2463,,0.88,0.12,0.710895,0.0012180267965895,0.2853569984436035,0.3192342817783355,0.074155878756309,1.170914888381958,1.3099247217178345,262.25797915610013,1.5826926381259905,-1,0,0.0,0.3507591485977173,0.5371227929658026,0.5371227929658026,-0.5371227929658026,0.0113728675873273,0.1587494924888347,0.1238248518197938,0.2449186991869918
pronostia,abl_no_idxhead,Full_Test_Set_Bearing1_5,44,15,2463,,0.88,0.12,0.710895,0.0012180267965895,0.2902237474918365,0.3267616927623749,0.0299792415415721,1.1908848285675049,1.340812087059021,279.8581126832029,1.7937520418455657,2448,14,0.0,0.0498392470180988,0.211397705124577,0.211397705124577,-0.211397705124577,0.0064987814784727,0.5866829070239545,0.193346147547595,0.2477901919826304
pronostia,abl_cond_noaux,Full_Test_Set_Bearing1_5,44,15,2463,E_norm|C_norm|VTOI,0.88,0.12,0.710895,0.0012180267965895,0.2223310768604278,0.2785126864910126,0.2952927275288501,0.912298619747162,1.142830491065979,219.20513106960095,1.4557042733983183,2443,19,0.0,0.3303792476654053,0.6068062305002527,0.6068062305002527,-0.6068062305002527,0.0178716490658001,0.1892001624035728,0.1580197335856089,0.2489825199170844
pronostia,abl_E_only,Full_Test_Set_Bearing1_5,44,15,2463,E_norm,0.88,0.12,0.710895,0.0012180267965895,0.2154473066329956,0.2637684047222137,0.367931262108248,0.884052038192749,1.0823297500610352,205.00131702953348,1.3179065110167572,2444,18,0.0,0.0533753894269466,0.0114530172288021,0.0114530172288021,-0.0114530172288021,0.0097481722177091,0.1193666260657734,0.0893788241553604,0.2406842818428184
pronostia,abl_no_smooth,Full_Test_Set_Bearing1_5,44,15,2463,E_norm|C_norm|VTOI,0.88,0.12,0.710895,0.0012180267965895,0.2893978357315063,0.3257421851158142,0.0360227299541068,1.1874958276748655,1.336628794670105,278.90268986903163,1.787360853828464,2448,14,0.0,0.0501710064709186,0.1635910644330398,0.1635910644330398,-0.1635910644330398,0.0016246953696181,0.511165245635404,0.2934040889035257,0.2981015466992593
pronostia,abl_no_mono,Full_Test_Set_Bearing1_5,44,15,2463,E_norm|C_norm|VTOI,0.88,0.12,0.710895,0.0012180267965895,0.2885797321796417,0.3255246579647064,0.0373098454069397,1.1841390132904053,1.3357361555099487,278.6197593954929,1.7888966329137512,2448,14,0.0,0.0507527738809585,0.1354570965523802,0.1354570965523802,-0.1354570965523802,0.0056864337936636,0.6037352821762079,0.2222588597960991,0.2681451612903225
pronostia,vtoi_static,Full_Test_Set_Bearing1_6,44,15,2448,E_norm|C_norm|VTOI,0.88,0.12,0.707944,0.0,0.2838511765003204,0.3237302601337433,0.0478977024464527,1.1576396226882937,1.3202799558639526,271.84274262078486,1.764113978555257,1646,801,0.0,0.1180754378437995,0.1083816764454655,0.1083816764454655,-0.1083816764454655,0.0143032284429914,0.0461601307189542,0.0220703125,0.2296747967479674
pronostia,vtoi_traj,Full_Test_Set_Bearing1_6,44,15,2448,E_norm|C_norm|VTOI|VTOI_vel|VTOI_acc,0.88,0.12,0.707944,0.0,0.2794798910617828,0.3240764141082763,0.0458606012544152,1.1398122310638428,1.321691632270813,270.47720676949825,1.7721629580842355,1639,808,0.0,0.1254963129758834,0.1218137159823836,0.1218137159823836,-0.1218137159823836,0.0004086636697997,0.5972222222222222,0.1936176805324657,0.2505140316367853
pronostia,transformer_vib,Full_Test_Set_Bearing1_6,44,15,2448,,0.88,0.12,0.707944,0.0,0.2902453243732452,0.3290517330169678,0.0163393303307021,1.1837172508239746,1.34198260307312,274.88116953014656,1.7575082795664416,1650,797,0.0,0.4148565828800201,0.1021798565800799,0.1021798565800799,-0.1021798565800799,0.0183898651409889,0.4530228758169934,0.1781023058975628,0.220393553493057
pronostia,tcn_vib,Full_Test_Set_Bearing1_6,44,15,2448,,0.88,0.12,0.707944,0.0,0.2945110201835632,0.3314068019390106,0.0022083940207726,1.2011141777038574,1.351587414741516,279.62664063733706,1.793092929915825,-1,0,0.0,0.2153901755809784,0.4061461175394762,0.4061461175394762,-0.4061461175394762,0.0159378831221904,0.1997549019607843,0.0832482124616956,0.25
pronostia,tcn_transformer_vib,Full_Test_Set_Bearing1_6,44,15,2448,,0.88,0.12,0.707944,0.0,0.2882318794727325,0.3257277309894562,0.0361123000296504,1.175505757331848,1.3284262418746948,274.4786794488837,1.7705842934092704,2427,20,0.0,0.4774147272109985,0.0376009957641207,0.0376009957641207,-0.0376009957641207,0.0122599100939926,0.6008986928104575,0.1951390679155567,0.2528954431549016
pronostia,cnn_bilstm_attn_vib,Full_Test_Set_Bearing1_6,44,15,2448,,0.88,0.12,0.707944,0.0,0.2972869575023651,0.3322718739509582,-0.0030074718157668,1.212435245513916,1.355115532875061,280.0872506309299,1.7803715356114682,-1,0,0.0,0.3976069092750549,0.2473392087458339,-0.2473392087458339,0.2473392087458339,0.0020433183489987,0.1997549019607843,0.0832482124616956,0.25
pronostia,abl_no_idxhead,Full_Test_Set_Bearing1_6,44,15,2448,,0.88,0.12,0.707944,0.0,0.2847884893417358,0.3253761827945709,0.0381915866692746,1.1614623069763184,1.3269926309585571,273.4338144276616,1.7779870818673824,2431,16,0.0,0.1249577179551124,0.0777539948420418,0.0777539948420418,-0.0777539948420418,0.0069472823865958,0.1948529411764706,0.0822981366459627,0.2438650306748466
pronostia,abl_cond_noaux,Full_Test_Set_Bearing1_6,44,15,2448,E_norm|C_norm|VTOI,0.88,0.12,0.707944,0.0,0.2751974165439605,0.3210232555866241,0.0637540476757834,1.1223468780517578,1.3092398643493652,267.6620911232545,1.7653243102042349,1641,806,0.0,0.2301426827907562,0.1441420654674987,0.1441420654674987,-0.1441420654674987,0.0012259910093992,0.1638071895424836,0.0790055390351261,0.2511871131448667
pronostia,abl_E_only,Full_Test_Set_Bearing1_6,44,15,2448,E_norm,0.88,0.12,0.707944,0.0,0.282099187374115,0.3262189626693725,0.0332026803404066,1.1504944562911987,1.3304296731948853,271.1729346131813,1.7614642544004693,1631,816,0.0,0.1171546205878257,0.1192769331804666,0.1192769331804666,-0.1192769331804666,0.0102165917449938,0.1544117647058823,0.0871285791708606,0.2576465588463578
pronostia,abl_no_smooth,Full_Test_Set_Bearing1_6,44,15,2448,E_norm|C_norm|VTOI,0.88,0.12,0.707944,0.0,0.2797252535820007,0.3232221901416778,0.0508839890987876,1.1408129930496216,1.3182077407836914,270.3291277638133,1.7701811880001486,2420,27,0.0,0.1334048211574554,0.1279629011974786,0.1279629011974786,-0.1279629011974786,0.0077646097261953,0.6078431372549019,0.2540803305155845,0.2886178861788618
pronostia,abl_no_mono,Full_Test_Set_Bearing1_6,44,15,2448,E_norm|C_norm|VTOI,0.88,0.12,0.707944,0.0,0.2748055458068847,0.3293371498584747,0.0146318888948125,1.1207486391067505,1.343146800994873,272.68717274572015,1.8254182218245665,2420,27,0.0,0.1207511499524116,0.0091128419584469,0.0091128419584469,-0.0091128419584469,0.0028606456885982,0.1952614379084967,0.0825561312607944,0.2443762781186094
pronostia,vtoi_static,Full_Test_Set_Bearing1_7,44,15,2259,E_norm|C_norm|VTOI,0.88,0.12,0.721486,0.0004426737494466,0.2813732028007507,0.3303403556346893,0.0086752218714815,1.058901071548462,1.2431808710098269,234.1263114613425,1.696918545897074,2256,2,0.0,0.1050944924354553,0.4527769098242373,-0.4527769098242373,0.4527769098242373,0.0252435783879539,0.2031872509960159,0.1130879440524817,0.2654867256637168
pronostia,vtoi_traj,Full_Test_Set_Bearing1_7,44,15,2259,E_norm|C_norm|VTOI|VTOI_vel|VTOI_acc,0.88,0.12,0.721486,0.0004426737494466,0.2812203466892242,0.329476922750473,0.013850564538263,1.0583258867263794,1.2399314641952517,233.645459200253,1.6916455380676705,-1,0,0.0,0.0977923050522804,0.4941888157634895,-0.4941888157634895,0.4941888157634895,0.0106288751107174,0.2000885347498893,0.0836727138097001,0.25
pronostia,transformer_vib,Full_Test_Set_Bearing1_7,44,15,2259,,0.88,0.12,0.721486,0.0004426737494466,0.2845607995986938,0.3321641683578491,-0.0023013282486532,1.070897102355957,1.2500444650650024,236.01871438744612,1.7040201150189678,2256,2,0.0,0.2878269255161285,0.1603189547188734,-0.1603189547188734,0.1603189547188734,0.0088573959255978,0.1239486498450642,0.0874070529831502,0.2625368731563421
pronostia,tcn_vib,Full_Test_Set_Bearing1_7,44,15,2259,,0.88,0.12,0.721486,0.0004426737494466,0.3052882850170135,0.3375300467014313,-0.0349458886013205,1.1489015817642212,1.270238161087036,239.33004145437937,1.6203780060635251,-1,0,0.0,0.8095929622650146,0.1524826271239998,0.1524826271239998,-0.1524826271239998,0.0004428697962798,0.5418326693227091,0.1829348401172295,0.2319139209091206
pronostia,tcn_transformer_vib,Full_Test_Set_Bearing1_7,44,15,2259,,0.88,0.12,0.721486,0.0004426737494466,0.2949995696544647,0.3319091796875,-0.0007630085806007,1.11018168926239,1.2490849494934082,237.046885561562,1.6559609715994192,-1,0,0.0,0.2321967482566833,0.0409675294947869,0.0409675294947869,-0.0409675294947869,0.0066430469441984,0.0500221336874723,0.0238195615514333,0.25
pronostia,cnn_bilstm_attn_vib,Full_Test_Set_Bearing1_7,44,15,2259,,0.88,0.12,0.721486,0.0004426737494466,0.3482830226421356,0.3856075406074524,-0.3507773284003048,1.3107049465179443,1.451169729232788,260.8094061113011,1.6207843075230992,-1,0,0.0,0.3093840479850769,0.2377847674623857,0.2377847674623857,-0.2377847674623857,0.0026572187776793,0.029659141212926,0.0148968562076577,0.1421464258890376
pronostia,abl_no_idxhead,Full_Test_Set_Bearing1_7,44,15,2259,,0.88,0.12,0.721486,0.0004426737494466,0.2806445062160492,0.3329800069332123,-0.0072309759554529,1.0561587810516355,1.2531148195266724,235.4691746643415,1.718878398177549,2256,2,0.0,0.1210496872663497,0.6137929239297681,-0.6137929239297681,0.6137929239297681,0.0070859167404783,0.0447100486941124,0.0213983050847457,0.2234513274336283
pronostia,abl_cond_noaux,Full_Test_Set_Bearing1_7,44,15,2259,E_norm|C_norm|VTOI,0.88,0.12,0.721486,0.0004426737494466,0.2976327538490295,0.3259214460849762,0.03501924370146,1.120091199874878,1.2265510559082031,230.62553145075577,1.548600163470934,2232,26,0.0,0.2854851484298706,0.5176550448986513,0.5176550448986513,-0.5176550448986513,0.0088573959255978,0.6117751217352811,0.2785120139158864,0.3021752440975737
pronostia,abl_E_only,Full_Test_Set_Bearing1_7,44,15,2259,E_norm,0.88,0.12,0.721486,0.0004426737494466,0.2804772555828094,0.3318686187267303,-0.0005185089144057,1.0555293560028076,1.2489322423934937,234.72475754235984,1.709752949041485,2256,2,0.0,0.1094402000308036,0.5605950735913925,-0.5605950735913925,0.5605950735913925,0.0106288751107174,0.601593625498008,0.2058652625662934,0.2588495575221239
pronostia,abl_no_smooth,Full_Test_Set_Bearing1_7,44,15,2259,E_norm|C_norm|VTOI,0.88,0.12,0.721486,0.0004426737494466,0.2787582874298095,0.330813854932785,0.0058312558851532,1.049060344696045,1.2449628114700315,233.67593078566117,1.705678869274846,2256,2,0.0,0.1324294656515121,0.6317491023840143,-0.6317491023840143,0.6317491023840143,0.0070859167404783,0.5998229305002213,0.1879334257975034,0.25
pronostia,abl_no_mono,Full_Test_Set_Bearing1_7,44,15,2259,E_norm|C_norm|VTOI,0.88,0.12,0.721486,0.0004426737494466,0.2968909442424774,0.325324684381485,0.0385498547379787,1.1172996759414673,1.224305272102356,230.57083282240905,1.5537448891231582,2232,26,0.0,0.090470366179943,0.5869048827115093,-0.5869048827115093,0.5869048827115093,0.0008857395925597,0.030987162461266,0.015040825096691,0.1548672566371681
pronostia,vtoi_static,Full_Test_Set_Bearing2_3,44,15,1955,E_norm|C_norm|VTOI,0.87,0.13,0.740734,0.0,0.2949254214763641,0.345846027135849,-0.0864491936173048,0.9604738354682922,1.126305341720581,179.94690730507148,1.495015246786244,266,1688,0.0059676044330775,0.0768373534083366,0.1182930156230923,0.1182930156230923,-0.1182930156230923,0.0163766632548618,0.1554987212276214,0.0715357268802241,0.2517043024362141
pronostia,vtoi_traj,Full_Test_Set_Bearing2_3,44,15,1955,E_norm|C_norm|VTOI|VTOI_vel|VTOI_acc,0.87,0.13,0.740734,0.0,0.2954559028148651,0.3334060907363891,-0.0096966482312923,0.9622014164924622,1.0857925415039062,175.82817192350836,1.4286037151744622,270,1684,0.0025575447570332,0.088420569896698,0.0140216612757123,-0.0140216612757123,0.0140216612757123,0.007164790174002,0.159079283887468,0.0734612787032868,0.2538363171355499
pronostia,transformer_vib,Full_Test_Set_Bearing2_3,44,15,1955,,0.87,0.13,0.740734,0.0,0.2985551357269287,0.3432773649692535,-0.0703706027666242,0.9722945690155028,1.117940068244934,179.8046425917141,1.4750205695450478,265,1689,0.0136402387041773,0.3447653949260711,0.2143511597236531,-0.2143511597236531,0.2143511597236531,0.0122824974411463,0.220460358056266,0.1026643249157912,0.2568201193520886
pronostia,tcn_vib,Full_Test_Set_Bearing2_3,44,15,1955,,0.87,0.13,0.740734,0.0,0.2946567237377167,0.3249537944793701,0.0408488971685566,0.9595987796783448,1.058266282081604,169.8233339140719,1.3300999947688597,1946,8,0.0,0.3763756453990936,0.5522949303910024,0.5522949303910024,-0.5522949303910024,0.0102354145342886,0.2112531969309463,0.0933272240186088,0.2546888320545609
pronostia,tcn_transformer_vib,Full_Test_Set_Bearing2_3,44,15,1955,,0.87,0.13,0.740734,0.0,0.2892216145992279,0.3289892971515655,0.0168780581289206,0.9418984651565552,1.07140851020813,174.15019537649638,1.4368325575512102,1946,8,0.0,0.1439952105283737,0.1036258071934565,0.1036258071934565,-0.1036258071934565,0.0056294779938587,0.2,0.0836542575952075,0.25
pronostia,cnn_bilstm_attn_vib,Full_Test_Set_Bearing2_3,44,15,1955,,0.87,0.13,0.740734,0.0,0.3054772913455963,0.3366577923297882,-0.029487746894089,0.9948377013206482,1.0963822603225708,177.1517054146558,1.3933835746660883,-1,0,0.0,0.3921572864055633,0.4578363881020524,0.4578363881020524,-0.4578363881020524,0.0097236438075742,0.0501278772378516,0.0238675109595713,0.25
pronostia,abl_no_idxhead,Full_Test_Set_Bearing2_3,44,15,1955,,0.87,0.13,0.740734,0.0,0.2973652780056,0.3420063257217407,-0.0624588734807385,0.9684195518493652,1.1138007640838623,179.40469491962466,1.475500474497914,265,1689,0.0059676044330775,0.0675884485244751,0.1856892112267931,0.1856892112267931,-0.1856892112267931,0.0317297850562947,0.107928388746803,0.0700524809102359,0.2507046296779581
pronostia,abl_cond_noaux,Full_Test_Set_Bearing2_3,44,15,1955,E_norm|C_norm|VTOI,0.87,0.13,0.740734,0.0,0.3037899136543274,0.3404463529586792,-0.0527886196852849,0.9893426895141602,1.108720302581787,178.52597155175062,1.4249156840138442,265,1689,0.0025575447570332,0.4095708131790161,0.1808366934825851,-0.1808366934825851,0.1808366934825851,0.0235414534288638,0.2020460358056266,0.0908573469873779,0.2480825688340331
pronostia,abl_E_only,Full_Test_Set_Bearing2_3,44,15,1955,E_norm,0.87,0.13,0.740734,0.0,0.3031814992427826,0.3432441353797912,-0.0701633491477935,0.9873612523078918,1.117831826210022,179.85752929819628,1.4505210215147213,267,1687,0.0153452685421994,0.0861376821994781,0.1226363653708472,-0.1226363653708472,0.1226363653708472,0.0,0.1667519181585677,0.0818452825079478,0.257459505541347
pronostia,abl_no_smooth,Full_Test_Set_Bearing2_3,44,15,1955,E_norm|C_norm|VTOI,0.87,0.13,0.740734,0.0,0.2986822724342346,0.3375322818756103,-0.0348429196977464,0.9727086424827576,1.099230170249939,177.42121908409052,1.4360401936630478,265,1689,0.0051150895140664,0.0887492001056671,0.0519994726730001,0.0519994726730001,-0.0519994726730001,0.0040941658137154,0.0460358056265984,0.0232498684111587,0.2276802025157889
pronostia,abl_no_mono,Full_Test_Set_Bearing2_3,44,15,1955,E_norm|C_norm|VTOI,0.87,0.13,0.740734,0.0,0.2975464463233948,0.3394845724105835,-0.0468486805973358,0.9690096974372864,1.10558819770813,177.98808258764385,1.451039416220306,265,1689,0.0059676044330775,0.0775704160332679,0.1754764930495441,0.1754764930495441,-0.1754764930495441,0.014329580348004,0.1994884910485933,0.083262169086251,0.2493606138107416
pronostia,vtoi_static,Full_Test_Set_Bearing2_4,44,15,751,E_norm|C_norm|VTOI,0.88,0.12,0.752921,0.0,0.2881368398666382,0.3254507780075073,0.0392044668249745,0.3601711094379425,0.4068134427070617,24.581904819813232,0.5466906099813369,743,7,0.0,0.0908706858754158,0.0865919564797637,0.0865919564797637,-0.0865919564797637,0.0053333333333333,0.199733688415446,0.083986562150056,0.25
pronostia,vtoi_traj,Full_Test_Set_Bearing2_4,44,15,751,E_norm|C_norm|VTOI|VTOI_vel|VTOI_acc,0.88,0.12,0.752921,0.0,0.2871289551258087,0.3252560496330261,0.0403537378332486,0.3589111864566803,0.4065700769424438,24.541972473851185,0.547202140534949,743,7,0.0,0.0974171981215477,0.0562996315255402,-0.0562996315255402,0.0562996315255402,0.0293333333333333,0.199733688415446,0.083986562150056,0.25
pronostia,transformer_vib,Full_Test_Set_Bearing2_4,44,15,751,,0.88,0.12,0.752921,0.0,0.2898833155632019,0.3267158269882202,0.0317205494236882,0.3623541295528412,0.4083947539329529,24.651177439936763,0.5456552939686661,-1,0,0.0,0.2923430800437927,0.1065682385471056,0.1065682385471056,-0.1065682385471056,0.0133333333333333,0.1504660452729693,0.0656213704994192,0.25
pronostia,tcn_vib,Full_Test_Set_Bearing2_4,44,15,751,,0.88,0.12,0.752921,0.0,0.2903191745281219,0.356719046831131,-0.1542848315437754,0.3628989458084106,0.4458988010883331,26.080422780717555,0.6162558078980408,-1,0,0.0,0.14027801156044,0.5753473549745897,0.5753473549745897,-0.5753473549745897,0.0053333333333333,0.2822902796271638,0.1518350098755224,0.2777777777777778
pronostia,tcn_transformer_vib,Full_Test_Set_Bearing2_4,44,15,751,,0.88,0.12,0.752921,0.0,0.3028429746627807,0.3351279199123382,-0.01878279558905,0.3785536885261535,0.4189099073410034,25.189744275143045,0.5393919891643074,-1,0,0.0,0.230094239115715,0.1036135580581454,0.1036135580581454,-0.1036135580581454,0.0013333333333333,0.0505992010652463,0.0240811153358681,0.25
pronostia,cnn_bilstm_attn_vib,Full_Test_Set_Bearing2_4,44,15,751,,0.88,0.12,0.752921,0.0,0.3599741458892822,0.4014679491519928,-0.4620496200472033,0.449967622756958,0.5018349289894104,28.22139091732108,0.5418169522309519,-1,0,0.0,0.3572367131710052,0.302073440237328,0.302073440237328,-0.302073440237328,0.0266666666666666,0.199733688415446,0.0840807174887892,0.25
pronostia,abl_no_idxhead,Full_Test_Set_Bearing2_4,44,15,751,,0.88,0.12,0.752921,0.0,0.2879704535007477,0.3262291550636291,0.0346030923321586,0.3599630296230316,0.4077864289283752,24.59487334273496,0.5477061169339807,746,4,0.0,0.1020382121205329,0.0387003665722733,0.0387003665722733,-0.0387003665722733,0.008,0.1611185086551265,0.1529611946363266,0.3026315789473684
pronostia,abl_cond_noaux,Full_Test_Set_Bearing2_4,44,15,751,E_norm|C_norm|VTOI,0.88,0.12,0.752921,0.0,0.2874844372272491,0.3252999782562256,0.0400947578891373,0.3593555390834808,0.4066249430179596,24.541536432066444,0.5462419370892452,743,7,0.0,0.3210687339305877,0.0046338783969496,-0.0046338783969496,0.0046338783969496,0.0186666666666666,0.1504660452729693,0.0660046728971962,0.25
pronostia,abl_E_only,Full_Test_Set_Bearing2_4,44,15,751,E_norm,0.88,0.12,0.752921,0.0,0.284869521856308,0.3266040682792663,0.0323828341407763,0.3560869097709656,0.4082551002502441,24.55222632296682,0.5534460156537175,743,7,0.0,0.0991634801030159,0.0602878206622918,-0.0602878206622918,0.0602878206622918,0.0026666666666666,0.2103861517976032,0.1709430838891864,0.3026315789473684
pronostia,abl_no_smooth,Full_Test_Set_Bearing2_4,44,15,751,E_norm|C_norm|VTOI,0.88,0.12,0.752921,0.0,0.2859636545181274,0.3245766758918762,0.0443585211714446,0.3574545383453369,0.4057208299636841,24.43251713564296,0.5444318858959951,743,7,0.0,0.1079076901078224,0.0431819968728811,0.0431819968728811,-0.0431819968728811,0.016,0.1504660452729693,0.0660046728971962,0.25
pronostia,abl_no_mono,Full_Test_Set_Bearing2_4,44,15,751,E_norm|C_norm|VTOI,0.88,0.12,0.752921,0.0,0.2880015969276428,0.325288712978363,0.0401609713897108,0.3600020110607147,0.4066108763217926,24.57946276302402,0.5469365395393505,743,7,0.0,0.102884329855442,0.0299366425367155,0.0299366425367155,-0.0299366425367155,0.0293333333333333,0.2063914780292942,0.141844892026578,0.2828947368421052
pronostia,vtoi_static,Full_Test_Set_Bearing2_5,44,15,2311,E_norm|C_norm|VTOI,0.86,0.14,0.738253,0.0,0.3010526895523071,0.343436598777771,-0.0715018030832952,1.1590529680252075,1.3222310543060305,256.0200938220488,1.7553357613560705,115,2195,0.0021645021645021,0.0852717459201812,0.2923623996087666,0.2923623996087666,-0.2923623996087666,0.0112554112554112,0.0493292946776287,0.0236809306190278,0.2456896551724137
pronostia,vtoi_traj,Full_Test_Set_Bearing2_5,44,15,2311,E_norm|C_norm|VTOI|VTOI_vel|VTOI_acc,0.86,0.14,0.738253,0.0,0.3036608695983886,0.3475971817970276,-0.0976204377346119,1.169094443321228,1.3382492065429688,258.4025416475556,1.7695413968011604,86,2224,0.0101010101010101,0.0938867926597595,0.3082579589926779,0.3082579589926779,-0.3082579589926779,0.0199134199134199,0.0480311553440069,0.0234970364098221,0.2392241379310344
pronostia,transformer_vib,Full_Test_Set_Bearing2_5,44,15,2311,,0.86,0.14,0.738253,0.0,0.3051067292690277,0.3502033948898315,-0.1141416956289269,1.1746610403060913,1.348283052444458,259.2158886273081,1.7690687989620617,14,2296,0.0173160173160173,0.4839204549789428,0.1334373567020542,-0.1334373567020542,0.1334373567020542,0.0025974025974025,0.1579402855906534,0.0734717936795942,0.2532467532467532
pronostia,tcn_vib,Full_Test_Set_Bearing2_5,44,15,2311,,0.86,0.14,0.738253,0.0,0.2908280789852142,0.3315159380435943,0.0015907845221296,1.1196880340576172,1.2763365507125854,247.7130659852857,1.708566746719412,-1,0,0.0,0.8686597347259521,0.2929210228263594,-0.2929210228263594,0.2929210228263594,0.0,0.1999134573777585,0.0833032816444284,0.25
pronostia,tcn_transformer_vib,Full_Test_Set_Bearing2_5,44,15,2311,,0.86,0.14,0.738253,0.0,0.294748842716217,0.3318500816822052,-0.0004228038876343,1.1347830295562744,1.2776228189468384,248.4427722228753,1.695042647289379,-1,0,0.0,0.3131549060344696,0.0113539069046476,0.0113539069046476,-0.0113539069046476,0.0025974025974025,0.1501514495889225,0.0652746425884123,0.25
pronostia,cnn_bilstm_attn_vib,Full_Test_Set_Bearing2_5,44,15,2311,,0.86,0.14,0.738253,0.0,0.3510921895503998,0.3891106247901916,-0.3754534533630191,1.3517049551010132,1.4980759620666504,272.98075820526265,1.629667078846665,-1,0,0.0,0.369172990322113,0.4095156042802696,-0.4095156042802696,0.4095156042802696,0.0116883116883116,0.0471657291215923,0.0226894254787676,0.2349137931034483
pronostia,abl_no_idxhead,Full_Test_Set_Bearing2_5,44,15,2311,,0.86,0.14,0.738253,0.0,0.3086379468441009,0.350090354681015,-0.1134226935481692,1.1882561445236206,1.3478480577468872,260.3863098161047,1.7647027719505164,86,2224,0.0072150072150072,0.101618506014347,0.3884904889114684,0.3884904889114684,-0.3884904889114684,0.0043290043290043,0.5603634790134141,0.179661487236404,0.2335858585858586
pronostia,abl_cond_noaux,Full_Test_Set_Bearing2_5,44,15,2311,E_norm|C_norm|VTOI,0.86,0.14,0.738253,0.0,0.3000123798847198,0.3442867696285248,-0.076813276183959,1.1550477743148804,1.3255040645599363,256.7597455805331,1.771805537883305,115,2195,0.0021645021645021,0.4896129667758941,0.3032446617353143,0.3032446617353143,-0.3032446617353143,0.0012987012987012,0.5629597576806578,0.1962293575310962,0.2468776434293675
pronostia,abl_E_only,Full_Test_Set_Bearing2_5,44,15,2311,E_norm,0.86,0.14,0.738253,0.0,0.3012414276599884,0.3439400792121887,-0.07464573052456,1.159779667854309,1.324169397354126,256.48681169099234,1.7602699494490273,115,2195,0.0021645021645021,0.0772720277309417,0.1972280494734562,0.1972280494734562,-0.1972280494734562,0.0285714285714285,0.5110341843357854,0.2192746443469805,0.2535295316275143
pronostia,abl_no_smooth,Full_Test_Set_Bearing2_5,44,15,2311,E_norm|C_norm|VTOI,0.86,0.14,0.738253,0.0,0.299717903137207,0.3438239693641662,-0.0739202308102013,1.153913974761963,1.323722243309021,256.2162268043309,1.7659770719022323,14,2296,0.0043290043290043,0.0809194594621658,0.2113280514361992,0.2113280514361992,-0.2113280514361992,0.0095238095238095,0.2025097360450021,0.0925282373360634,0.2550318455490869
pronostia,abl_no_mono,Full_Test_Set_Bearing2_5,44,15,2311,E_norm|C_norm|VTOI,0.86,0.14,0.738253,0.0,0.3110991716384887,0.3498823642730713,-0.1120999565705831,1.1977320909500122,1.3470470905303955,261.13981348450943,1.760936650716547,115,2195,0.0021645021645021,0.1064363047480583,0.4092706402464771,0.4092706402464771,-0.4092706402464771,0.0147186147186147,0.151016875811337,0.0726667137214051,0.2543103448275862
pronostia,vtoi_static,Full_Test_Set_Bearing2_6,44,15,701,E_norm|C_norm|VTOI,0.88,0.12,0.719201,0.0,0.2772682905197143,0.3146749138832092,0.1019158083421974,0.3234796822071075,0.3671207726001739,20.51443942850108,0.4880362032831629,687,13,0.0,0.0713301375508308,0.0931046775472755,-0.0931046775472755,0.0931046775472755,0.01,0.5991440798858774,0.189018901890189,0.25
pronostia,vtoi_traj,Full_Test_Set_Bearing2_6,44,15,701,E_norm|C_norm|VTOI|VTOI_vel|VTOI_acc,0.88,0.12,0.719201,0.0,0.2704205811023712,0.311084896326065,0.1222907587103473,0.3154906928539276,0.362932413816452,20.19116379433781,0.4866134785261861,687,13,0.0,0.0679267346858978,0.0800343240841027,-0.0800343240841027,0.0800343240841027,0.0071428571428571,0.0413694721825962,0.0198630136986301,0.2013888888888889
pronostia,transformer_vib,Full_Test_Set_Bearing2_6,44,15,701,,0.88,0.12,0.719201,0.0,0.285471498966217,0.3205730020999908,0.0679339980402555,0.3330501317977905,0.3740018606185913,21.040349863872205,0.4976179420870972,688,12,0.0,0.5763162970542908,0.0926980302057926,0.0926980302057926,-0.0926980302057926,0.0,0.035663338088445,0.0172176308539944,0.1736111111111111
pronostia,tcn_vib,Full_Test_Set_Bearing2_6,44,15,701,,0.88,0.12,0.719201,0.0,0.2993593215942383,0.3290672600269317,0.0178854346981289,0.3492525517940521,0.3839118182659149,21.50861095455076,0.489402118542852,-1,0,0.0,0.3731102347373962,0.526999587838611,-0.526999587838611,0.526999587838611,0.0228571428571428,0.6019971469329529,0.2153346913638732,0.2638888888888889
pronostia,tcn_transformer_vib,Full_Test_Set_Bearing2_6,44,15,701,,0.88,0.12,0.719201,0.0,0.2958145439624786,0.3321863710880279,-0.0008209341744109,0.3451169729232788,0.3875507414340973,21.76570103359201,0.5125083792914826,-1,0,0.0,0.3259995877742767,0.0657834101391229,-0.0657834101391229,0.0657834101391229,0.0071428571428571,0.1997146932952924,0.0832342449464922,0.25
pronostia,cnn_bilstm_attn_vib,Full_Test_Set_Bearing2_6,44,15,701,,0.88,0.12,0.719201,0.0,0.3638646900653839,0.4056873023509979,-0.4927104733814109,0.4245088398456573,0.4733018577098846,24.78992659967173,0.5094688114366054,-1,0,0.0,0.3270240724086761,0.2169063746405586,0.2169063746405586,-0.2169063746405586,0.0028571428571428,0.1683309557774607,0.1988573487402527,0.3402777777777778
pronostia,abl_no_idxhead,Full_Test_Set_Bearing2_6,44,15,701,,0.88,0.12,0.719201,0.0,0.2848077118396759,0.3200124502182007,0.0711906090043656,0.3322756588459015,0.3733479082584381,21.027793161744817,0.4986213736977433,687,13,0.0,0.0727575123310089,0.1279649994210956,-0.1279649994210956,0.1279649994210956,0.0271428571428571,0.1512125534950071,0.0789748601469299,0.2569444444444444
pronostia,abl_cond_noaux,Full_Test_Set_Bearing2_6,44,15,701,E_norm|C_norm|VTOI,0.88,0.12,0.719201,0.0,0.2807103991508484,0.3162978291511535,0.0926282282403442,0.3274954855442047,0.369014173746109,20.71301344395233,0.4909107552113253,687,13,0.0,0.1631558090448379,0.0259797770975843,-0.0259797770975843,0.0259797770975843,0.03,0.0313837375178316,0.0153203342618384,0.1527777777777778
pronostia,abl_E_only,Full_Test_Set_Bearing2_6,44,15,701,E_norm,0.88,0.12,0.719201,0.0,0.2803758382797241,0.3171835541725158,0.0875394302910869,0.3271051347255707,0.3700475096702575,20.724336650954115,0.4922489175790875,687,13,0.0,0.0736342296004295,0.2252373724512241,-0.2252373724512241,0.2252373724512241,0.0128571428571428,0.0313837375178316,0.0152143845089903,0.1527777777777778
pronostia,abl_no_smooth,Full_Test_Set_Bearing2_6,44,15,701,E_norm|C_norm|VTOI,0.88,0.12,0.719201,0.0,0.2789210081100464,0.3156754672527313,0.0961956154516794,0.3254078328609466,0.3682880401611328,20.62223242469849,0.4901077493416748,687,13,0.0,0.0751886963844299,0.1176982097234632,-0.1176982097234632,0.1176982097234632,0.01,0.2068473609129814,0.1456188987524699,0.2847222222222222
pronostia,abl_no_mono,Full_Test_Set_Bearing2_6,44,15,701,E_norm|C_norm|VTOI,0.88,0.12,0.719201,0.0,0.2794672846794128,0.3122479617595672,0.1157154586747885,0.3260451853275299,0.3642893135547638,20.48937478477528,0.4815341740216895,689,11,0.0,0.0860459581017494,0.0826959665681356,-0.0826959665681356,0.0826959665681356,0.0157142857142857,0.0485021398002853,0.0231292517006802,0.2361111111111111
pronostia,vtoi_static,Full_Test_Set_Bearing2_7,44,15,230,E_norm|C_norm|VTOI,0.88,0.12,0.726412,0.0,0.2745046615600586,0.3080058991909027,0.1436767512364853,0.1047692745923996,0.117555595934391,2.123381104867707,0.1531175719452616,225,4,0.0,0.1572487652301788,0.2052169027207001,-0.2052169027207001,0.2052169027207001,0.0043668122270742,0.1521739130434782,0.075440987205693,0.2554347826086957
pronostia,vtoi_traj,Full_Test_Set_Bearing2_7,44,15,230,E_norm|C_norm|VTOI|VTOI_vel|VTOI_acc,0.88,0.12,0.726412,0.0,0.2755061984062195,0.3087776601314544,0.1393799118695439,0.1051515489816665,0.1178501546382904,2.1302337100767352,0.1535175821338982,224,5,0.0,0.1676080375909805,0.1940948916131769,-0.1940948916131769,0.1940948916131769,0.0131004366812227,0.1652173913043478,0.1306313690134688,0.2952898550724638
pronostia,transformer_vib,Full_Test_Set_Bearing2_7,44,15,230,,0.88,0.12,0.726412,0.0,0.2789101004600525,0.314272403717041,0.1084778285389067,0.1064506843686103,0.1199473068118095,2.174355173695199,0.1586471406945392,224,5,0.0,0.4381605982780456,0.1350538824655854,-0.1350538824655854,0.1350538824655854,0.0393013100436681,0.6260869565217392,0.3490304709141274,0.375
pronostia,tcn_vib,Full_Test_Set_Bearing2_7,44,15,230,,0.88,0.12,0.726412,0.0,0.2908454835414886,0.3232437968254089,0.056851595979695,0.1110060289502143,0.123371385037899,2.261187980927396,0.1642597111306436,-1,0,0.0,0.3309052586555481,0.2040279168608008,-0.2040279168608008,0.2040279168608008,0.0043668122270742,0.1478260869565217,0.0643939393939393,0.25
pronostia,tcn_transformer_vib,Full_Test_Set_Bearing2_7,44,15,230,,0.88,0.12,0.726412,0.0,0.306888073682785,0.3382702171802521,-0.0328736364426598,0.1171289682388305,0.1291064769029617,2.3370423779335114,0.1641798821115947,-1,0,0.0,0.425805926322937,0.2200476920116937,-0.2200476920116937,0.2200476920116937,0.0611353711790393,0.6,0.1875,0.25
pronostia,cnn_bilstm_attn_vib,Full_Test_Set_Bearing2_7,44,15,230,,0.88,0.12,0.726412,0.0,0.4097316563129425,0.4634946286678314,-0.9391395344615374,0.1563809216022491,0.1769004613161087,2.8953371060076263,0.1763406486898336,0,229,0.9855072463768116,0.3588588237762451,0.0045972288035001,-0.0045972288035001,0.0045972288035001,0.0043668122270742,0.1695652173913043,0.2126958891664774,0.3541666666666667
pronostia,abl_no_idxhead,Full_Test_Set_Bearing2_7,44,15,230,,0.88,0.12,0.726412,0.0,0.2787340879440307,0.3142775893211365,0.1084483706309604,0.1063835322856903,0.1199492886662483,2.180900477442828,0.1600110909496636,225,4,0.0,0.1669422537088394,0.1879990121998988,-0.1879990121998988,0.1879990121998988,0.056768558951965,0.6217391304347826,0.3381945576014339,0.3541666666666667
pronostia,abl_cond_noaux,Full_Test_Set_Bearing2_7,44,15,230,E_norm|C_norm|VTOI,0.88,0.12,0.726412,0.0,0.2654629349708557,0.299169659614563,0.1921052446366562,0.101318359375,0.114183098077774,2.049730612878978,0.1474589913152158,223,6,0.0,0.3190391957759857,0.258332630366602,-0.258332630366602,0.258332630366602,0.0655021834061135,0.1826086956521739,0.0804597701149425,0.2282608695652173
pronostia,abl_E_only,Full_Test_Set_Bearing2_7,44,15,230,E_norm,0.88,0.12,0.726412,0.0,0.2737574875354767,0.3062891066074371,0.1531964209888406,0.1044841259717941,0.1169003322720527,2.124329407646759,0.1539824119688052,224,5,0.0,0.1617309749126434,0.3599943160536625,-0.3599943160536625,0.3599943160536625,0.0131004366812227,0.017391304347826,0.0266932482721956,0.0544543904518329
pronostia,abl_no_smooth,Full_Test_Set_Bearing2_7,44,15,230,E_norm|C_norm|VTOI,0.88,0.12,0.726412,0.0,0.2733249068260193,0.3095847368240356,0.1348751992776014,0.1043190136551857,0.1181581765413284,2.147089775257105,0.1585050147148254,224,5,0.0,0.1684526205062866,0.1621137599776459,-0.1621137599776459,0.1621137599776459,0.0131004366812227,0.1478260869565217,0.065891472868217,0.25
pronostia,abl_no_mono,Full_Test_Set_Bearing2_7,44,15,230,E_norm|C_norm|VTOI,0.88,0.12,0.726412,0.0,0.2618175745010376,0.313230037689209,0.1143819978629424,0.0999270379543304,0.119549460709095,2.096683604634225,0.1590418120562706,225,4,0.0,0.1523269563913345,0.0685005113127949,-0.0685005113127949,0.0685005113127949,0.0305676855895196,0.6217391304347826,0.3371414681575109,0.3541666666666667
pronostia,vtoi_static,Full_Test_Set_Bearing3_3,44,15,434,E_norm|C_norm|VTOI,0.88,0.12,0.702101,0.0,0.2462836056947708,0.2693740129470825,0.3428250293053567,0.1777346730232238,0.1943982541561126,6.728248455225448,0.2507076941844728,423,10,0.0,0.1005596816539764,0.6203455138430668,-0.6203455138430668,0.6203455138430668,0.0115473441108545,0.1474654377880184,0.0655737704918032,0.2461538461538461
pronostia,vtoi_traj,Full_Test_Set_Bearing3_3,44,15,434,E_norm|C_norm|VTOI|VTOI_vel|VTOI_acc,0.88,0.12,0.702101,0.0,0.2011387050151825,0.2254270315170288,0.5397628954323299,0.1451551020145416,0.1626831889152526,5.2957725595308025,0.1861386598669387,361,72,0.0,0.0707626566290855,0.6860859950380939,-0.6860859950380939,0.6860859950380939,0.0023094688221709,0.0691244239631336,0.1480966551461542,0.2315107306486616
pronostia,transformer_vib,Full_Test_Set_Bearing3_3,44,15,434,,0.88,0.12,0.702101,0.0,0.261097639799118,0.2941464781761169,0.2163955528978313,0.1884254813194275,0.2122756987810135,7.226090955057069,0.2737966748566071,401,32,0.0,0.4341027438640594,0.1934276357103371,0.1934276357103371,-0.1934276357103371,0.0484988452655889,0.1497695852534562,0.065130260521042,0.25
pronostia,tcn_vib,Full_Test_Set_Bearing3_3,44,15,434,,0.88,0.12,0.702101,0.0,0.2506033480167389,0.2696841359138489,0.3413109729220472,0.1808520853519439,0.194622054696083,6.940556692863188,0.2643890282630594,-1,0,0.0,0.2701497375965118,0.3783271313290423,0.3783271313290423,-0.3783271313290423,0.0300230946882217,0.0299539170506912,0.0340363798683182,0.0393015030946065
pronostia,tcn_transformer_vib,Full_Test_Set_Bearing3_3,44,15,434,,0.88,0.12,0.702101,0.0,0.303846150636673,0.335884153842926,-0.0217592914275501,0.2192756682634353,0.2423963993787765,8.343043761750511,0.3111965292989607,-1,0,0.0,0.3921525776386261,0.1866320517626668,0.1866320517626668,-0.1866320517626668,0.023094688221709,0.1497695852534562,0.065130260521042,0.25
pronostia,cnn_bilstm_attn_vib,Full_Test_Set_Bearing3_3,44,15,434,,0.88,0.12,0.702101,0.0,0.3443228006362915,0.3878970742225647,-0.3627073870005479,0.2484863102436065,0.2799323797225952,9.45437054189924,0.3504323505416667,-1,0,0.0,0.3344812393188476,0.5557905686709016,-0.5557905686709016,0.5557905686709016,0.0207852193995381,0.3317972350230415,0.2961091234347048,0.4750663129973475
pronostia,abl_no_idxhead,Full_Test_Set_Bearing3_3,44,15,434,,0.88,0.12,0.702101,0.0,0.2483316957950592,0.2734432816505432,0.3228200176729414,0.1792127192020416,0.1973349004983902,6.8687148347015885,0.2608032154427918,421,12,0.0,0.1031276360154151,0.6512547833935656,-0.6512547833935656,0.6512547833935656,0.0346420323325635,0.108294930875576,0.0506465517241379,0.1807692307692307
pronostia,abl_cond_noaux,Full_Test_Set_Bearing3_3,44,15,434,E_norm|C_norm|VTOI,0.88,0.12,0.702101,0.0,0.226518452167511,0.248176097869873,0.4421859084901167,0.1634708195924759,0.1791004091501236,6.157138966714325,0.2280152724757533,402,31,0.0,0.2647700011730194,0.4563658624993467,-0.4563658624993467,0.4563658624993467,0.0207852193995381,0.631336405529954,0.2720976581963129,0.3038461538461539
pronostia,abl_E_only,Full_Test_Set_Bearing3_3,44,15,434,E_norm,0.88,0.12,0.702101,0.0,0.2435414642095565,0.2647192180156708,0.3653408481727227,0.1757557839155197,0.1910390406847,6.622355966417032,0.2450896212412688,425,8,0.0,0.0973651707172393,0.6527806065251233,-0.6527806065251233,0.6527806065251233,0.0207852193995381,0.2119815668202765,0.1219028261711188,0.2702033598585323
pronostia,abl_no_smooth,Full_Test_Set_Bearing3_3,44,15,434,E_norm|C_norm|VTOI,0.88,0.12,0.702101,0.0,0.223414197564125,0.2420681416988372,0.4693050871021463,0.161230593919754,0.1746925264596939,5.997831497807995,0.2178695817802032,369,64,0.0,0.0692516639828682,0.5546169619301462,-0.5546169619301462,0.5546169619301462,0.0254041570438799,0.0783410138248847,0.1641186362941446,0.2660839160839161
pronostia,abl_no_mono,Full_Test_Set_Bearing3_3,44,15,434,E_norm|C_norm|VTOI,0.88,0.12,0.702101,0.0,0.201065719127655,0.2164858132600784,0.5755480857127067,0.1451024115085601,0.1562305986881256,5.436848929069253,0.2003810892390164,372,61,0.0,0.0587418414652347,0.6796079739399029,-0.6796079739399029,0.6796079739399029,0.0484988452655889,0.6105990783410138,0.234049774897543,0.265340406719717
pronostia,vtoi_static,Learning_set_Bearing1_1,44,15,2803,E_norm|C_norm|VTOI,0.88,0.12,0.715734,0.0767035319300749,0.1892542988061905,0.2095602303743362,0.6010012820274431,0.8838176131248474,0.9786462783813475,222.1808713819634,1.2131627163983671,1317,1485,0.0023795359904818,0.1098132878541946,0.8787385096786935,-0.8787385096786935,0.8787385096786935,0.0078515346181299,0.1701748127006778,0.0925998538912007,0.2166149464440822
pronostia,vtoi_traj,Learning_set_Bearing1_1,44,15,2803,E_norm|C_norm|VTOI|VTOI_vel|VTOI_acc,0.88,0.12,0.715734,0.0767035319300749,0.1826155483722686,0.2062146961688995,0.6136392148020804,0.8528146743774414,0.9630227088928224,207.35111618610853,1.0755276337008135,2121,681,0.0,0.1559187769889831,0.8814839132843227,-0.8814839132843227,0.8814839132843227,0.0042826552462526,0.0834819835890117,0.1217844177220293,0.3028527102330294
pronostia,transformer_vib,Learning_set_Bearing1_1,44,15,2803,,0.88,0.12,0.715734,0.0767035319300749,0.2085752189159393,0.2310673743486404,0.5149002525075452,0.9740462899208068,1.0790847539901731,247.6658570952353,1.3554530580100463,2126,676,0.0,0.7090955972671509,0.7224651528796646,0.7224651528796646,-0.7224651528796646,0.0007137758743754,0.1241526935426328,0.1651411568052908,0.2083206686930091
pronostia,tcn_vib,Learning_set_Bearing1_1,44,15,2803,,0.88,0.12,0.715734,0.0767035319300749,0.2423571497201919,0.2710645794868469,0.3324261452041048,1.1318079233169556,1.2658716440200806,280.95549253443426,1.4514825151169348,2433,369,0.0,0.2986388206481933,0.8088116530534889,-0.8088116530534889,0.8088116530534889,0.0053533190578158,0.1601855155190867,0.2056092918676358,0.3969256585612968
pronostia,tcn_transformer_vib,Learning_set_Bearing1_1,44,15,2803,,0.88,0.12,0.715734,0.0767035319300749,0.29370778799057,0.3316884040832519,0.0004274405138198,1.371615290641785,1.5489847660064695,371.06591140961785,2.0622612138425307,-1,0,0.0,0.1893874406814575,0.2439776239111496,0.2439776239111496,-0.2439776239111496,0.002498215560314,0.6000713521227257,0.1875139353400223,0.25
pronostia,cnn_bilstm_attn_vib,Learning_set_Bearing1_1,44,15,2803,,0.88,0.12,0.715734,0.0767035319300749,0.298681229352951,0.3383644819259643,-0.0402154526905065,1.3948413133621216,1.5801620483398438,378.2468689068089,2.0976553810026086,-1,0,0.0,0.3772386908531189,0.1454285686724586,0.1454285686724586,-0.1454285686724586,0.0071377587437544,0.050303246521584,0.0239470108695652,0.25
pronostia,abl_no_idxhead,Learning_set_Bearing1_1,44,15,2803,,0.88,0.12,0.715734,0.0767035319300749,0.2167440056800842,0.2380876541137695,0.4849759501911551,1.0121945142745972,1.1118693351745603,254.62491601335316,1.3718041358711652,2418,384,0.0,0.1202307268977165,0.9002115315210918,-0.9002115315210918,0.9002115315210918,0.0021413276231263,0.196931858722797,0.1530915461160778,0.277807322330607
pronostia,abl_cond_noaux,Learning_set_Bearing1_1,44,15,2803,E_norm|C_norm|VTOI,0.88,0.12,0.715734,0.0767035319300749,0.2370939999818802,0.2613602876663208,0.3793696238218026,1.1072288751602173,1.220552682876587,289.9909690238616,1.6237607628726405,-1,0,0.0,0.4386868178844452,0.8423881887293969,0.8423881887293969,-0.8423881887293969,0.0057102069950035,0.2019265073135925,0.106148641229236,0.2619649189463019
pronostia,abl_E_only,Learning_set_Bearing1_1,44,15,2803,E_norm,0.88,0.12,0.715734,0.0767035319300749,0.1819828003644943,0.2070202678442001,0.6106147166748215,0.8498597145080566,0.9667847156524658,199.1733860916977,0.9647027174375692,1863,939,0.0,0.2161232084035873,0.8942400154729278,-0.8942400154729278,0.8942400154729278,0.0114204139900071,0.0067784516589368,0.0039036597934026,0.0081832852046882
pronostia,abl_no_smooth,Learning_set_Bearing1_1,44,15,2803,E_norm|C_norm|VTOI,0.88,0.12,0.715734,0.0767035319300749,0.1849333494901657,0.2085023075342178,0.6050196574485298,0.863638699054718,0.9737057685852052,215.9090360599613,1.165048086023622,2017,785,0.0,0.1505884528160095,0.8049392420860227,-0.8049392420860227,0.8049392420860227,0.0164168451106352,0.0692115590438815,0.1010165410897467,0.2756585612968592
pronostia,abl_no_mono,Learning_set_Bearing1_1,44,15,2803,E_norm|C_norm|VTOI,0.88,0.12,0.715734,0.0767035319300749,0.1835076957941055,0.2072876840829849,0.6096081390297989,0.8569809794425964,0.9680335521697998,210.50124696281483,1.1072628005177494,1317,1485,0.0023795359904818,0.1452440768480301,0.8952039112879422,-0.8952039112879422,0.8952039112879422,0.0149892933618843,0.0931145201569746,0.12567866532172,0.1184162581153087
pronostia,vtoi_static,Learning_set_Bearing1_2,44,15,871,E_norm|C_norm|VTOI,0.88,0.12,0.733679,0.0,0.2825174033641815,0.3261330723762512,0.034881456208258,0.4096502065658569,0.4728930294513702,33.143961466670746,0.6487956867953196,-1,0,0.0,0.0968022271990776,0.025580915334735,-0.025580915334735,0.025580915334735,0.0459770114942528,0.1997703788748565,0.0884113099832163,0.2504716153373694
pronostia,vtoi_traj,Learning_set_Bearing1_2,44,15,871,E_norm|C_norm|VTOI|VTOI_vel|VTOI_acc,0.88,0.12,0.733679,0.0,0.2682775557041168,0.3169640898704529,0.0883858637682502,0.3890025019645691,0.4595979452133178,31.5447796205926,0.6201620763376244,834,36,0.0,0.0748379379510879,0.2331214437668165,-0.2331214437668165,0.2331214437668165,0.0091954022988505,0.2135476463834672,0.1030179718428473,0.2461685823754789
pronostia,transformer_vib,Learning_set_Bearing1_2,44,15,871,,0.88,0.12,0.733679,0.0,0.2862386703491211,0.3313940465450287,0.0034931681509207,0.4150460660457611,0.4805213809013366,33.56591571440903,0.6557767594839424,-1,0,0.0,0.3783566057682037,0.0431277850025407,-0.0431277850025407,0.0431277850025407,0.0137931034482758,0.0459242250287026,0.0283858199965582,0.2145376175548589
pronostia,tcn_vib,Learning_set_Bearing1_2,44,15,871,,0.88,0.12,0.733679,0.0,0.278102844953537,0.308763712644577,0.1349454160392513,0.4032491147518158,0.4477074146270752,31.290675809920444,0.580427604495953,829,41,0.0,0.8307039737701416,0.4453553316074897,-0.4453553316074897,0.4453553316074897,0.0114942528735632,0.5947187141216992,0.1864650827933765,0.2480842911877394
pronostia,tcn_transformer_vib,Learning_set_Bearing1_2,44,15,871,,0.88,0.12,0.733679,0.0,0.2880520522594452,0.3354479074478149,-0.0210362195740609,0.4176754951477051,0.4863994717597961,33.82287067358445,0.6611100768913161,-1,0,0.0,0.1391135901212692,0.1248259389018512,-0.1248259389018512,0.1248259389018512,0.0344827586206896,0.5993111366245695,0.1873653984206748,0.25
pronostia,cnn_bilstm_attn_vib,Learning_set_Bearing1_2,44,15,871,,0.88,0.12,0.733679,0.0,0.3409436047077179,0.3770530521869659,-0.2900183166263512,0.4943682253360748,0.5467269420623779,36.73252936713384,0.6279323364898828,-1,0,0.0,0.3966438770294189,0.0006508596432613,0.0006508596432613,-0.0006508596432613,0.0022988505747126,0.0011481056257175,0.0005747126436781,0.0056818181818181
pronostia,abl_no_idxhead,Learning_set_Bearing1_2,44,15,871,,0.88,0.12,0.733679,0.0,0.2483031898736953,0.2915596067905426,0.2286605454537256,0.360039621591568,0.4227614104747772,29.19320735455332,0.5767778319052188,832,38,0.0,0.0673383399844169,0.4697677381887973,-0.4697677381887973,0.4697677381887973,0.0,0.200918484500574,0.088808548555811,0.2485632183908046
pronostia,abl_cond_noaux,Learning_set_Bearing1_2,44,15,871,E_norm|C_norm|VTOI,0.88,0.12,0.733679,0.0,0.2585648000240326,0.3009771108627319,0.1780262981527519,0.3749189376831054,0.4364168643951416,30.20226196363881,0.5907476785823694,834,36,0.0,0.4133646488189697,0.3400545113902132,0.3400545113902132,-0.3400545113902132,0.0137931034482758,0.2043628013777267,0.1429670329670329,0.2816889612098877
pronostia,abl_E_only,Learning_set_Bearing1_2,44,15,871,E_norm,0.88,0.12,0.733679,0.0,0.2703102827072143,0.3085144162178039,0.136341892039701,0.3919498920440674,0.4473459124565124,31.495547673343488,0.6135102342498776,-1,0,0.0,0.100225031375885,0.3835907576682886,-0.3835907576682886,0.3835907576682886,0.0206896551724137,0.1997703788748565,0.0834132310642377,0.25
pronostia,abl_no_smooth,Learning_set_Bearing1_2,44,15,871,E_norm|C_norm|VTOI,0.88,0.12,0.733679,0.0,0.276072233915329,0.3181399405002594,0.081609641597752,0.4003047347068786,0.4613029360771179,32.21474005366909,0.62710778725341,-1,0,0.0,0.0811285525560379,0.3276240982743701,-0.3276240982743701,0.3276240982743701,0.0045977011494252,0.1997703788748565,0.0832535885167464,0.25
pronostia,abl_no_mono,Learning_set_Bearing1_2,44,15,871,E_norm|C_norm|VTOI,0.88,0.12,0.733679,0.0,0.2480410635471344,0.2861800491809845,0.2568617610177461,0.3596595823764801,0.4149610698223114,28.885752596268528,0.564412805165702,829,41,0.0,0.1048353537917137,0.4158095516341035,-0.4158095516341035,0.4158095516341035,0.0091954022988505,0.5579793340987371,0.2706759673477599,0.4626436781609195
pronostia,vtoi_static,Learning_set_Bearing2_1,44,15,911,E_norm|C_norm|VTOI,0.88,0.12,0.72736,0.0,0.3000886142253876,0.3290717601776123,0.0173291730246515,0.4551343917846679,0.4990921914577484,36.05108355164441,0.6123055503366293,907,3,0.0,0.1108466535806655,0.3280119145056085,-0.3280119145056085,0.3280119145056085,0.0109890109890109,0.5949506037321625,0.1866391184573002,0.2481684981684981
pronostia,vtoi_traj,Learning_set_Bearing2_1,44,15,911,E_norm|C_norm|VTOI|VTOI_vel|VTOI_acc,0.88,0.12,0.72736,0.0,0.2832947671413421,0.3274096548557281,0.0272308576392809,0.4296637773513794,0.4965713620185852,36.261157499786094,0.6737498320178072,-1,0,0.0,0.0579755119979381,0.2734823832013072,-0.2734823832013072,0.2734823832013072,0.0285714285714285,0.0504939626783754,0.0240334378265412,0.25
pronostia,transformer_vib,Learning_set_Bearing2_1,44,15,911,,0.88,0.12,0.72736,0.0,0.2859046161174774,0.3281450569629669,0.0228560329895309,0.4336220324039459,0.4976866543292999,34.87194002142229,0.6048262455351405,-1,0,0.0,0.3195938766002655,0.2310140108805605,0.2310140108805605,-0.2310140108805605,0.0043956043956043,0.5993413830954994,0.1873713109128346,0.25
pronostia,tcn_vib,Learning_set_Bearing2_1,44,15,911,,0.88,0.12,0.72736,0.0,0.3284034132957458,0.3696657121181488,-0.2400670195181482,0.4980785250663757,0.560659646987915,38.27775542358846,0.6114949083899308,-1,0,0.0,0.3010048270225525,0.0318757945315865,0.0318757945315865,-0.0318757945315865,0.0021978021978021,0.150384193194292,0.0657389635316698,0.25
pronostia,tcn_transformer_vib,Learning_set_Bearing2_1,44,15,911,,0.88,0.12,0.72736,0.0,0.2876168489456177,0.3361654281616211,-0.0254935448722317,0.4362189173698425,0.5098509192466736,37.077902193741416,0.6938289625475104,-1,0,0.0,0.2061987519264221,0.1109599426733395,0.1109599426733395,-0.1109599426733395,0.0175824175824175,0.5993413830954994,0.1873713109128346,0.25
pronostia,cnn_bilstm_attn_vib,Learning_set_Bearing2_1,44,15,911,,0.88,0.12,0.72736,0.0,0.3517437875270843,0.3903832137584686,-0.3829581950800005,0.5334780216217041,0.5920811891555786,41.14991110490201,0.6599932648369309,-1,0,0.0,0.3459632992744446,0.0693411885118983,0.0693411885118983,-0.0693411885118983,0.0307692307692307,0.0230515916575192,0.0186054693747001,0.1033005395112662
pronostia,abl_no_idxhead,Learning_set_Bearing2_1,44,15,911,,0.88,0.12,0.72736,0.0,0.3037370145320892,0.332585722208023,-0.0037696340789177,0.4606677591800689,0.5044217109680176,36.37540323314301,0.6143950002209685,898,12,0.0,0.0980602577328682,0.3314839973024438,-0.3314839973024438,0.3314839973024438,0.0109890109890109,0.4390779363336992,0.1736603302060715,0.2279423475075649
pronostia,abl_cond_noaux,Learning_set_Bearing2_1,44,15,911,E_norm|C_norm|VTOI,0.88,0.12,0.72736,0.0,0.2730529010295868,0.3200878798961639,0.0702519166163708,0.4141302704811096,0.4854666292667389,35.2560394876698,0.6635448196345713,901,9,0.0,0.3508374989032745,0.0893727825703054,0.0893727825703054,-0.0893727825703054,0.0043956043956043,0.2074643249176729,0.1710201998875164,0.2879637024352987
pronostia,abl_E_only,Learning_set_Bearing2_1,44,15,911,E_norm,0.88,0.12,0.72736,0.0,0.284023642539978,0.3328628540039062,-0.005443137096561,0.4307691752910614,0.5048420429229736,36.715721578972335,0.6900413069474326,-1,0,0.0,0.0674257203936576,0.2580130838407184,-0.2580130838407184,0.2580130838407184,0.0131868131868131,0.5993413830954994,0.1880165289256198,0.25
pronostia,abl_no_smooth,Learning_set_Bearing2_1,44,15,911,E_norm|C_norm|VTOI,0.88,0.12,0.72736,0.0,0.2956277132034302,0.3270916640758514,0.0291196609079547,0.4483686089515686,0.4960890114307403,36.14763602254232,0.6310209936082044,898,12,0.0,0.0961092710494995,0.2672392587306069,-0.2672392587306069,0.2672392587306069,0.0131868131868131,0.1888035126234906,0.2033063097632519,0.3827112272050387
pronostia,abl_no_mono,Learning_set_Bearing2_1,44,15,911,E_norm|C_norm|VTOI,0.88,0.12,0.72736,0.0,0.2828172147274017,0.3304770290851593,0.008918451137134,0.4289394021034241,0.5012235045433044,36.47575814032756,0.683873997799312,-1,0,0.0,0.0932236686348915,0.269405081253839,-0.269405081253839,0.269405081253839,0.0307692307692307,0.6004390779363337,0.1986548267979602,0.2554347826086957
pronostia,vtoi_static,Learning_set_Bearing2_2,44,15,797,E_norm|C_norm|VTOI,0.88,0.12,0.746969,0.0,0.3001710176467895,0.3324846625328064,-0.0029032905582853,0.3982269167900085,0.4410963356494903,26.550864959944057,0.4852002222626149,404,392,0.1359832635983263,0.2227004617452621,0.7169241744172163,-0.7169241744172163,0.7169241744172163,0.0175879396984924,0.1405269761606022,0.1409821816601477,0.2041666666666666
pronostia,vtoi_traj,Learning_set_Bearing2_2,44,15,797,E_norm|C_norm|VTOI|VTOI_vel|VTOI_acc,0.88,0.12,0.746969,0.0,0.3993258476257324,0.4703042805194855,-1.006659587010469,0.5297722816467285,0.6239370107650757,33.49281294532587,0.5338436341137536,236,560,0.4581589958158996,0.1517255008220672,0.7554169142471199,-0.7554169142471199,0.7554169142471199,0.0201005025125628,0.3212045169385194,0.1998199884792627,0.190554195942212
pronostia,transformer_vib,Learning_set_Bearing2_2,44,15,797,,0.88,0.12,0.746969,0.0,0.2871130406856537,0.3142705857753753,0.1039684047704839,0.3809033334255218,0.4169323444366455,26.76466514088031,0.536183403647146,761,35,0.0,0.1917229741811752,0.2131413765802194,-0.2131413765802194,0.2131413765802194,0.0125628140703517,0.4755332496863237,0.2059198001031677,0.2299806255098549
pronostia,tcn_vib,Learning_set_Bearing2_2,44,15,797,,0.88,0.12,0.746969,0.0,0.2815387547016144,0.3183108270168304,0.0807817633204395,0.3735081255435943,0.4222923815250397,27.09448572191621,0.5676423008384246,785,11,0.0,0.3574617803096771,0.1937663552630564,0.1937663552630564,-0.1937663552630564,0.0025125628140703,0.1468005018820577,0.102858036109736,0.1969403765690376
pronostia,tcn_transformer_vib,Learning_set_Bearing2_2,44,15,797,,0.88,0.12,0.746969,0.0,0.2922543883323669,0.3322924971580505,-0.0017443243493668,0.3877241909503937,0.440841406583786,28.181649825541346,0.5905590078722185,-1,0,0.0,0.1975404769182205,0.0960253271170541,-0.0960253271170541,0.0960253271170541,0.0,0.1505646173149309,0.0654307524536532,0.25
pronostia,cnn_bilstm_attn_vib,Learning_set_Bearing2_2,44,15,797,,0.88,0.12,0.746969,0.0,0.3635497391223907,0.415095180273056,-0.5631880453864515,0.4823093712329864,0.5506929755210876,32.22232088098877,0.5820996414722789,-1,0,0.0,0.1995720416307449,0.0285449585946696,-0.0285449585946696,0.0285449585946696,0.0062814070351758,0.2559598494353827,0.1441989463161912,0.1454645930370253
pronostia,abl_no_idxhead,Learning_set_Bearing2_2,44,15,797,,0.88,0.12,0.746969,0.0,0.3871691226959228,0.4553061723709106,-0.8807144909091165,0.5136443972587585,0.6040394902229309,32.47948548446571,0.519590170849512,249,547,0.4476987447698745,0.1224194765090942,0.7474066146534217,-0.7474066146534217,0.7474066146534217,0.0100502512562814,0.1468005018820577,0.0823668733843525,0.0836200034209626
pronostia,abl_cond_noaux,Learning_set_Bearing2_2,44,15,797,E_norm|C_norm|VTOI,0.88,0.12,0.746969,0.0,0.3166389465332031,0.3490540981292724,-0.1053537668431896,0.4200743436813354,0.4630784690380096,27.917387425080054,0.5061761169464163,414,382,0.0920502092050209,0.2062683552503585,0.6022953886699363,0.6022953886699363,-0.6022953886699363,0.007537688442211,0.1141781681304893,0.0760869565217391,0.1895833333333333
pronostia,abl_E_only,Learning_set_Bearing2_2,44,15,797,E_norm,0.88,0.12,0.746969,0.0,0.2959702908992767,0.3193536698818207,0.0747488108715527,0.3926539421081543,0.4236758649349212,27.369497401824525,0.5416259789591658,445,351,0.00836820083682,0.3706919550895691,0.5808688187215724,-0.5808688187215724,0.5808688187215724,0.007537688442211,0.0188205771643663,0.0140942082654421,0.0854166666666666
pronostia,abl_no_smooth,Learning_set_Bearing2_2,44,15,797,E_norm|C_norm|VTOI,0.88,0.12,0.746969,0.0,0.3412739038467407,0.3827904164791107,-0.329345736156815,0.4527566432952881,0.507835328578949,29.43740890378216,0.5081837910590892,321,475,0.1861924686192468,0.2002625465393066,0.6564082470623415,-0.6564082470623415,0.6564082470623415,0.0150753768844221,0.1656210790464241,0.1511256126005713,0.1350559853688061
pronostia,abl_no_mono,Learning_set_Bearing2_2,44,15,797,E_norm|C_norm|VTOI,0.88,0.12,0.746969,0.0,0.3493249416351318,0.4095433056354522,-0.5216523779258073,0.4634377658367157,0.5433274507522583,29.373073054410035,0.4769276381508824,275,521,0.405857740585774,0.1325437575578689,0.8008566114442441,-0.8008566114442441,0.8008566114442441,0.0351758793969849,0.2446675031367628,0.0982862903225806,0.1019874476987447
pronostia,vtoi_static,Learning_set_Bearing3_1,44,15,515,E_norm|C_norm|VTOI,0.87,0.13,0.759917,0.0,0.274379700422287,0.3089714050292969,0.1349038361961375,0.2350519597530365,0.2646855115890503,10.846325986900435,0.3512830414682699,498,16,0.0,0.0747097209095954,0.032318028880791,-0.032318028880791,0.032318028880791,0.0233463035019455,0.141747572815534,0.0860576923076923,0.2561188811188811
pronostia,vtoi_traj,Learning_set_Bearing3_1,44,15,515,E_norm|C_norm|VTOI|VTOI_vel|VTOI_acc,0.87,0.13,0.759917,0.0,0.2710863351821899,0.3042933940887451,0.1609017115725031,0.2322306185960769,0.2606779932975769,10.660692143499038,0.3428273005980672,493,21,0.0,0.0642891824245452,0.0208878064653847,0.0208878064653847,-0.0208878064653847,0.0272373540856031,0.5980582524271845,0.1964433934948364,0.2508090614886731
pronostia,transformer_vib,Learning_set_Bearing3_1,44,15,515,,0.87,0.13,0.759917,0.0,0.2648972868919372,0.3037157356739044,0.1640843665650094,0.2269286811351776,0.2601831555366516,10.629472851707185,0.3518913520491022,495,19,0.0,0.3077325522899627,0.0305555504005103,-0.0305555504005103,0.0305555504005103,0.0272373540856031,0.1922330097087378,0.2968292325717633,0.4615384615384615
pronostia,tcn_vib,Learning_set_Bearing3_1,44,15,515,,0.87,0.13,0.759917,0.0,0.2932946979999542,0.3330796360969543,-0.0053655800660818,0.2512558102607727,0.2853382229804992,11.68112911670364,0.3812817385483497,-1,0,0.0,0.3825644552707672,0.0614152093489955,-0.0614152093489955,0.0614152093489955,0.0389105058365758,0.0504854368932038,0.0240295748613678,0.25
pronostia,tcn_transformer_vib,Learning_set_Bearing3_1,44,15,515,,0.87,0.13,0.759917,0.0,0.2957741618156433,0.3326560258865356,-0.0028098862085685,0.2533798813819885,0.2849753201007843,11.690687130020734,0.3774973345622058,-1,0,0.0,0.3884918093681335,0.4074420685089641,-0.4074420685089641,0.4074420685089641,0.0038910505836575,0.0504854368932038,0.0240295748613678,0.25
pronostia,cnn_bilstm_attn_vib,Learning_set_Bearing3_1,44,15,515,,0.87,0.13,0.759917,0.0,0.3818046152591705,0.4291245341300964,-0.6687624547875148,0.3270792961120605,0.3676166832447052,13.938794073944727,0.390011221113461,-1,0,0.0,0.3514424562454223,0.1105062272186792,0.1105062272186792,-0.1105062272186792,0.0019455252918287,0.1922330097087378,0.292152361823464,0.4615384615384615
pronostia,abl_no_idxhead,Learning_set_Bearing3_1,44,15,515,,0.87,0.13,0.759917,0.0,0.2716007530689239,0.3058412969112396,0.1523431417638638,0.232671320438385,0.2620040476322174,10.732882633905716,0.3475544669611144,496,18,0.0,0.0649437829852104,0.0153738227516881,-0.0153738227516881,0.0153738227516881,0.0583657587548638,0.1495145631067961,0.0660377358490566,0.25
pronostia,abl_cond_noaux,Learning_set_Bearing3_1,44,15,515,E_norm|C_norm|VTOI,0.87,0.13,0.759917,0.0,0.2617939412593841,0.3111275732517242,0.1227874658389497,0.224270150065422,0.2665326297283172,10.712475335619562,0.3638457011259658,493,21,0.0,0.4699985086917877,0.1276422834978822,-0.1276422834978822,0.1276422834978822,0.0077821011673151,0.145631067961165,0.0779696493982208,0.2498751248751248
pronostia,abl_E_only,Learning_set_Bearing3_1,44,15,515,E_norm,0.87,0.13,0.759917,0.0,0.2707365751266479,0.3046366274356842,0.1590076020876063,0.2319310009479522,0.2609720528125763,10.657751987085415,0.3431856562582396,496,18,0.0,0.0613205321133136,0.1384662910777309,0.1384662910777309,-0.1384662910777309,0.0077821011673151,0.2407766990291262,0.300996161187244,0.4343104306696539
pronostia,abl_no_smooth,Learning_set_Bearing3_1,44,15,515,E_norm|C_norm|VTOI,0.87,0.13,0.759917,0.0,0.2670615613460541,0.3017200529575348,0.1750337935403333,0.2287827134132385,0.2584735155105591,10.535470848327108,0.3403967258212997,495,19,0.0,0.0547728165984153,0.0095196052528672,0.0095196052528672,-0.0095196052528672,0.0389105058365758,0.2058252427184466,0.1381335339041888,0.2788461538461538
pronostia,abl_no_mono,Learning_set_Bearing3_1,44,15,515,E_norm|C_norm|VTOI,0.87,0.13,0.759917,0.0,0.2695199251174927,0.3028072714805603,0.1690776796776438,0.2308887541294098,0.2594048976898193,10.620010409978017,0.3425680001103545,496,18,0.0,0.0637283474206924,0.0479018669491359,0.0479018669491359,-0.0479018669491359,0.0155642023346303,0.0097087378640776,0.0048076923076923,0.048076923076923
pronostia,vtoi_static,Learning_set_Bearing3_2,44,15,1637,E_norm|C_norm|VTOI,0.89,0.11,0.722953,0.1111789859499083,0.285849004983902,0.3256253004074096,0.0370372399761618,0.7794150710105896,0.8878717422485352,119.8737174626569,1.1997214479385558,1628,8,0.0,0.0789382383227348,0.0557328018586116,-0.0557328018586116,0.0557328018586116,0.0024449877750611,0.0360415394013439,0.0186320172188701,0.1775937942865667
pronostia,vtoi_traj,Learning_set_Bearing3_2,44,15,1637,E_norm|C_norm|VTOI|VTOI_vel|VTOI_acc,0.89,0.11,0.722953,0.1111789859499083,0.2727983593940735,0.3372368216514587,-0.032864203281262,0.7438302040100098,0.9195325374603271,120.3243175370606,1.266380916884375,1618,18,0.0,0.0740642845630645,0.0159790951642609,-0.0159790951642609,0.0159790951642609,0.0482885085574572,0.0494807574832009,0.0235739231664726,0.2469512195121951
pronostia,transformer_vib,Learning_set_Bearing3_2,44,15,1637,,0.89,0.11,0.722953,0.1111789859499083,0.2935207784175873,0.3317574262619018,0.0004269721198886,0.8003333806991577,0.904591977596283,122.0252944777322,1.2055670635868034,-1,0,0.0,0.484635442495346,0.0148273879741164,0.0148273879741164,-0.0148273879741164,0.0134474327628361,0.1997556505803298,0.0832484725050916,0.25
pronostia,tcn_vib,Learning_set_Bearing3_2,44,15,1637,,0.89,0.11,0.722953,0.1111789859499083,0.2860956788063049,0.3231230080127716,0.0517802131480769,0.7800877094268799,0.8810489177703857,118.87690286849988,1.177292893674832,1626,10,0.0,0.5517094731330872,0.2941292009655851,-0.2941292009655851,0.2941292009655851,0.0158924205378973,0.599877825290165,0.1874761359297442,0.25
pronostia,tcn_transformer_vib,Learning_set_Bearing3_2,44,15,1637,,0.89,0.11,0.722953,0.1111789859499083,0.2971585094928741,0.3322979509830475,-0.0028327660657978,0.8102522492408752,0.9060657620429992,122.2047349959404,1.1913058831804206,-1,0,0.0,0.4664531350135803,0.1009697226648986,0.1009697226648986,-0.1009697226648986,0.0073349633251833,0.599877825290165,0.1874761359297442,0.25
pronostia,cnn_bilstm_attn_vib,Learning_set_Bearing3_2,44,15,1637,,0.89,0.11,0.722953,0.1111789859499083,0.345491349697113,0.3814658522605896,-0.3215529597534681,0.9420397877693176,1.0401302576065063,133.0007989232776,1.160164828965225,-1,0,0.0,0.417147696018219,0.0782802928374604,0.0782802928374604,-0.0782802928374604,0.0030562347188264,0.1997556505803298,0.0843653250773993,0.25
pronostia,abl_no_idxhead,Learning_set_Bearing3_2,44,15,1637,,0.89,0.11,0.722953,0.1111789859499083,0.2697612345218658,0.3381713032722473,-0.0385961974779545,0.7355490326881409,0.9220804572105408,119.83928148026348,1.2702327927838497,1608,28,0.0,0.0984168648719787,0.078567154260813,-0.078567154260813,0.078567154260813,0.011002444987775,0.1472205253512523,0.0657051961823966,0.2441570215091152
pronostia,abl_cond_noaux,Learning_set_Bearing3_2,44,15,1637,E_norm|C_norm|VTOI,0.89,0.11,0.722953,0.1111789859499083,0.2688624858856201,0.3303554356098175,0.0088575053535258,0.7330984473228455,0.9007691740989684,118.3216247695402,1.2462972099377922,1617,19,0.0,0.4268295466899872,0.2270238033396393,0.2270238033396393,-0.2270238033396393,0.0134474327628361,0.0281001832620647,0.0140670380393783,0.1374497044359445
pronostia,abl_E_only,Learning_set_Bearing3_2,44,15,1637,E_norm,0.89,0.11,0.722953,0.1111789859499083,0.2784171402454376,0.3351342976093292,-0.0200252978720554,0.7591508626937866,0.913799524307251,121.0817968565484,1.2569346296218114,1628,8,0.0,0.0845154672861099,0.0490866082770385,-0.0490866082770385,0.0490866082770385,0.0006112469437652,0.1502748930971288,0.0657051282051282,0.25
pronostia,abl_no_smooth,Learning_set_Bearing3_2,44,15,1637,E_norm|C_norm|VTOI,0.89,0.11,0.722953,0.1111789859499083,0.2812593579292297,0.3241385519504547,0.0458104658294977,0.7669005990028381,0.8838179111480713,118.6714603112312,1.196045137365521,1620,16,0.0,0.074853740632534,0.0154068267535499,-0.0154068267535499,0.0154068267535499,0.0134474327628361,0.1502748930971288,0.0660580021482277,0.25
pronostia,abl_no_mono,Learning_set_Bearing3_2,44,15,1637,E_norm|C_norm|VTOI,0.89,0.11,0.722953,0.1111789859499083,0.2739016115665436,0.3213892877101898,0.0619282836544581,0.7468385696411133,0.87632155418396,116.969273060237,1.1962266134464556,1613,23,0.0,0.0958408787846565,0.0440527079488991,-0.0440527079488991,0.0440527079488991,0.0158924205378973,0.1673793524740378,0.1935800049007596,0.3353658536585366
pronostia,ctl_scalar,Full_Test_Set_Bearing1_3,44,15,2375,VTOI,0.86,0.14,0.691424,0.21642105263157896,0.18664130568504333,0.21373280882835388,0.5849977344071887,0.7384774088859558,0.8456694483757019,148.1840976488847,0.8760990949251541,1687,687,0.0,0.2734981179237366,0.8141373228544455,-0.8141373228544455,0.8141373228544455,0.004212299915754001,0.10652631578947368,0.05915811931862541,0.13263207175241473
pronostia,ctl_EC,Full_Test_Set_Bearing1_3,44,15,2375,E_norm|C_norm,0.86,0.14,0.691424,0.21642105263157896,0.1875275820493698,0.20831255614757538,0.6057797266846727,0.7419840693473816,0.8242232799530029,157.05941386297405,1.0187388810870286,1743,631,0.0,0.292271226644516,0.8219646686225763,-0.8219646686225763,0.8219646686225763,0.0,0.10231578947368421,0.17290018817999772,0.1577410686332487
pronostia,ctl_hc10,Full_Test_Set_Bearing1_3,44,15,2375,hc_RMS_x|hc_RMS_y|hc_Kurt_x|hc_Kurt_y|hc_CF_x|hc_CF_y|hc_SE_x|hc_SE_y|hc_ESE_x|hc_ESE_y,0.86,0.14,0.691424,0.21642105263157896,0.18803812563419342,0.21209155023097992,0.5913468293764148,0.7440041899681091,0.8391755819320679,160.74319553613492,1.070674755649543,1781,593,0.0,0.4333506226539612,0.7751823847270322,-0.7751823847270322,0.7751823847270322,0.0008424599831508003,0.1414736842105263,0.07145895363675032,0.23595505617977527
pronostia,ctl_random,Full_Test_Set_Bearing1_3,44,15,2375,VTOI_rand,0.86,0.14,0.691424,0.21642105263157896,0.18949533998966217,0.21083316206932068,0.5961817314079774,0.7497698664665222,0.8341965675354004,160.96532866284392,1.0651086260278366,1847,527,0.0,0.31196075677871704,0.7911865618454783,-0.7911865618454783,0.7911865618454783,0.004212299915754001,0.050105263157894736,0.09501554121763033,0.10590061571642259
pronostia,ctl_shuffled,Full_Test_Set_Bearing1_3,44,15,2375,VTOI_shuf,0.86,0.14,0.691424,0.21642105263157896,0.1629221886396408,0.18592435121536255,0.6859631371188578,0.6446288228034973,0.7356406450271606,130.397395088392,0.7909976546460469,1655,719,0.0,0.272641658782959,0.8653922899161113,-0.8653922899161113,0.8653922899161113,0.004212299915754001,0.13726315789473684,0.12542878103691069,0.3533529958405598
pronostia,ctl_elapsed,Full_Test_Set_Bearing1_3,44,15,2375,elapsed_norm,0.86,0.14,0.691424,0.21642105263157896,0.16135305166244507,0.18210960924625397,0.6987175657018767,0.6384202837944031,0.7205470204353333,135.12299851584237,0.8858849844314942,1732,642,0.0,0.2974441349506378,0.8110350351747663,-0.8110350351747663,0.8110350351747663,0.004212299915754001,0.048,0.06117169456457748,0.07942208876454189
pronostia,ctl_lifefrac,Full_Test_Set_Bearing1_3,44,15,2375,Deg_oracle,0.86,0.14,0.691424,0.21642105263157896,0.05200500041246414,0.06477564573287964,0.9618818710782575,0.2057664543390274,0.2562956213951111,40.06105367217191,0.24159750731465848,1686,688,0.0,0.30786487460136414,0.8325733627369932,-0.8325733627369932,0.8325733627369932,0.002527379949452401,0.14989473684210528,0.06517759062614427,0.25
pronostia,ctl_nodeg,Full_Test_Set_Bearing1_3,44,15,2375,VTOI_mono,0.86,0.14,0.691424,0.21642105263157896,0.15536260604858398,0.1763666868209839,0.7174201227350203,0.6147180795669556,0.6978241801261902,127.13816647809588,0.8061720783155607,1672,702,0.0,0.29953843355178833,0.8572739254964354,-0.8572739254964354,0.8572739254964354,0.007582139848357203,0.6429473684210526,0.34802483785177046,0.35782549980370626
pronostia,ctl_scalar,Full_Test_Set_Bearing1_4,44,15,1428,VTOI,0.87,0.13,0.700434,0.1953781512605042,0.1971757411956787,0.22199390828609467,0.5525013189632747,0.4689496159553528,0.5279755592346191,56.29495711014829,0.5733952035681352,1089,338,0.0,0.18380893766880035,0.4521695680025567,-0.4521695680025567,0.4521695680025567,0.007708479327259986,0.08403361344537816,0.07843337861306462,0.06603615222420112
pronostia,ctl_EC,Full_Test_Set_Bearing1_4,44,15,1428,E_norm|C_norm,0.87,0.13,0.700434,0.1953781512605042,0.21344298124313354,0.24221622943878174,0.467259063317081,0.5076385140419006,0.5760709047317505,61.1649699644326,0.623294898690995,1095,332,0.0,0.26346227526664734,0.5073818083811233,-0.5073818083811233,0.5073818083811233,0.013314646110721794,0.14985994397759103,0.06516443361753958,0.25
pronostia,ctl_hc10,Full_Test_Set_Bearing1_4,44,15,1428,hc_RMS_x|hc_RMS_y|hc_Kurt_x|hc_Kurt_y|hc_CF_x|hc_CF_y|hc_SE_x|hc_SE_y|hc_ESE_x|hc_ESE_y,0.87,0.13,0.700434,0.1953781512605042,0.21279257535934448,0.23250463604927063,0.509122809261531,0.5060916543006897,0.5529735088348389,59.46573173642511,0.5803542045455581,1088,339,0.0,0.2468111515045166,0.5785419352067761,-0.5785419352067761,0.5785419352067761,0.002102312543798178,0.022408963585434174,0.012432012432012432,0.1111111111111111
pronostia,ctl_random,Full_Test_Set_Bearing1_4,44,15,1428,VTOI_rand,0.87,0.13,0.700434,0.1953781512605042,0.19749067723751068,0.22145219147205353,0.5546826631951058,0.4696986973285675,0.5266871452331543,55.41016930808401,0.5463017816081414,1089,338,0.0,0.20710860192775726,0.6018258570011641,-0.6018258570011641,0.6018258570011641,0.013314646110721794,0.6365546218487395,0.2626325577714467,0.29619951278429446
pronostia,ctl_shuffled,Full_Test_Set_Bearing1_4,44,15,1428,VTOI_shuf,0.87,0.13,0.700434,0.1953781512605042,0.20360718667507172,0.22813843190670013,0.5273860978154368,0.48424574732780457,0.5425891876220703,56.9894986912455,0.5580099684170627,1087,340,0.0,0.17002473771572113,0.559295847558329,-0.559295847558329,0.559295847558329,0.04555010511562719,0.31092436974789917,0.27661203477530005,0.45175438596491224
pronostia,ctl_elapsed,Full_Test_Set_Bearing1_4,44,15,1428,elapsed_norm,0.87,0.13,0.700434,0.1953781512605042,0.21235553920269012,0.24805672466754913,0.4412576159380601,0.5050522685050964,0.589961588382721,59.08889620428573,0.5672215515687665,1087,340,0.0,0.22171024978160858,0.5140083707903862,-0.5140083707903862,0.5140083707903862,0.006306937631394534,0.6029411764705882,0.26001264587157447,0.2844977619218076
pronostia,ctl_lifefrac,Full_Test_Set_Bearing1_4,44,15,1428,Deg_oracle,0.87,0.13,0.700434,0.1953781512605042,0.10158723592758179,0.12377721816301346,0.8608795248322241,0.24160830676555634,0.2943834960460663,27.358225371476344,0.25505700222860905,1084,343,0.0,0.13579462468624115,0.6060123077958302,-0.6060123077958302,0.6060123077958302,0.021723896285914507,0.13515406162464985,0.18548037302103665,0.2251762584030169
pronostia,ctl_nodeg,Full_Test_Set_Bearing1_4,44,15,1428,VTOI_mono,0.87,0.13,0.700434,0.1953781512605042,0.24073857069015503,0.2829380929470062,0.27307022951022,0.5725564956665039,0.6729210615158081,65.85614204260327,0.6023438704038346,1086,341,0.0,0.2095554918050766,0.5481896654070363,-0.5481896654070363,0.5481896654070363,0.004905395935529082,0.22478991596638656,0.23333782493308314,0.2826789373623811
pronostia,ctl_scalar,Full_Test_Set_Bearing1_5,44,15,2463,VTOI,0.88,0.12,0.710895,0.001218026796589525,0.23005099594593048,0.2744542062282562,0.3156810769584,0.9439759254455566,1.1261770725250244,218.04047984022338,1.3927989266754193,2443,19,0.0,0.054435133934020996,0.07769438615648443,-0.07769438615648443,0.07769438615648443,0.025182778229082048,0.2728380024360536,0.14732204278476094,0.15491845697735862
pronostia,ctl_EC,Full_Test_Set_Bearing1_5,44,15,2463,E_norm|C_norm,0.88,0.12,0.710895,0.001218026796589525,0.2891106605529785,0.32530203461647034,0.03862614702714151,1.1863174438476562,1.334822654724121,278.39499818968756,1.7826872529540252,2452,10,0.0,0.051286980509757996,0.06478621142421542,-0.06478621142421542,0.06478621142421542,0.007311129163281885,0.14697523345513602,0.09152870880784852,0.20898991662665328
pronostia,ctl_hc10,Full_Test_Set_Bearing1_5,44,15,2463,hc_RMS_x|hc_RMS_y|hc_Kurt_x|hc_Kurt_y|hc_CF_x|hc_CF_y|hc_SE_x|hc_SE_y|hc_ESE_x|hc_ESE_y,0.88,0.12,0.710895,0.001218026796589525,0.2856683135032654,0.3267499804496765,0.030048694263484776,1.1721923351287842,1.3407641649246216,279.6941591821046,1.821346786254514,2449,13,0.0,0.05749823525547981,0.2861053986271958,0.2861053986271958,-0.2861053986271958,0.01949634443541836,0.15631343889565572,0.11397655055302354,0.27671711990920594
pronostia,ctl_random,Full_Test_Set_Bearing1_5,44,15,2463,VTOI_rand,0.88,0.12,0.710895,0.001218026796589525,0.29025518894195557,0.3259517550468445,0.034781903088620614,1.1910139322280884,1.3374887704849243,278.5109701653721,1.7755670707524986,2446,16,0.0,0.08352062106132507,0.08475426657145824,-0.08475426657145824,0.08475426657145824,0.010560519902518278,0.6000812017864393,0.1884242733299337,0.25
pronostia,ctl_shuffled,Full_Test_Set_Bearing1_5,44,15,2463,VTOI_shuf,0.88,0.12,0.710895,0.001218026796589525,0.2923279106616974,0.325956255197525,0.034755364766760666,1.1995190382003784,1.3375072479248047,277.8036691953209,1.752385333073229,2444,18,0.0,0.1115630716085434,0.2893393425055693,0.2893393425055693,-0.2893393425055693,0.006498781478472786,0.20828258221680876,0.15603357700131892,0.2938467086283766
pronostia,ctl_elapsed,Full_Test_Set_Bearing1_5,44,15,2463,elapsed_norm,0.88,0.12,0.710895,0.001218026796589525,0.23926188051700592,0.2788822054862976,0.29342150224541863,0.9817712306976318,1.1443467140197754,232.66553084265084,1.5356865092384857,2446,16,0.0,0.0529361367225647,0.1878797020765321,-0.1878797020765321,0.1878797020765321,0.00974817221770918,0.6073893625659764,0.25180455502007454,0.2862903225806452
pronostia,ctl_lifefrac,Full_Test_Set_Bearing1_5,44,15,2463,Deg_oracle,0.88,0.12,0.710895,0.001218026796589525,0.09944058954715729,0.11480509489774704,0.8802594989298228,0.408037930727005,0.4710835814476013,87.5187915320152,0.5510728534387059,1955,507,0.0,0.05878174677491188,0.26531055755406363,-0.26531055755406363,0.26531055755406363,0.02761982128350934,0.14778725131952902,0.10568235212973699,0.3175594457557479
pronostia,ctl_nodeg,Full_Test_Set_Bearing1_5,44,15,2463,VTOI_mono,0.88,0.12,0.710895,0.001218026796589525,0.2902669906616211,0.3255738317966461,0.03701900050041096,1.191062331199646,1.3359379768371582,278.4590873521856,1.7756439895906806,2448,14,0.0,0.05279022082686424,0.1981831389915526,0.1981831389915526,-0.1981831389915526,0.002437043054427295,0.6029232643118149,0.2154787322199799,0.26411290322580644
pronostia,ctl_scalar,Full_Test_Set_Bearing1_6,44,15,2448,VTOI,0.88,0.12,0.707944,0.0,0.2774309515953064,0.32859542965888977,0.019065429118074295,1.131455898284912,1.3401217460632324,273.2851364348659,1.8179524789430777,1650,797,0.0,0.11959530413150787,0.10812158011385838,0.10812158011385838,-0.10812158011385838,0.002043318348998774,0.20302287581699346,0.1472616096364802,0.2845154371789117
pronostia,ctl_EC,Full_Test_Set_Bearing1_6,44,15,2448,E_norm|C_norm,0.88,0.12,0.707944,0.0,0.28350213170051575,0.32464656233787537,0.04250030398790616,1.1562161445617676,1.32401704788208,272.86192933315266,1.779562612611449,2426,21,0.0,0.12178347259759903,0.007452466274544199,0.007452466274544199,-0.007452466274544199,0.01021659174499387,0.6000816993464052,0.18901183736489963,0.25
pronostia,ctl_hc10,Full_Test_Set_Bearing1_6,44,15,2448,hc_RMS_x|hc_RMS_y|hc_Kurt_x|hc_Kurt_y|hc_CF_x|hc_CF_y|hc_SE_x|hc_SE_y|hc_ESE_x|hc_ESE_y,0.88,0.12,0.707944,0.0,0.27564990520477295,0.3283082842826843,0.020779194831031855,1.1241923570632935,1.338950514793396,272.5338099463165,1.8196662083518116,2420,27,0.0,0.12231367081403732,0.12304203083213376,0.12304203083213376,-0.12304203083213376,0.015120555782590927,0.11968954248366014,0.08867808889133472,0.2106464162801137
pronostia,ctl_random,Full_Test_Set_Bearing1_6,44,15,2448,VTOI_rand,0.88,0.12,0.707944,0.0,0.2839187681674957,0.32413914799690247,0.045491186547729545,1.1579153537750244,1.321947455406189,272.3331688189674,1.7701053870592671,2422,25,0.0,0.12482486665248871,0.07422083768971373,0.07422083768971373,-0.07422083768971373,0.0028606456885982836,0.04044117647058824,0.02061544110669654,0.19986819078000045
pronostia,ctl_shuffled,Full_Test_Set_Bearing1_6,44,15,2448,VTOI_shuf,0.88,0.12,0.707944,0.0,0.2857508659362793,0.32979679107666016,0.0118796461454026,1.1653872728347778,1.3450212478637695,274.39983860931926,1.778223198049685,1632,815,0.0,0.1205245852470398,0.11741392790186361,0.11741392790186361,-0.11741392790186361,0.015937883122190438,0.14869281045751634,0.07829886858624581,0.2533616889302408
pronostia,ctl_elapsed,Full_Test_Set_Bearing1_6,44,15,2448,elapsed_norm,0.88,0.12,0.707944,0.0,0.2820073664188385,0.32290828227996826,0.052726506029546205,1.1501199007034302,1.3169276714324951,270.19217008986567,1.753715997177756,1646,801,0.0,0.11688166856765747,0.07914802415023582,0.07914802415023582,-0.07914802415023582,0.0012259910093992644,0.046977124183006536,0.04064738550326599,0.20112159133827845
pronostia,ctl_lifefrac,Full_Test_Set_Bearing1_6,44,15,2448,Deg_oracle,0.88,0.12,0.707944,0.0,0.10548301041126251,0.12003052979707718,0.8691118154001871,0.43019482493400574,0.4895245134830475,92.97991947062715,0.6009563565358073,2049,398,0.0,0.12186136841773987,0.04411981220322895,0.04411981220322895,-0.04411981220322895,0.01021659174499387,0.041666666666666664,0.02000784621420165,0.2073170731707317
pronostia,ctl_nodeg,Full_Test_Set_Bearing1_6,44,15,2448,VTOI_mono,0.88,0.12,0.707944,0.0,0.2756577134132385,0.3310413062572479,0.004407950280096218,1.1242239475250244,1.3500969409942627,274.1205479303561,1.8373572476799036,2420,27,0.0,0.12346496433019638,0.15936075989749945,0.15936075989749945,-0.15936075989749945,0.018389865140988965,0.12091503267973856,0.11755297635223093,0.2096851026095035
pronostia,ctl_scalar,Full_Test_Set_Bearing1_7,44,15,2259,VTOI,0.88,0.12,0.721486,0.0004426737494466578,0.2798433005809784,0.3295067548751831,0.013671977050213169,1.0531437397003174,1.2400437593460083,233.3713359480039,1.6960768037473173,2243,15,0.0,0.09421658515930176,0.46777167521094004,-0.46777167521094004,0.46777167521094004,0.0008857395925597874,0.043382027445772464,0.02078913873568095,0.2168141592920354
pronostia,ctl_EC,Full_Test_Set_Bearing1_7,44,15,2259,E_norm|C_norm,0.88,0.12,0.721486,0.0004426737494466578,0.3057667315006256,0.3352043330669403,-0.02073251387862518,1.1507022380828857,1.2614856958389282,237.0160918508251,1.5858350814729945,-1,0,0.0,0.097739577293396,0.23794182689903726,-0.23794182689903726,0.23794182689903726,0.012400354295837024,0.033200531208499334,0.02564698090555545,0.1436212160794174
pronostia,ctl_hc10,Full_Test_Set_Bearing1_7,44,15,2259,hc_RMS_x|hc_RMS_y|hc_Kurt_x|hc_Kurt_y|hc_CF_x|hc_CF_y|hc_SE_x|hc_SE_y|hc_ESE_x|hc_ESE_y,0.88,0.12,0.721486,0.0004426737494466578,0.2707129120826721,0.3204341232776642,0.06723925471984227,1.0187829732894897,1.2059004306793213,225.98645061056666,1.650632028438888,2256,2,0.0,0.1176702156662941,0.7184896239956656,-0.7184896239956656,0.7184896239956656,0.007971656333038087,0.15980522355024346,0.14728117092247528,0.29867256637168144
pronostia,ctl_random,Full_Test_Set_Bearing1_7,44,15,2259,VTOI_rand,0.88,0.12,0.721486,0.0004426737494466578,0.2855041027069092,0.317884624004364,0.08202306221212019,1.0744471549987793,1.196305751800537,226.39225052128756,1.568647587531085,2212,46,0.0,0.09969238191843033,0.5980728015531819,-0.5980728015531819,0.5980728015531819,0.0044286979627989375,0.03010181496237273,0.01461108723678556,0.1504424778761062
pronostia,ctl_shuffled,Full_Test_Set_Bearing1_7,44,15,2259,VTOI_shuf,0.88,0.12,0.721486,0.0004426737494466578,0.3005843758583069,0.32950299978256226,0.013694436357999495,1.1311991214752197,1.2400295734405518,233.6684446487103,1.5737355987965194,2230,28,0.0,0.08188780397176743,0.5449108909105402,-0.5449108909105402,0.5449108909105402,0.007971656333038087,0.6113324479858344,0.2823490371582333,0.3075221238938053
pronostia,ctl_elapsed,Full_Test_Set_Bearing1_7,44,15,2259,elapsed_norm,0.88,0.12,0.721486,0.0004426737494466578,0.2892252504825592,0.3190297782421112,0.07539728551527192,1.0884511470794678,1.200615406036377,224.373651810012,1.5120067397524586,2213,45,0.0,0.082469142973423,0.44468913465957044,-0.44468913465957044,0.44468913465957044,0.0022143489813994687,0.21956617972554227,0.22486679610908508,0.3473451327433628
pronostia,ctl_lifefrac,Full_Test_Set_Bearing1_7,44,15,2259,Deg_oracle,0.88,0.12,0.721486,0.0004426737494466578,0.09286318719387054,0.10651707649230957,0.8969302543911746,0.3494751453399658,0.4008592665195465,65.37859146132969,0.4155186031307677,1706,552,0.0,0.09342925250530243,0.6891749197122173,-0.6891749197122173,0.6891749197122173,0.013286093888396812,0.043824701195219126,0.044847969146708744,0.18067846607669616
pronostia,ctl_nodeg,Full_Test_Set_Bearing1_7,44,15,2259,VTOI_mono,0.88,0.12,0.721486,0.0004426737494466578,0.282137393951416,0.3312087655067444,0.0034562340343600173,1.061777114868164,1.2464489936828613,234.91030921101998,1.703287662774359,2256,2,0.0,0.10279511660337448,0.4832732826136804,-0.4832732826136804,0.4832732826136804,0.012400354295837024,0.6007082779991146,0.19683783490093332,0.25442477876106195
pronostia,ctl_scalar,Full_Test_Set_Bearing2_3,44,15,1955,VTOI,0.87,0.13,0.740734,0.0,0.29562506079673767,0.3349806070327759,-0.019255739160795482,0.9627524018287659,1.0909202098846436,176.62673097708438,1.4408825920339758,1946,8,0.0,0.07004567235708237,0.039713188142505754,-0.039713188142505754,0.039713188142505754,0.0020470829068577278,0.15242966751918158,0.07077932316296612,0.2504255300576975
pronostia,ctl_EC,Full_Test_Set_Bearing2_3,44,15,1955,E_norm|C_norm,0.87,0.13,0.740734,0.0,0.29981207847595215,0.3396318852901459,-0.04775734317829272,0.9763880372047424,1.1060678958892822,178.11096254139187,1.4406758934919202,265,1689,0.0076726342710997444,0.07042327523231506,0.056867772501349695,0.056867772501349695,-0.056867772501349695,0.008188331627430911,0.14987212276214834,0.0661101083032491,0.25
pronostia,ctl_hc10,Full_Test_Set_Bearing2_3,44,15,1955,hc_RMS_x|hc_RMS_y|hc_Kurt_x|hc_Kurt_y|hc_CF_x|hc_CF_y|hc_SE_x|hc_SE_y|hc_ESE_x|hc_ESE_y,0.87,0.13,0.740734,0.0,0.31273478269577026,0.35590866208076477,-0.15059090006934817,1.0184730291366577,1.1590759754180908,185.74062217412214,1.4904186523452763,270,1684,0.005115089514066497,0.0985453724861145,0.013260975277029846,-0.013260975277029846,0.013260975277029846,0.009211873080859774,0.16419437340153453,0.08238349714466817,0.2580988917306053
pronostia,ctl_random,Full_Test_Set_Bearing2_3,44,15,1955,VTOI_rand,0.87,0.13,0.740734,0.0,0.29581135511398315,0.33467480540275574,-0.01739573100045333,0.9633590579032898,1.0899244546890259,176.5809906970696,1.4393186386562693,287,1667,0.0034100596760443308,0.06539912521839142,0.06438742614545513,0.06438742614545513,-0.06438742614545513,0.019447287615148412,0.2143222506393862,0.1016443039847796,0.2570267237329714
pronostia,ctl_shuffled,Full_Test_Set_Bearing2_3,44,15,1955,VTOI_shuf,0.87,0.13,0.740734,0.0,0.3018108904361725,0.34303948283195496,-0.0688875607257311,0.9828974008560181,1.1171653270721436,179.1789750255366,1.4458551757373488,266,1688,0.005967604433077579,0.08724907785654068,0.05914650225384968,-0.05914650225384968,0.05914650225384968,0.011258955987717503,0.2020460358056266,0.08517489717159303,0.25085251491901106
pronostia,ctl_elapsed,Full_Test_Set_Bearing2_3,44,15,1955,elapsed_norm,0.87,0.13,0.740734,0.0,0.23914365470409393,0.26419591903686523,0.3659899868245088,0.7788112163543701,0.8603981733322144,135.87643425021298,1.0683210050942058,1946,8,0.0,0.06797296553850174,0.08348015708561138,0.08348015708561138,-0.08348015708561138,0.00511770726714432,0.15191815856777494,0.08459571748162352,0.2602040816326531
pronostia,ctl_lifefrac,Full_Test_Set_Bearing2_3,44,15,1955,Deg_oracle,0.87,0.13,0.740734,0.0,0.07482462376356125,0.09212835878133774,0.9229042453450833,0.24367885291576385,0.3000313639640808,42.03456509503386,0.3480475608318987,1574,380,0.0,0.07265187054872513,0.26568818895466806,0.26568818895466806,-0.26568818895466806,0.03172978505629478,0.10741687979539642,0.06911353319280653,0.25282939262661586
pronostia,ctl_nodeg,Full_Test_Set_Bearing2_3,44,15,1955,VTOI_mono,0.87,0.13,0.740734,0.0,0.30926892161369324,0.3554299473762512,-0.14749782400114508,1.0071858167648315,1.1575169563293457,183.81006173352142,1.4773704360334483,265,1689,0.03324808184143223,0.08511790633201599,0.05443211685705906,0.05443211685705906,-0.05443211685705906,0.009211873080859774,0.5662404092071611,0.1867208967406401,0.23806479113384485
pronostia,ctl_scalar,Full_Test_Set_Bearing2_4,44,15,751,VTOI,0.88,0.12,0.752921,0.0,0.2870887219905853,0.3255097568035126,0.038856130846678716,0.35886090993881226,0.4068871736526489,24.532323727695243,0.5467508077359797,743,7,0.0,0.09778113663196564,0.0051200256258032,0.0051200256258032,-0.0051200256258032,0.008,0.15046604527296936,0.06600467289719626,0.25
pronostia,ctl_EC,Full_Test_Set_Bearing2_4,44,15,751,E_norm|C_norm,0.88,0.12,0.752921,0.0,0.2878047227859497,0.3250492215156555,0.041573809171734144,0.3597559332847595,0.4063115417957306,24.53109389977695,0.5448781687688187,743,7,0.0,0.09706445038318634,0.07482313140198017,-0.07482313140198017,0.07482313140198017,0.008,0.03994673768308921,0.019206145966709345,0.19736842105263158
pronostia,ctl_hc10,Full_Test_Set_Bearing2_4,44,15,751,hc_RMS_x|hc_RMS_y|hc_Kurt_x|hc_Kurt_y|hc_CF_x|hc_CF_y|hc_SE_x|hc_SE_y|hc_ESE_x|hc_ESE_y,0.88,0.12,0.752921,0.0,0.2934947907924652,0.32960569858551025,0.014515388487525871,0.3668684959411621,0.4120071530342102,25.0355439091581,0.5564296910726526,-1,0,0.0,0.10726197808980942,0.029413663068550564,0.029413663068550564,-0.029413663068550564,0.013333333333333334,0.03994673768308921,0.019206145966709345,0.19736842105263158
pronostia,ctl_random,Full_Test_Set_Bearing2_4,44,15,751,VTOI_rand,0.88,0.12,0.752921,0.0,0.28641197085380554,0.3253442645072937,0.039833280556223594,0.3580150008201599,0.40668031573295593,24.498876087974864,0.5467368558045481,743,7,0.0,0.09643901884555817,0.07645489846869731,-0.07645489846869731,0.07645489846869731,0.0026666666666666666,0.24900133155792276,0.15647305553589655,0.27062516172436996
pronostia,ctl_shuffled,Full_Test_Set_Bearing2_4,44,15,751,VTOI_shuf,0.88,0.12,0.752921,0.0,0.28690558671951294,0.3256019651889801,0.03831135902304261,0.35863196849823,0.4070024788379669,24.523941453752474,0.5467639368693388,743,7,0.0,0.09506925195455551,0.06322332603855076,-0.06322332603855076,0.06322332603855076,0.013333333333333334,0.15046604527296936,0.06600467289719626,0.25
pronostia,ctl_elapsed,Full_Test_Set_Bearing2_4,44,15,751,elapsed_norm,0.88,0.12,0.752921,0.0,0.2540512681007385,0.32659101486206055,0.03246004681272052,0.31756407022476196,0.40823879837989807,23.147599709113695,0.5588243062478973,743,7,0.0,0.0928565040230751,0.14074429096259516,-0.14074429096259516,0.14074429096259516,0.02666666666666667,0.5778961384820239,0.20033222591362126,0.2531578947368421
pronostia,ctl_lifefrac,Full_Test_Set_Bearing2_4,44,15,751,Deg_oracle,0.88,0.12,0.752921,0.0,0.07424653321504593,0.08693958818912506,0.931436098287738,0.09280817210674286,0.10867448151111603,6.0911743543468235,0.1328813805140694,606,144,0.0,0.09661979228258133,0.09688462272978746,0.09688462272978746,-0.09688462272978746,0.010666666666666666,0.19973368841544606,0.08379888268156424,0.25
pronostia,ctl_nodeg,Full_Test_Set_Bearing2_4,44,15,751,VTOI_mono,0.88,0.12,0.752921,0.0,0.28884774446487427,0.32747897505760193,0.027191739399469506,0.36105969548225403,0.409348726272583,24.708708104471864,0.5513371239545273,-1,0,0.0,0.10039813816547394,0.039333052988921105,0.039333052988921105,-0.039333052988921105,0.06666666666666667,0.15046604527296936,0.06600467289719626,0.25
pronostia,ctl_scalar,Full_Test_Set_Bearing2_5,44,15,2311,VTOI,0.86,0.14,0.738253,0.0,0.3157852292060852,0.3615759611129761,-0.18767841085464898,1.2157732248306274,1.392067551612854,265.4527115459134,1.7817263456006271,13,2297,0.03463203463203463,0.10632894933223724,0.2804023227225785,0.2804023227225785,-0.2804023227225785,0.025108225108225107,0.5941151016875811,0.18639695900081454,0.24765512265512266
pronostia,ctl_EC,Full_Test_Set_Bearing2_5,44,15,2311,E_norm|C_norm,0.86,0.14,0.738253,0.0,0.30459165573120117,0.3485015630722046,-0.10333949405579945,1.1726778745651245,1.341731071472168,259.1416804803902,1.773564572956845,86,2224,0.007936507936507936,0.09064790606498718,0.2953575460635348,0.2953575460635348,-0.2953575460635348,0.0008658008658008658,0.1635655560363479,0.0770863548951988,0.2555916305916306
pronostia,ctl_hc10,Full_Test_Set_Bearing2_5,44,15,2311,hc_RMS_x|hc_RMS_y|hc_Kurt_x|hc_Kurt_y|hc_CF_x|hc_CF_y|hc_SE_x|hc_SE_y|hc_ESE_x|hc_ESE_y,0.86,0.14,0.738253,0.0,0.31165921688079834,0.3539726436138153,-0.13825392447278717,1.1998881101608276,1.3627947568893433,263.50946579958145,1.7879980222804834,115,2195,0.005050505050505051,0.13273228704929352,0.25952308368625654,0.25952308368625654,-0.25952308368625654,0.022510822510822513,0.04889658156642146,0.02485721595194349,0.2399456386525352
pronostia,ctl_random,Full_Test_Set_Bearing2_5,44,15,2311,VTOI_rand,0.86,0.14,0.738253,0.0,0.3002457022666931,0.34493306279182434,-0.0808598975093846,1.1559460163116455,1.32799232006073,256.8504217008386,1.770400375572901,86,2224,0.005050505050505051,0.08967727422714233,0.2805800400288054,0.2805800400288054,-0.2805800400288054,0.01038961038961039,0.5828645607961921,0.18426812585499316,0.24296536796536797
pronostia,ctl_shuffled,Full_Test_Set_Bearing2_5,44,15,2311,VTOI_shuf,0.86,0.14,0.738253,0.0,0.3235716223716736,0.3665664494037628,-0.22068934152494357,1.2457507848739624,1.411280870437622,270.0639407886888,1.7952312075606318,14,2296,0.032467532467532464,0.12289036810398102,0.3614869681613842,0.3614869681613842,-0.3614869681613842,0.006060606060606061,0.0597144093466032,0.041280495995136196,0.24196708463949843
pronostia,ctl_elapsed,Full_Test_Set_Bearing2_5,44,15,2311,elapsed_norm,0.86,0.14,0.738253,0.0,0.2360384464263916,0.258729487657547,0.3918767589127309,0.9087480306625366,0.9961085319519043,186.83346599091422,1.2173353661416313,-1,0,0.0,0.06538277119398117,0.05441155859421221,0.05441155859421221,-0.05441155859421221,0.01645021645021645,0.20121159671138036,0.09581427328599894,0.25646551724137934
pronostia,ctl_lifefrac,Full_Test_Set_Bearing2_5,44,15,2311,Deg_oracle,0.86,0.14,0.738253,0.0,0.07381382584571838,0.08635957539081573,0.932248221750195,0.2841832637786865,0.3324843645095825,58.25272249427928,0.40982296827544623,1862,448,0.0,0.07193061709403992,0.373141299172774,0.373141299172774,-0.373141299172774,0.009523809523809525,0.5997403721332757,0.1874492832025967,0.25
pronostia,ctl_nodeg,Full_Test_Set_Bearing2_5,44,15,2311,VTOI_mono,0.86,0.14,0.738253,0.0,0.3038428723812103,0.34785205125808716,-0.0992308034509326,1.1697951555252075,1.3392304182052612,259.0132787162018,1.7768206240128515,14,2296,0.012987012987012988,0.08712225407361984,0.402847667521278,0.402847667521278,-0.402847667521278,0.011255411255411256,0.06057983556901774,0.049936653758033564,0.25473320390343146
pronostia,ctl_scalar,Full_Test_Set_Bearing2_6,44,15,701,VTOI,0.88,0.12,0.719201,0.0,0.2800523042678833,0.3177582621574402,0.08422971363286058,0.3267277181148529,0.37071800231933594,20.770643525314988,0.4956664161028582,687,13,0.0,0.07423578947782516,0.04520586259314803,-0.04520586259314803,0.04520586259314803,0.002857142857142857,0.16690442225392296,0.1912042875157629,0.3333333333333333
pronostia,ctl_EC,Full_Test_Set_Bearing2_6,44,15,701,E_norm|C_norm,0.88,0.12,0.719201,0.0,0.2808517813682556,0.3172639012336731,0.0870770817618497,0.3276604115962982,0.3701412081718445,20.677024322814702,0.4882867726857393,687,13,0.0,0.07950242608785629,0.042034184775925264,-0.042034184775925264,0.042034184775925264,0.014285714285714285,0.03138373751783167,0.015214384508990318,0.1527777777777778
pronostia,ctl_hc10,Full_Test_Set_Bearing2_6,44,15,701,hc_RMS_x|hc_RMS_y|hc_Kurt_x|hc_Kurt_y|hc_CF_x|hc_CF_y|hc_SE_x|hc_SE_y|hc_ESE_x|hc_ESE_y,0.88,0.12,0.719201,0.0,0.2824518382549286,0.32018035650253296,0.07021575801404911,0.3295271694660187,0.37354376912117004,21.05018767089382,0.5057433783760913,695,5,0.0,0.09241849929094315,0.0014518441317917582,0.0014518441317917582,-0.0014518441317917582,0.002857142857142857,0.14978601997146934,0.06628787878787878,0.25
pronostia,ctl_random,Full_Test_Set_Bearing2_6,44,15,701,VTOI_rand,0.88,0.12,0.719201,0.0,0.2787061035633087,0.31824037432670593,0.08144884115484985,0.32515716552734375,0.3712804317474365,20.779864161770032,0.49945594868709076,687,13,0.0,0.06830037385225296,0.04412929265073823,0.04412929265073823,-0.04412929265073823,0.024285714285714285,0.5991440798858774,0.1897018970189702,0.25
pronostia,ctl_shuffled,Full_Test_Set_Bearing2_6,44,15,701,VTOI_shuf,0.88,0.12,0.719201,0.0,0.28266194462776184,0.3195257782936096,0.07401348093011295,0.32977232336997986,0.37278011441230774,20.956634459157222,0.49982928635470153,687,13,0.0,0.07214982062578201,0.04852550405651408,-0.04852550405651408,0.04852550405651408,0.025714285714285714,0.19971469329529243,0.08464328899637243,0.25
pronostia,ctl_elapsed,Full_Test_Set_Bearing2_6,44,15,701,elapsed_norm,0.88,0.12,0.719201,0.0,0.27759769558906555,0.31622931361198425,0.09302123181677968,0.3238639831542969,0.3689342439174652,20.645853715006155,0.4946835573414572,687,13,0.0,0.09103518724441528,0.060732026153610785,-0.060732026153610785,0.060732026153610785,0.012857142857142857,0.5991440798858774,0.1897018970189702,0.25
pronostia,ctl_lifefrac,Full_Test_Set_Bearing2_6,44,15,701,Deg_oracle,0.88,0.12,0.719201,0.0,0.06010555103421211,0.07344377785921097,0.9510781616882796,0.07012315094470978,0.0856844037771225,4.2801213069122115,0.09969981715014037,552,148,0.0,0.08541764318943024,0.1573241721101585,-0.1573241721101585,0.1573241721101585,0.011428571428571429,0.19971469329529243,0.08323424494649227,0.25
pronostia,ctl_nodeg,Full_Test_Set_Bearing2_6,44,15,701,VTOI_mono,0.88,0.12,0.719201,0.0,0.29088321328163147,0.3243468701839447,0.04585953470442761,0.33936378359794617,0.37840473651885986,21.355093633657503,0.5020615203922532,-1,0,0.0,0.10644493997097015,0.1264885609931183,-0.1264885609931183,0.1264885609931183,0.014285714285714285,0.19971469329529243,0.08454106280193237,0.25
pronostia,ctl_scalar,Full_Test_Set_Bearing2_7,44,15,230,VTOI,0.88,0.12,0.726412,0.0,0.2734057307243347,0.3122466206550598,0.1199342021565365,0.10434986650943756,0.11917413026094437,2.1539555506773644,0.15966271647535588,225,4,0.0,0.15097421407699585,0.23280530478689496,-0.23280530478689496,0.23280530478689496,0.021834061135371178,0.1608695652173913,0.09393939393939393,0.266304347826087
pronostia,ctl_EC,Full_Test_Set_Bearing2_7,44,15,230,E_norm|C_norm,0.88,0.12,0.726412,0.0,0.27502521872520447,0.31242460012435913,0.11893064520208907,0.10496796667575836,0.11924206465482712,2.1459231107964403,0.15676578835219793,225,4,0.0,0.15688098967075348,0.17568767614942185,-0.17568767614942185,0.17568767614942185,0.004366812227074236,0.1956521739130435,0.08333333333333333,0.24456521739130435
pronostia,ctl_hc10,Full_Test_Set_Bearing2_7,44,15,230,hc_RMS_x|hc_RMS_y|hc_Kurt_x|hc_Kurt_y|hc_CF_x|hc_CF_y|hc_SE_x|hc_SE_y|hc_ESE_x|hc_ESE_y,0.88,0.12,0.726412,0.0,0.26934435963630676,0.3085433840751648,0.14068543002109124,0.10279976576566696,0.11776074022054672,2.108922022950159,0.15488535478994575,225,4,0.0,0.15326949954032898,0.3099958177577594,-0.3099958177577594,0.3099958177577594,0.013100436681222707,0.6,0.19060773480662985,0.25
pronostia,ctl_random,Full_Test_Set_Bearing2_7,44,15,230,VTOI_rand,0.88,0.12,0.726412,0.0,0.2759818434715271,0.3137139678001404,0.11164335474894238,0.10533308982849121,0.11973416805267334,2.1691836995386433,0.1602236119908807,225,4,0.0,0.1591200977563858,0.24307596592527855,-0.24307596592527855,0.24307596592527855,0.039301310043668124,0.6217391304347826,0.32949662369551874,0.3541666666666667
pronostia,ctl_shuffled,Full_Test_Set_Bearing2_7,44,15,230,VTOI_shuf,0.88,0.12,0.726412,0.0,0.2835038900375366,0.31972283124923706,0.07728631623185755,0.10820398479700089,0.12202755361795425,2.204121117190833,0.16009319409647066,225,4,0.0,0.15598759055137634,0.3184271910127985,-0.3184271910127985,0.3184271910127985,0.03056768558951965,0.02608695652173913,0.014270786684579788,0.10597826086956522
pronostia,ctl_elapsed,Full_Test_Set_Bearing2_7,44,15,230,elapsed_norm,0.88,0.12,0.726412,0.0,0.276197224855423,0.31730738282203674,0.09117542534905276,0.10541527718305588,0.12110566347837448,2.1883788304753446,0.16352718996855875,225,4,0.0,0.1622564196586609,0.31876278820179543,-0.31876278820179543,0.31876278820179543,0.021834061135371178,0.14782608695652175,0.06640625,0.25
pronostia,ctl_lifefrac,Full_Test_Set_Bearing2_7,44,15,230,Deg_oracle,0.88,0.12,0.726412,0.0,0.0644824281334877,0.07442054897546768,0.9500074327068773,0.024610798805952072,0.02840384468436241,0.5120807749002239,0.038902500850836866,188,41,0.0,0.16126005351543427,0.0880117927018517,-0.0880117927018517,0.0880117927018517,0.03056768558951965,0.030434782608695653,0.014767932489451477,0.14583333333333334
pronostia,ctl_nodeg,Full_Test_Set_Bearing2_7,44,15,230,VTOI_mono,0.88,0.12,0.726412,0.0,0.2842782735824585,0.31326523423194885,0.11418296048705545,0.10849954187870026,0.11956289410591125,2.167416897632285,0.15275802712320632,222,7,0.0,0.16699539124965668,0.2262738767767474,-0.2262738767767474,0.2262738767767474,0.004366812227074236,0.14782608695652175,0.06640625,0.25
pronostia,ctl_scalar,Full_Test_Set_Bearing3_3,44,15,434,VTOI,0.88,0.12,0.702101,0.0,0.23933954536914825,0.2627700865268707,0.3746524505822624,0.17272335290908813,0.18963243067264557,6.540705176068225,0.24396528948789403,386,47,0.0,0.09158209711313248,0.661351537657745,-0.661351537657745,0.661351537657745,0.03002309468822171,0.2350230414746544,0.23282547391508696,0.4204545454545454
pronostia,ctl_EC,Full_Test_Set_Bearing3_3,44,15,434,E_norm|C_norm,0.88,0.12,0.702101,0.0,0.2273307591676712,0.24729838967323303,0.44612443242038347,0.16405703127384186,0.1784670203924179,6.143010355168444,0.22542207849143323,423,10,0.0,0.08313388377428055,0.6117687878869691,-0.6117687878869691,0.6117687878869691,0.006928406466512702,0.2857142857142857,0.24644094908024528,0.3923076923076923
pronostia,ctl_hc10,Full_Test_Set_Bearing3_3,44,15,434,hc_RMS_x|hc_RMS_y|hc_Kurt_x|hc_Kurt_y|hc_CF_x|hc_CF_y|hc_SE_x|hc_SE_y|hc_ESE_x|hc_ESE_y,0.88,0.12,0.702101,0.0,0.2058788239955902,0.22756798565387726,0.5309793921492987,0.14857588708400726,0.16422823071479797,5.503935383319999,0.19865627195106708,358,75,0.0,0.07026636600494385,0.6056449448546681,-0.6056449448546681,0.6056449448546681,0.016166281755196306,0.059907834101382486,0.12518870561923398,0.11503496503496505
pronostia,ctl_random,Full_Test_Set_Bearing3_3,44,15,434,VTOI_rand,0.88,0.12,0.702101,0.0,0.2788602411746979,0.34910544753074646,-0.103780992109054,0.20124416053295135,0.2519378066062927,8.331604029515617,0.34891845038362396,-1,0,0.0,0.1462678611278534,0.5553734824792687,-0.5553734824792687,0.5553734824792687,0.06235565819861432,0.6129032258064516,0.2960963455149502,0.3181818181818182
pronostia,ctl_shuffled,Full_Test_Set_Bearing3_3,44,15,434,VTOI_shuf,0.88,0.12,0.702101,0.0,0.2069937288761139,0.2277468740940094,0.5302417222781464,0.14938049018383026,0.16435731947422028,5.583487209226525,0.2045822345924216,351,82,0.0,0.0765952616930008,0.6302981413128189,-0.6302981413128189,0.6302981413128189,0.04387990762124711,0.03456221198156682,0.030250071042909915,0.050884173297966406
pronostia,ctl_elapsed,Full_Test_Set_Bearing3_3,44,15,434,elapsed_norm,0.88,0.12,0.702101,0.0,0.25589728355407715,0.2963198125362396,0.20477322593360114,0.184672549366951,0.21384413540363312,7.3827936702921,0.29717844672831556,423,10,0.0,0.1264423429965973,0.5013623867184744,-0.5013623867184744,0.5013623867184744,0.04387990762124711,0.17050691244239632,0.22994467496542184,0.3823426573426574
pronostia,ctl_lifefrac,Full_Test_Set_Bearing3_3,44,15,434,Deg_oracle,0.88,0.12,0.702101,0.0,0.18880033493041992,0.20394735038280487,0.6232912473676365,0.13625091314315796,0.14718200266361237,5.1308093326359385,0.19079068931107182,373,60,0.0,0.08663883805274963,0.5808749845855038,-0.5808749845855038,0.5808749845855038,0.016166281755196306,0.07373271889400922,0.10875556497774008,0.24335664335664337
pronostia,ctl_nodeg,Full_Test_Set_Bearing3_3,44,15,434,VTOI_mono,0.88,0.12,0.702101,0.0,0.24526961147785187,0.26792392134666443,0.34988133720011205,0.1770029067993164,0.19335179030895233,6.739469438085191,0.25348866885111665,403,30,0.0,0.0959835946559906,0.6135088858663321,-0.6135088858663321,0.6135088858663321,0.011547344110854504,0.12211981566820276,0.05614406779661017,0.20384615384615384
pronostia,ctl_scalar,Learning_set_Bearing1_1,44,15,2803,VTOI,0.88,0.12,0.715734,0.07670353193007493,0.22352442145347595,0.24477750062942505,0.4556267936772659,1.0438591241836548,1.143110990524292,266.7762086915438,1.4631105561887223,2442,360,0.0,0.10746356099843979,0.8965927160426651,-0.8965927160426651,0.8965927160426651,0.008565310492505354,0.13521227256510882,0.16647019577508604,0.30721444774939854
pronostia,ctl_EC,Learning_set_Bearing1_1,44,15,2803,E_norm|C_norm,0.88,0.12,0.715734,0.07670353193007493,0.19803501665592194,0.2214173525571823,0.5545724675357104,0.9248235821723938,1.0340189933776855,229.52293858256436,1.2189914394705648,2290,512,0.0,0.10484239459037781,0.8979532965081272,-0.8979532965081272,0.8979532965081272,0.0046395431834403995,0.6460934712807705,0.30153282691264244,0.4982164090368609
pronostia,ctl_hc10,Learning_set_Bearing1_1,44,15,2803,hc_RMS_x|hc_RMS_y|hc_Kurt_x|hc_Kurt_y|hc_CF_x|hc_CF_y|hc_SE_x|hc_SE_y|hc_ESE_x|hc_ESE_y,0.88,0.12,0.715734,0.07670353193007493,0.25852906703948975,0.2916479706764221,0.22719180169533248,1.2073307037353516,1.361996054649353,324.4746202563666,1.8334011132501615,2786,16,0.0,0.11059639602899551,0.8853480559403066,-0.8853480559403066,0.8853480559403066,0.0053533190578158455,0.050303246521584015,0.023947010869565216,0.25
pronostia,ctl_random,Learning_set_Bearing1_1,44,15,2803,VTOI_rand,0.88,0.12,0.715734,0.07670353193007493,0.20132242143154144,0.22255192697048187,0.5499958775894647,0.9401757121086121,1.0393174886703491,237.0012241661993,1.2905209579950585,2380,422,0.0,0.12708982825279236,0.8898902937821762,-0.8898902937821762,0.8898902937821762,0.0035688793718772305,0.27827327863003926,0.2432597022211374,0.38705357142857144
pronostia,ctl_shuffled,Learning_set_Bearing1_1,44,15,2803,VTOI_shuf,0.88,0.12,0.715734,0.07670353193007493,0.20062242448329926,0.22209376096725464,0.5518468067753594,0.9369067549705505,1.0371779203414917,233.8754029065991,1.2560659511120478,1317,1485,0.002379535990481856,0.1046685054898262,0.8979897651870505,-0.8979897651870505,0.8979897651870505,0.0007137758743754461,0.05957902247591866,0.13463867117848907,0.2454533941236069
pronostia,ctl_elapsed,Learning_set_Bearing1_1,44,15,2803,elapsed_norm,0.88,0.12,0.715734,0.07670353193007493,0.2273997962474823,0.2586475908756256,0.39218615140053226,1.0619570016860962,1.2078841924667358,256.5579358681507,1.2759576030527422,1317,1485,0.002379535990481856,0.12335719913244247,0.6455276304016918,-0.6455276304016918,0.6455276304016918,0.017130620985010708,0.20799143774527293,0.17613942719401188,0.3209821428571429
pronostia,ctl_lifefrac,Learning_set_Bearing1_1,44,15,2803,Deg_oracle,0.88,0.12,0.715734,0.07670353193007493,0.18997822701931,0.21653354167938232,0.5740053382243648,0.8871983289718628,1.011211633682251,220.18022799176418,1.166615320814164,1317,1485,0.002379535990481856,0.14402204751968384,0.8304457968552705,-0.8304457968552705,0.8304457968552705,0.013561741613133477,0.0049946485907955765,0.0030632250858693825,0.011827358514433173
pronostia,ctl_nodeg,Learning_set_Bearing1_1,44,15,2803,VTOI_mono,0.88,0.12,0.715734,0.07670353193007493,0.20359477400779724,0.22548417747020721,0.5380596607366588,0.9507876038551331,1.0530110597610474,238.01851492351142,1.2806304633269194,1317,1485,0.002379535990481856,0.1128101795911789,0.8757892326815064,-0.8757892326815064,0.8757892326815064,0.004996431120628123,0.213699607563325,0.17298676079603673,0.3182687436676798
pronostia,ctl_scalar,Learning_set_Bearing1_2,44,15,871,VTOI,0.88,0.12,0.733679,0.0,0.26186421513557434,0.3185370862483978,0.07931509566082418,0.3797031342983246,0.46187883615493774,30.717461152791973,0.6007682869834216,829,41,0.0,0.07283757627010345,0.20983838933660204,-0.20983838933660204,0.20983838933660204,0.020689655172413793,0.20780711825487944,0.09873473591290276,0.24377394636015326
pronostia,ctl_EC,Learning_set_Bearing1_2,44,15,871,E_norm|C_norm,0.88,0.12,0.733679,0.0,0.25402817130088806,0.30857187509536743,0.13602005850903187,0.3683408498764038,0.44742923974990845,30.30467429193516,0.60730021311415,832,38,0.0,0.06281696259975433,0.34325768619519004,-0.34325768619519004,0.34325768619519004,0.009195402298850575,0.15269804822043628,0.07326680672268908,0.25287356321839083
pronostia,ctl_hc10,Learning_set_Bearing1_2,44,15,871,hc_RMS_x|hc_RMS_y|hc_Kurt_x|hc_Kurt_y|hc_CF_x|hc_CF_y|hc_SE_x|hc_SE_y|hc_ESE_x|hc_ESE_y,0.88,0.12,0.733679,0.0,0.27042004466056824,0.31143438816070557,0.11991614157891095,0.3921090364456177,0.45157986879348755,31.102772568034855,0.5942951618441424,841,29,0.0,0.061594948172569275,0.33440482047842424,-0.33440482047842424,0.33440482047842424,0.009195402298850575,0.5935706084959816,0.21083224585071772,0.25618218244567287
pronostia,ctl_random,Learning_set_Bearing1_2,44,15,871,VTOI_rand,0.88,0.12,0.733679,0.0,0.2598298490047455,0.3089157044887543,0.1340937688001096,0.3767533302307129,0.4479277729988098,30.764565039634906,0.6110963084613081,835,35,0.0,0.06349767744541168,0.235692670465383,-0.235692670465383,0.235692670465383,0.02528735632183908,0.1549942594718714,0.10382174795266215,0.26801062081728044
pronostia,ctl_shuffled,Learning_set_Bearing1_2,44,15,871,VTOI_shuf,0.88,0.12,0.733679,0.0,0.27901050448417664,0.321681946516037,0.06104611900386825,0.4045652151107788,0.46643880009651184,32.76763277930441,0.6430571016002271,-1,0,0.0,0.09860684722661972,0.06933703175751843,-0.06933703175751843,0.06933703175751843,0.01839080459770115,0.2330654420206659,0.12026805759524653,0.24856321839080459
pronostia,ctl_elapsed,Learning_set_Bearing1_2,44,15,871,elapsed_norm,0.88,0.12,0.733679,0.0,0.2631649076938629,0.30634522438049316,0.14844406479339112,0.3815891444683075,0.4442006051540375,30.72013767778843,0.5995298847689772,835,35,0.0,0.0660090371966362,0.045822117867214705,-0.045822117867214705,0.045822117867214705,0.03218390804597701,0.20436280137772675,0.09067390028496072,0.2509578544061303
pronostia,ctl_lifefrac,Learning_set_Bearing1_2,44,15,871,Deg_oracle,0.88,0.12,0.733679,0.0,0.24849510192871094,0.29732558131217957,0.1978501430083568,0.3603179156780243,0.43112215399742126,29.401336090425364,0.5844202475022443,835,35,0.0,0.06288737803697586,0.28993133667331494,-0.28993133667331494,0.28993133667331494,0.0022988505747126436,0.0057405281285878304,0.010869565217391304,0.007183908045977011
pronostia,ctl_nodeg,Learning_set_Bearing1_2,44,15,871,VTOI_mono,0.88,0.12,0.733679,0.0,0.2536490857601166,0.30454230308532715,0.1584379256983559,0.36779120564460754,0.44158634543418884,30.14656128907196,0.6019717373523805,832,38,0.0,0.06326818466186523,0.23672699937742928,-0.23672699937742928,0.23672699937742928,0.0,0.27898966704936856,0.14464748262537333,0.12821456204583342
pronostia,ctl_scalar,Learning_set_Bearing2_1,44,15,911,VTOI,0.88,0.12,0.72736,0.0,0.27886050939559937,0.31639084219932556,0.09160516014282749,0.42293843626976013,0.47985947132110596,35.06759320125127,0.6380394834347282,-1,0,0.0,0.07443588227033615,0.327169810627178,-0.327169810627178,0.327169810627178,0.03956043956043956,0.145993413830955,0.08586058308560832,0.25353062519834973
pronostia,ctl_EC,Learning_set_Bearing2_1,44,15,911,E_norm|C_norm,0.88,0.12,0.72736,0.0,0.3017808198928833,0.32940977811813354,0.015309514750377673,0.4577009677886963,0.49960482120513916,36.47286579035607,0.6255844735047698,899,11,0.0,0.06786883622407913,0.1037181675457016,-0.1037181675457016,0.1037181675457016,0.01098901098901099,0.20417124039517015,0.09058953939500014,0.25
pronostia,ctl_hc10,Learning_set_Bearing2_1,44,15,911,hc_RMS_x|hc_RMS_y|hc_Kurt_x|hc_Kurt_y|hc_CF_x|hc_CF_y|hc_SE_x|hc_SE_y|hc_ESE_x|hc_ESE_y,0.88,0.12,0.72736,0.0,0.28477975726127625,0.3171667456626892,0.08714430199019807,0.43191593885421753,0.4810362458229065,33.96713632494337,0.5709014939707545,898,12,0.0,0.08105184137821198,0.35762329887479766,-0.35762329887479766,0.35762329887479766,0.0,0.29637760702524696,0.16013598982561628,0.21521149167134568
pronostia,ctl_random,Learning_set_Bearing2_1,44,15,911,VTOI_rand,0.88,0.12,0.72736,0.0,0.2705048620700836,0.3184828460216522,0.07955285147145053,0.41026565432548523,0.4830322861671448,33.596900302270065,0.5992006592204105,875,35,0.0,0.0784439966082573,0.3273649374601599,-0.3273649374601599,0.3273649374601599,0.02197802197802198,0.18990120746432493,0.23260947126183562,0.37378984867877285
pronostia,ctl_shuffled,Learning_set_Bearing2_1,44,15,911,VTOI_shuf,0.88,0.12,0.72736,0.0,0.28883370757102966,0.31999292969703674,0.0708033978729472,0.43806445598602295,0.48532262444496155,35.62628651928925,0.6306993055901604,898,12,0.0,0.06242070347070694,0.19640909111246196,-0.19640909111246196,0.19640909111246196,0.015384615384615385,0.5762897914379802,0.21521912373772628,0.25503663003663
pronostia,ctl_elapsed,Learning_set_Bearing2_1,44,15,911,elapsed_norm,0.88,0.12,0.72736,0.0,0.2883027195930481,0.318096786737442,0.08178295540967451,0.43725907802581787,0.4824467897415161,35.45444664863024,0.6253033076652196,902,8,0.0,0.07603257894515991,0.3025062198795268,-0.3025062198795268,0.3025062198795268,0.013186813186813187,0.031833150384193196,0.017432512482017434,0.15354753941710464
pronostia,ctl_lifefrac,Learning_set_Bearing2_1,44,15,911,Deg_oracle,0.88,0.12,0.72736,0.0,0.13233685493469238,0.1674702763557434,0.7454915301044247,0.20071089267730713,0.2539965510368347,14.941059253308655,0.23349003977184188,684,226,0.0,0.08096630126237869,0.3361867147780947,-0.3361867147780947,0.3361867147780947,0.024175824175824177,0.17672886937431395,0.1588543762367098,0.4088236422416048
pronostia,ctl_nodeg,Learning_set_Bearing2_1,44,15,911,VTOI_mono,0.88,0.12,0.72736,0.0,0.29147636890411377,0.3216739892959595,0.061015057277053475,0.44207248091697693,0.4878722131252289,35.939228732366644,0.635844385560651,902,8,0.0,0.06438260525465012,0.2023853181023287,-0.2023853181023287,0.2023853181023287,0.004395604395604396,0.06915477497255763,0.04197106684071558,0.21796862557732122
pronostia,ctl_scalar,Learning_set_Bearing2_2,44,15,797,VTOI,0.88,0.12,0.746969,0.0,0.3354138135910034,0.3895995318889618,-0.37705960001020644,0.44498229026794434,0.5168687701225281,28.240657842288343,0.46204498924730975,296,500,0.303347280334728,0.12404312193393707,0.7558105591610714,-0.7558105591610714,0.7558105591610714,0.010050251256281407,0.1618569636135508,0.07313928114122888,0.07319560669456067
pronostia,ctl_EC,Learning_set_Bearing2_2,44,15,797,E_norm|C_norm,0.88,0.12,0.746969,0.0,0.3679676353931427,0.4310359060764313,-0.6855538693330183,0.4881703853607178,0.5718409419059753,30.92729727960653,0.4994995579382912,268,528,0.3514644351464435,0.13696512579917908,0.7182637536607432,-0.7182637536607432,0.7182637536607432,0.005025125628140704,0.21831869510664995,0.19635020065857173,0.2715242690981816
pronostia,ctl_hc10,Learning_set_Bearing2_2,44,15,797,hc_RMS_x|hc_RMS_y|hc_Kurt_x|hc_Kurt_y|hc_CF_x|hc_CF_y|hc_SE_x|hc_SE_y|hc_ESE_x|hc_ESE_y,0.88,0.12,0.746969,0.0,0.29138511419296265,0.3299504518508911,0.012326725877081723,0.3865709602832794,0.43773430585861206,24.745406434638777,0.4178912127834547,321,475,0.200836820083682,0.12528462707996368,0.791999291744204,-0.791999291744204,0.791999291744204,0.017587939698492462,0.19949811794228356,0.08315899581589958,0.25
pronostia,ctl_random,Learning_set_Bearing2_2,44,15,797,VTOI_rand,0.88,0.12,0.746969,0.0,0.38614267110824585,0.45888590812683105,-0.9104043108959712,0.51228266954422,0.6087886691093445,32.44730359098715,0.5201313552041181,274,522,0.3619246861924686,0.14807511866092682,0.6947937108647846,-0.6947937108647846,0.6947937108647846,0.03015075376884422,0.2396486825595985,0.12937374497991969,0.11861924686192468
pronostia,ctl_shuffled,Learning_set_Bearing2_2,44,15,797,VTOI_shuf,0.88,0.12,0.746969,0.0,0.3542231619358063,0.4064740538597107,-0.49893049369961084,0.4699361026287079,0.5392556190490723,30.088540089620317,0.5007051214461251,274,522,0.3158995815899582,0.1233794167637825,0.6765081622090865,-0.6765081622090865,0.6765081622090865,0.020100502512562814,0.2245922208281054,0.20537167088801903,0.18514759480013682
pronostia,ctl_elapsed,Learning_set_Bearing2_2,44,15,797,elapsed_norm,0.88,0.12,0.746969,0.0,0.3441343903541565,0.40230056643486023,-0.46830785440637146,0.4565516710281372,0.5337187647819519,28.82724423895042,0.46474202870364434,311,485,0.28661087866108786,0.1547665297985077,0.7657515066259439,-0.7657515066259439,0.7657515066259439,0.022613065326633167,0.14429109159347553,0.10076183970179842,0.23907232704402515
pronostia,ctl_lifefrac,Learning_set_Bearing2_2,44,15,797,Deg_oracle,0.88,0.12,0.746969,0.0,0.16547727584838867,0.22445636987686157,0.5429331381281873,0.21953319013118744,0.29777881503105164,13.860131774358278,0.2297327445394627,402,394,0.14225941422594143,0.2354423701763153,0.7188393729787728,-0.7188393729787728,0.7188393729787728,0.02512562814070352,0.18820577164366373,0.2153233400398742,0.2592140667350859
pronostia,ctl_nodeg,Learning_set_Bearing2_2,44,15,797,VTOI_mono,0.88,0.12,0.746969,0.0,0.30514535307884216,0.3394153118133545,-0.045150025147528305,0.40482616424560547,0.4502909779548645,26.65079437186783,0.4751418507044464,410,386,0.13179916317991633,0.21177855134010315,0.7597740827204755,-0.7597740827204755,0.7597740827204755,0.03015075376884422,0.5821831869510665,0.32132986035517674,0.37330382753085445
pronostia,ctl_scalar,Learning_set_Bearing3_1,44,15,515,VTOI,0.87,0.13,0.759917,0.0,0.24165725708007812,0.2789243161678314,0.29498144924915715,0.20701973140239716,0.2389451563358307,9.399328542028574,0.29772896715756325,496,18,0.0,0.06336954236030579,0.05571859920460035,0.05571859920460035,-0.05571859920460035,0.01556420233463035,0.5106796116504855,0.1979908797406913,0.2264438635797859
pronostia,ctl_EC,Learning_set_Bearing3_1,44,15,515,E_norm|C_norm,0.87,0.13,0.759917,0.0,0.26410824060440063,0.3047099709510803,0.1586026649947393,0.2262527346611023,0.26103487610816956,10.598140628341458,0.3507772068384565,493,21,0.0,0.06896930932998657,0.012675992153857986,0.012675992153857986,-0.012675992153857986,0.023346303501945526,0.19611650485436893,0.34060823039577826,0.44836231729435616
pronostia,ctl_hc10,Learning_set_Bearing3_1,44,15,515,hc_RMS_x|hc_RMS_y|hc_Kurt_x|hc_Kurt_y|hc_CF_x|hc_CF_y|hc_SE_x|hc_SE_y|hc_ESE_x|hc_ESE_y,0.87,0.13,0.759917,0.0,0.2677597999572754,0.30443674325942993,0.1601108324549373,0.22938092052936554,0.260800838470459,10.676152319965556,0.3502837764198702,493,21,0.0,0.06350550800561905,0.1364643173872837,-0.1364643173872837,0.1364643173872837,0.023346303501945526,0.007766990291262136,0.003861003861003861,0.038461538461538464
pronostia,ctl_random,Learning_set_Bearing3_1,44,15,515,VTOI_rand,0.87,0.13,0.759917,0.0,0.26753929257392883,0.30378133058547974,0.16372334418972279,0.22919198870658875,0.2602393329143524,10.65815703372623,0.3492682321566763,496,18,0.0,0.06732770055532455,0.01187974400391049,-0.01187974400391049,0.01187974400391049,0.0311284046692607,0.229126213592233,0.2691914858847081,0.3942307692307692
pronostia,ctl_shuffled,Learning_set_Bearing3_1,44,15,515,VTOI_shuf,0.87,0.13,0.759917,0.0,0.27285581827163696,0.31084638833999634,0.12437232997209624,0.2337465137243271,0.2662917375564575,10.873841867507934,0.35616503870114685,498,16,0.0,0.07997892051935196,0.06280204434646838,-0.06280204434646838,0.06280204434646838,0.01556420233463035,0.011650485436893204,0.005758157389635317,0.057692307692307696
pronostia,ctl_elapsed,Learning_set_Bearing3_1,44,15,515,elapsed_norm,0.87,0.13,0.759917,0.0,0.23834192752838135,0.2987228333950043,0.19134233935914147,0.20417959988117218,0.2559059262275696,9.98221869440972,0.3497672815644408,493,21,0.0,0.057774052023887634,0.04024795389705797,-0.04024795389705797,0.04024795389705797,0.0311284046692607,0.14951456310679612,0.06754385964912281,0.25
pronostia,ctl_lifefrac,Learning_set_Bearing3_1,44,15,515,Deg_oracle,0.87,0.13,0.759917,0.0,0.07961680740118027,0.0917803943157196,0.9236643062639581,0.06820505857467651,0.07862520962953568,3.088841293145099,0.09967538575614684,426,88,0.0,0.05964256078004837,0.3056006323162762,-0.3056006323162762,0.3056006323162762,0.0038910505836575876,0.2,0.08333333333333333,0.25
pronostia,ctl_nodeg,Learning_set_Bearing3_1,44,15,515,VTOI_mono,0.87,0.13,0.759917,0.0,0.2696288526058197,0.30462706089019775,0.15906045242585332,0.23098203539848328,0.2609638571739197,10.686413656422808,0.3475774813054618,493,21,0.0,0.06879550218582153,0.06021896516513238,0.06021896516513238,-0.06021896516513238,0.0,0.23883495145631067,0.3036559609642415,0.4423076923076923
pronostia,ctl_scalar,Learning_set_Bearing3_2,44,15,1637,VTOI,0.89,0.11,0.722953,0.11117898594990837,0.27843043208122253,0.32371658086776733,0.048293409924438424,0.7591870427131653,0.8826672434806824,118.15329284973438,1.1986679548668466,1620,16,0.0,0.11347432434558868,0.08774482279967329,-0.08774482279967329,0.08774482279967329,0.004889975550122249,0.6023213194868662,0.19754706747811807,0.2540650406504065
pronostia,ctl_EC,Learning_set_Bearing3_2,44,15,1637,E_norm|C_norm,0.89,0.11,0.722953,0.11117898594990837,0.28971973061561584,0.3255828320980072,0.03728835215790638,0.7899692058563232,0.8877559304237366,120.00227581492108,1.1834266535777351,1624,12,0.0,0.1240157037973404,0.0016510254481746866,-0.0016510254481746866,0.0016510254481746866,0.019559902200488997,0.15027489309712888,0.06577540106951872,0.25
pronostia,ctl_hc10,Learning_set_Bearing3_2,44,15,1637,hc_RMS_x|hc_RMS_y|hc_Kurt_x|hc_Kurt_y|hc_CF_x|hc_CF_y|hc_SE_x|hc_SE_y|hc_ESE_x|hc_ESE_y,0.89,0.11,0.722953,0.11117898594990837,0.2664080262184143,0.3081589639186859,0.13757216360659608,0.726405918598175,0.8402467966079712,112.13450758921712,1.1330503087983481,1611,25,0.0,0.11975738406181335,0.16457514899257644,-0.16457514899257644,0.16457514899257644,0.0024449877750611247,0.03909590714722053,0.01883460859329017,0.1951219512195122
pronostia,ctl_random,Learning_set_Bearing3_2,44,15,1637,VTOI_rand,0.89,0.11,0.722953,0.11117898594990837,0.2779211103916168,0.32073235511779785,0.06575926685411859,0.7577983140945435,0.8745303153991699,117.35976107270237,1.1854307967674491,1613,23,0.0,0.1446538269519806,0.17809309698663983,-0.17809309698663983,0.17809309698663983,0.004889975550122249,0.596212583995113,0.19727909703099866,0.2515321661466021
pronostia,ctl_shuffled,Learning_set_Bearing3_2,44,15,1637,VTOI_shuf,0.89,0.11,0.722953,0.11117898594990837,0.2807219326496124,0.3247041404247284,0.04247780391048217,0.7654352188110352,0.8853600025177002,118.80659273727791,1.2015838683050901,1616,20,0.0,0.11103587597608566,0.023074384610272718,-0.023074384610272718,0.023074384610272718,0.015281173594132029,0.599877825290165,0.18906430496726992,0.25
pronostia,ctl_elapsed,Learning_set_Bearing3_2,44,15,1637,elapsed_norm,0.89,0.11,0.722953,0.11117898594990837,0.2825186848640442,0.31853416562080383,0.07852135441776087,0.7703343629837036,0.8685365319252014,116.63487961725836,1.1473498031031626,1613,23,0.0,0.12046992778778076,0.05989513743672548,-0.05989513743672548,0.05989513743672548,0.018337408312958436,0.6163714111178986,0.3111969111969112,0.3323170731707317
pronostia,ctl_lifefrac,Learning_set_Bearing3_2,44,15,1637,Deg_oracle,0.89,0.11,0.722953,0.11117898594990837,0.12408413738012314,0.14572639763355255,0.8071366387979924,0.33833611011505127,0.3973473906517029,51.23677007290998,0.5357445975738278,1520,116,0.0,0.15579694509506226,0.16153060379177767,-0.16153060379177767,0.16153060379177767,0.01589242053789731,0.19975565058032987,0.08388917393535146,0.25
pronostia,ctl_nodeg,Learning_set_Bearing3_2,44,15,1637,VTOI_mono,0.89,0.11,0.722953,0.11117898594990837,0.27477139234542847,0.3265652060508728,0.03147000620714491,0.749210000038147,0.8904345631599426,118.33529960010677,1.2191234243209899,1618,18,0.0,0.1136552095413208,0.18572784486855992,-0.18572784486855992,0.18572784486855992,0.0012224938875305623,0.03726328649969456,0.017962308598351,0.18597560975609756
