dataset,config,holdout,seed,n_train_bearings,n_test_windows,hi_cols,vtoi_a,vtoi_b,vtoi_fitness,vtoi_sat_frac_test,rul_mae,rul_rmse,rul_r2,rul_mae_hours,rul_rmse_hours,rul_phm_score,rul_asym_score,first_warning,lead_time,false_alarm_rate,mtoi_rmse,mtoi_spearman,mtoi_spearman_signed,mtoi_spearman_vs_deg,mtoi_monotonicity,stage_acc,stage_macro_f1,stage_bal_acc
xjtu_sy,vtoi_static,35Hz12kN_Bearing1_1,44,13,1845,E_norm|C_norm|VTOI,1.0,0.0,0.921294,0.0,0.1764743626117706,0.1950918287038803,0.658567379831974,0.2152987271547317,0.2380120456218719,2.198586739753174,0.2638344253163512,78,44,0.0,0.0673897489905357,0.8697376928306284,-0.8697376928306284,0.8697376928306284,0.0327868852459016,0.6747967479674797,0.3717303822937625,0.4695945945945946
xjtu_sy,vtoi_traj,35Hz12kN_Bearing1_1,44,13,1845,E_norm|C_norm|VTOI|VTOI_vel|VTOI_acc,1.0,0.0,0.921294,0.0,0.1269842684268951,0.1407799571752548,0.822209521693491,0.1549208164215088,0.1717515587806701,1.6583400107694488,0.2176852825635332,82,40,0.0,0.0927010476589202,0.8093240650543336,-0.8093240650543336,0.8093240650543336,0.1475409836065573,0.065040650406504,0.0764790764790764,0.2638888888888889
xjtu_sy,transformer_vib,35Hz12kN_Bearing1_1,44,13,1845,,1.0,0.0,0.921294,0.0,0.1644287705421447,0.1809587478637695,0.706244502280448,0.2006030678749084,0.2207696735858917,2.014891168995579,0.2349201723993793,78,44,0.0,0.312237799167633,0.6976062863991334,0.6976062863991334,-0.6976062863991334,0.0163934426229508,0.1788617886178861,0.1721502160186108,0.2916666666666667
xjtu_sy,tcn_vib,35Hz12kN_Bearing1_1,44,13,1845,,1.0,0.0,0.921294,0.0,0.2732732594013214,0.3005350530147552,0.1897537453900271,0.3333933055400848,0.3666527569293976,3.6361428182044273,0.4795204613933234,-1,0,0.0,0.3130046129226684,0.8001091045145061,0.8001091045145061,-0.8001091045145061,0.0491803278688524,0.056910569105691,0.0269230769230769,0.25
xjtu_sy,tcn_transformer_vib,35Hz12kN_Bearing1_1,44,13,1845,,1.0,0.0,0.921294,0.0,0.2974384725093841,0.3320713937282562,0.0107871331960672,0.3628748655319214,0.4051271378993988,3.9910490582789366,0.5296833917074572,-1,0,0.0,0.6899017691612244,0.696523543447598,0.696523543447598,-0.696523543447598,0.0163934426229508,0.6016260162601627,0.1878172588832487,0.25
xjtu_sy,cnn_bilstm_attn_vib,35Hz12kN_Bearing1_1,44,13,1845,,1.0,0.0,0.921294,0.0,0.1636833697557449,0.1794207841157913,0.7112165390258125,0.1996937245130539,0.218893364071846,2.229712823257481,0.3106155249827761,119,3,0.0,0.366380363702774,0.7659406350414647,-0.7659406350414647,0.7659406350414647,0.1311475409836065,0.056910569105691,0.0744680851063829,0.25
xjtu_sy,abl_no_idxhead,35Hz12kN_Bearing1_1,44,13,1845,,1.0,0.0,0.921294,0.0,0.1060647144913673,0.1267548948526382,0.8558693501647032,0.1293989717960357,0.1546409726142883,1.434805730189211,0.1989296080802029,98,24,0.0,0.0825292021036148,0.8418995835497902,-0.8418995835497902,0.8418995835497902,0.0491803278688524,0.2032520325203252,0.2289858490566037,0.3412698412698412
xjtu_sy,abl_cond_noaux,35Hz12kN_Bearing1_1,44,13,1845,E_norm|C_norm|VTOI,1.0,0.0,0.921294,0.0,0.1538915336132049,0.1755835115909576,0.7234369188313987,0.1877476722002029,0.2142118662595749,2.158781811095276,0.3131969129833264,120,2,0.0,0.3721189498901367,0.7651348978091163,0.7651348978091163,-0.7651348978091163,0.0655737704918032,0.008130081300813,0.0217391304347826,0.0138888888888888
xjtu_sy,abl_E_only,35Hz12kN_Bearing1_1,44,13,1845,E_norm,1.0,0.0,0.921294,0.0,0.1172707602381706,0.1297567188739776,0.8489618909602129,0.1430703252553939,0.1583032011985778,1.5145404783640652,0.1955047627471811,82,40,0.0,0.0778471529483795,0.8606693187925192,-0.8606693187925192,0.8606693187925192,0.081967213114754,0.0,0.0,0.0
xjtu_sy,abl_no_smooth,35Hz12kN_Bearing1_1,44,13,1845,E_norm|C_norm|VTOI,1.0,0.0,0.921294,0.0,0.1350198239088058,0.1583309173583984,0.7751161075206978,0.164724200963974,0.1931637376546859,1.888561848572464,0.2734538403650124,115,7,0.0,0.1495172977447509,0.8450711824051467,-0.8450711824051467,0.8450711824051467,0.1147540983606557,0.1951219512195122,0.0827586206896551,0.25
xjtu_sy,abl_no_mono,35Hz12kN_Bearing1_1,44,13,1845,E_norm|C_norm|VTOI,1.0,0.0,0.921294,0.0,0.1123824268579483,0.1256287693977356,0.8584189691158499,0.137106567621231,0.1532671153545379,1.441347325989266,0.1839693147174226,82,40,0.0,0.0837031155824661,0.7283216968094439,-0.7283216968094439,0.7283216968094439,0.0655737704918032,0.6016260162601627,0.1878172588832487,0.25
xjtu_sy,vtoi_static,35Hz12kN_Bearing1_2,44,13,2415,E_norm|C_norm|VTOI,1.0,0.0,0.9056,0.0683229813664596,0.3031243085861206,0.3791837096214294,-0.2938346304826962,0.4849989116191864,0.6066939830780029,6.2612363738876,0.50487846973705,55,105,0.4270833333333333,0.0977767705917358,0.7668061322856904,-0.7668061322856904,0.7668061322856904,0.0125,0.391304347826087,0.2405657626130067,0.3307291666666667
xjtu_sy,vtoi_traj,35Hz12kN_Bearing1_2,44,13,2415,E_norm|C_norm|VTOI|VTOI_vel|VTOI_acc,1.0,0.0,0.9056,0.0683229813664596,0.3124153316020965,0.3931710720062256,-0.3910492636529066,0.4998645186424255,0.6290737390518188,6.449905623734873,0.5173311420941945,55,105,0.4270833333333333,0.1024966612458229,0.5327833375959231,-0.5327833375959231,0.5327833375959231,0.025,0.1801242236024844,0.1306797528171573,0.2465277777777778
xjtu_sy,transformer_vib,35Hz12kN_Bearing1_2,44,13,2415,,1.0,0.0,0.9056,0.0683229813664596,0.2999010682106018,0.3755771815776825,-0.2693395794149835,0.4798417091369629,0.6009235382080078,6.254034484165807,0.5153188878057166,54,106,0.4375,0.3923648297786712,0.6208878131572465,0.6208878131572465,-0.6208878131572465,0.04375,0.5527950310559007,0.3012126775533867,0.3880208333333333
xjtu_sy,tcn_vib,35Hz12kN_Bearing1_2,44,13,2415,,1.0,0.0,0.9056,0.0683229813664596,0.2252209782600402,0.2650075852870941,0.3680306480065763,0.3603535890579223,0.4240121841430664,5.003690420413074,0.4770202561287406,-1,0,0.0,0.5202059149742126,0.5919041341288308,-0.5919041341288308,0.5919041341288308,0.05,0.4285714285714285,0.2452887537993921,0.3671875
xjtu_sy,tcn_transformer_vib,35Hz12kN_Bearing1_2,44,13,2415,,1.0,0.0,0.9056,0.0683229813664596,0.2648931741714477,0.2962712347507477,0.2101248997584757,0.4238291084766388,0.4740340411663055,6.0549043793429655,0.6009569385129473,-1,0,0.0,0.3182374238967895,0.6295389004402883,-0.6295389004402883,0.6295389004402883,0.0125,0.1490683229813664,0.0923076923076923,0.25
xjtu_sy,cnn_bilstm_attn_vib,35Hz12kN_Bearing1_2,44,13,2415,,1.0,0.0,0.9056,0.0683229813664596,0.2953937947750091,0.3449831902980804,-0.0709651040962884,0.4726300835609436,0.5519731640815735,6.095054665282965,0.49739239475927,62,98,0.3541666666666667,0.2950881719589233,0.8648290793552477,-0.8648290793552477,0.8648290793552477,0.075,0.093167701863354,0.0714678394722374,0.265625
xjtu_sy,abl_no_idxhead,35Hz12kN_Bearing1_2,44,13,2415,,1.0,0.0,0.9056,0.0683229813664596,0.3055347502231598,0.3758021295070648,-0.2708604847708111,0.488855630159378,0.6012834310531616,6.3325553412810445,0.5156828298794557,56,104,0.4166666666666667,0.095273956656456,0.7087712400771844,-0.7087712400771844,0.7087712400771844,0.0625,0.1490683229813664,0.0888888888888888,0.25
xjtu_sy,abl_cond_noaux,35Hz12kN_Bearing1_2,44,13,2415,E_norm|C_norm|VTOI,1.0,0.0,0.9056,0.0683229813664596,0.3115738928318023,0.3945277035236358,-0.4006656580840966,0.4985182881355285,0.631244421005249,6.451158579773072,0.5203008004319594,55,105,0.4270833333333333,0.3385861814022064,0.5027339000221914,-0.5027339000221914,0.5027339000221914,0.075,0.1987577639751552,0.1126760563380281,0.25
xjtu_sy,abl_E_only,35Hz12kN_Bearing1_2,44,13,2415,E_norm,1.0,0.0,0.9056,0.0683229813664596,0.304940402507782,0.3960378468036651,-0.4114088550459533,0.4879046976566314,0.6336606740951538,6.289882780786407,0.5014148118055385,56,104,0.4166666666666667,0.1052486151456832,0.7526060738189246,-0.7526060738189246,0.7526060738189246,0.05,0.1490683229813664,0.0930232558139534,0.25
xjtu_sy,abl_no_smooth,35Hz12kN_Bearing1_2,44,13,2415,E_norm|C_norm|VTOI,1.0,0.0,0.9056,0.0683229813664596,0.3196373283863067,0.4061772525310516,-0.4846040117303674,0.5114197731018066,0.6498836278915405,6.618871801722063,0.5322063930378937,55,105,0.4270833333333333,0.1080245748162269,0.4324309026194984,-0.4324309026194984,0.4324309026194984,0.0375,0.2608695652173913,0.1034482758620689,0.109375
xjtu_sy,abl_no_mono,35Hz12kN_Bearing1_2,44,13,2415,E_norm|C_norm|VTOI,1.0,0.0,0.9056,0.0683229813664596,0.3334343135356903,0.4155742228031158,-0.5540916581189941,0.5334949493408203,0.664918839931488,6.882024014010577,0.5490814918039008,55,105,0.4270833333333333,0.0858220607042312,0.6203369769461113,-0.6203369769461113,0.6203369769461113,0.0875,0.2298136645962732,0.1374285315855529,0.2630208333333333
xjtu_sy,vtoi_static,35Hz12kN_Bearing1_3,44,13,2370,E_norm|C_norm|VTOI,1.0,0.0,0.925663,0.0759493670886076,0.1650214940309524,0.1810970157384872,0.704926384460664,0.2590837478637695,0.2843223214149475,3.515780716257836,0.3471939412617608,132,25,0.0,0.2120460718870163,0.9590292504593344,-0.9590292504593344,0.9590292504593344,0.1210191082802547,0.050632911392405,0.0242424242424242,0.25
xjtu_sy,vtoi_traj,35Hz12kN_Bearing1_3,44,13,2370,E_norm|C_norm|VTOI|VTOI_vel|VTOI_acc,1.0,0.0,0.925663,0.0759493670886076,0.1557249873876571,0.1755429953336715,0.7227479713974772,0.2444881945848465,0.2756024897098541,3.2502765660666117,0.3095623495976758,118,39,0.0,0.2021440863609314,0.9525028574194176,-0.9525028574194176,0.9525028574194176,0.0445859872611464,0.0,0.0,0.0
xjtu_sy,transformer_vib,35Hz12kN_Bearing1_3,44,13,2370,,1.0,0.0,0.925663,0.0759493670886076,0.1594840437173843,0.1816869080066681,0.703000957567222,0.250389963388443,0.2852484583854675,3.375457505412692,0.3289376726208985,132,25,0.0,0.3105159699916839,0.7058454403135013,-0.7058454403135013,0.7058454403135013,0.0445859872611464,0.5632911392405063,0.2934343434343434,0.4631578947368421
xjtu_sy,tcn_vib,35Hz12kN_Bearing1_3,44,13,2370,,1.0,0.0,0.925663,0.0759493670886076,0.2681714296340942,0.2963889539241791,0.2096275205536009,0.4210291504859924,0.4653306603431701,5.992698857048051,0.6216004554748158,150,7,0.0,0.5776739716529846,0.1867802759523624,-0.1867802759523624,0.1867802759523624,0.0955414012738853,0.6139240506329114,0.2201748169147177,0.2661290322580645
xjtu_sy,tcn_transformer_vib,35Hz12kN_Bearing1_3,44,13,2370,,1.0,0.0,0.925663,0.0759493670886076,0.2963066399097442,0.3335262835025787,-0.0008474296679186,0.4652014076709747,0.5236362814903259,6.676616629781826,0.6944697812152437,-1,0,0.0,0.3101438879966736,0.7469648830586205,-0.7469648830586205,0.7469648830586205,0.0063694267515923,0.050632911392405,0.0240963855421686,0.25
xjtu_sy,cnn_bilstm_attn_vib,35Hz12kN_Bearing1_3,44,13,2370,,1.0,0.0,0.925663,0.0759493670886076,0.2093416005373001,0.2277910411357879,0.533146064447656,0.3286662995815277,0.3576319217681885,4.434088243959544,0.4300761569668598,133,24,0.0,0.3304485380649566,0.19692959935806,-0.19692959935806,0.19692959935806,0.10828025477707,0.0569620253164556,0.0923371647509578,0.2604166666666667
xjtu_sy,abl_no_idxhead,35Hz12kN_Bearing1_3,44,13,2370,,1.0,0.0,0.925663,0.0759493670886076,0.1838705092668533,0.2041924595832824,0.6248653633024475,0.2886766791343689,0.3205821514129638,3.998645627506418,0.4058582537300602,-1,0,0.0,0.2029001712799072,0.955659166962807,-0.955659166962807,0.955659166962807,0.197452229299363,0.0,0.0,0.0
xjtu_sy,abl_cond_noaux,35Hz12kN_Bearing1_3,44,13,2370,E_norm|C_norm|VTOI,1.0,0.0,0.925663,0.0759493670886076,0.1590403318405151,0.181203693151474,0.7045786374336015,0.2496933341026306,0.2844898104667663,3.329815403310225,0.3185753173230192,119,38,0.0,0.3102467954158783,0.9211189548580058,0.9211189548580058,-0.9211189548580058,0.0828025477707006,0.0063291139240506,0.0035971223021582,0.0104166666666666
xjtu_sy,abl_E_only,35Hz12kN_Bearing1_3,44,13,2370,E_norm,1.0,0.0,0.925663,0.0759493670886076,0.1574873626232147,0.176277607679367,0.7204225806454833,0.2472551614046096,0.2767558395862579,3.402240091909876,0.3435350595914487,131,26,0.0,0.2074809968471527,0.9635059285368112,-0.9635059285368112,0.9635059285368112,0.0828025477707006,0.0,0.0,0.0
xjtu_sy,abl_no_smooth,35Hz12kN_Bearing1_3,44,13,2370,E_norm|C_norm|VTOI,1.0,0.0,0.925663,0.0759493670886076,0.1586649417877197,0.1804605573415756,0.7069968332431518,0.2491039633750915,0.2833230793476105,3.3018936649152137,0.3123536668010527,117,40,0.0,0.1775267571210861,0.9615316632048904,-0.9615316632048904,0.9615316632048904,0.1719745222929936,0.1265822784810126,0.1204819277108433,0.1612903225806451
xjtu_sy,abl_no_mono,35Hz12kN_Bearing1_3,44,13,2370,E_norm|C_norm|VTOI,1.0,0.0,0.925663,0.0759493670886076,0.1485425531864166,0.1671340316534042,0.7486739135418581,0.233211800456047,0.2624004483222961,3.147376821133278,0.308400211431369,119,38,0.0,0.1963668763637542,0.9589286509519754,-0.9589286509519754,0.9589286509519754,0.0573248407643312,0.1455696202531645,0.1825396825396825,0.2395833333333333
xjtu_sy,vtoi_static,35Hz12kN_Bearing1_4,44,13,1830,E_norm|C_norm|VTOI,1.0,0.0,0.950315,0.0,0.2816650867462158,0.3861577212810516,-0.3375786684899544,0.3408147990703583,0.4672508537769317,4.167482870339724,0.6368355678669253,-1,0,0.0,0.1192168444395065,0.8034013526384775,-0.8034013526384775,0.8034013526384775,0.0578512396694214,0.1475409836065573,0.0647482014388489,0.25
xjtu_sy,vtoi_traj,35Hz12kN_Bearing1_4,44,13,1830,E_norm|C_norm|VTOI|VTOI_vel|VTOI_acc,1.0,0.0,0.950315,0.0,0.2809893190860748,0.3875771164894104,-0.3474295731466676,0.3399970829486847,0.4689683020114898,4.165356846913443,0.637580810603304,-1,0,0.0,0.1220614090561866,0.6610230556690869,-0.6610230556690869,0.6610230556690869,0.024793388429752,0.5983606557377049,0.1881443298969072,0.25
xjtu_sy,transformer_vib,35Hz12kN_Bearing1_4,44,13,1830,,1.0,0.0,0.950315,0.0,0.2792828977108001,0.3660308122634887,-0.2017806111819009,0.3379323184490204,0.4428973197937011,4.049850330752879,0.6073098696585073,-1,0,0.0,0.4642179906368255,0.1528513093580625,0.1528513093580625,-0.1528513093580625,0.0413223140495867,0.1147540983606557,0.0732600732600732,0.2416829745596868
xjtu_sy,tcn_vib,35Hz12kN_Bearing1_4,44,13,1830,,1.0,0.0,0.950315,0.0,0.2836900353431701,0.3506693542003631,-0.1030253602818893,0.3432649672031402,0.4243099093437195,4.008874566941633,0.5850133569453095,-1,0,0.0,0.4420712888240814,0.1537465554415313,-0.1537465554415313,0.1537465554415313,0.0909090909090909,0.1967213114754098,0.0821917808219178,0.25
xjtu_sy,tcn_transformer_vib,35Hz12kN_Bearing1_4,44,13,1830,,1.0,0.0,0.950315,0.0,0.2860298752784729,0.3765682280063629,-0.2719710197583613,0.3460961878299713,0.4556475579738617,4.159214254587257,0.6245048125198142,-1,0,0.0,0.3990640640258789,0.0094174799276576,-0.0094174799276576,0.0094174799276576,0.024793388429752,0.5983606557377049,0.1871794871794871,0.25
xjtu_sy,cnn_bilstm_attn_vib,35Hz12kN_Bearing1_4,44,13,1830,,1.0,0.0,0.950315,0.0,0.2922089695930481,0.3322021067142486,0.0100924972211275,0.3535728752613067,0.4019645452499389,3.9319340716800406,0.5407526059167795,-1,0,0.0,0.4403069019317627,0.004428400157114,-0.004428400157114,0.004428400157114,0.024793388429752,0.1967213114754098,0.0821917808219178,0.25
xjtu_sy,abl_no_idxhead,35Hz12kN_Bearing1_4,44,13,1830,,1.0,0.0,0.950315,0.0,0.284117192029953,0.3956605792045593,-0.4042208762074255,0.3437817692756653,0.4787493050098419,4.231886538670761,0.6502092159124183,-1,0,0.0,0.1316022872924804,0.7369549582142966,-0.7369549582142966,0.7369549582142966,0.0413223140495867,0.1475409836065573,0.0647482014388489,0.25
xjtu_sy,abl_cond_noaux,35Hz12kN_Bearing1_4,44,13,1830,E_norm|C_norm|VTOI,1.0,0.0,0.950315,0.0,0.2757423520088196,0.3623297214508056,-0.1775998841300989,0.3336482048034668,0.4384189546108246,3.999391685406716,0.6002252427708419,-1,0,0.0,0.3535232543945312,0.2004438580543826,0.2004438580543826,-0.2004438580543826,0.0578512396694214,0.5983606557377049,0.1891191709844559,0.25
xjtu_sy,abl_E_only,35Hz12kN_Bearing1_4,44,13,1830,E_norm,1.0,0.0,0.950315,0.0,0.2816440761089325,0.3846283555030823,-0.3270047529274416,0.3407893180847168,0.4654003381729126,4.157829215687322,0.6339076987971537,-1,0,0.0,0.1230831891298294,0.7932802881375814,-0.7932802881375814,0.7932802881375814,0.0578512396694214,0.6065573770491803,0.2506443298969072,0.2857142857142857
xjtu_sy,abl_no_smooth,35Hz12kN_Bearing1_4,44,13,1830,E_norm|C_norm|VTOI,1.0,0.0,0.950315,0.0,0.2812178134918213,0.3878901898860931,-0.3496074360097616,0.3402735292911529,0.4693471193313598,4.168671360804565,0.6380347720362612,-1,0,0.0,0.1323095113039016,0.6588703647050206,-0.6588703647050206,0.6588703647050206,0.0082644628099173,0.6065573770491803,0.2506443298969072,0.2857142857142857
xjtu_sy,abl_no_mono,35Hz12kN_Bearing1_4,44,13,1830,E_norm|C_norm|VTOI,1.0,0.0,0.950315,0.0,0.281543105840683,0.387411892414093,-0.3462811589182326,0.3406671285629272,0.4687683880329132,4.170684189118767,0.6379699160757123,-1,0,0.0,0.1251785606145858,0.7256994597450355,-0.7256994597450355,0.7256994597450355,0.0578512396694214,0.0491803278688524,0.0236220472440944,0.2142857142857142
xjtu_sy,vtoi_static,35Hz12kN_Bearing1_5,44,13,780,E_norm|C_norm|VTOI,1.0,0.0,0.968763,0.0384615384615384,0.1574814915657043,0.1771747767925262,0.7234423505334968,0.0803155750036239,0.0903591439127922,0.3417541856011661,0.0962319714375413,39,12,0.0,0.1309249252080917,0.8225973985014344,-0.8225973985014344,0.8225973985014344,0.0980392156862745,0.25,0.2282608695652173,0.375
xjtu_sy,vtoi_traj,35Hz12kN_Bearing1_5,44,13,780,E_norm|C_norm|VTOI|VTOI_vel|VTOI_acc,1.0,0.0,0.968763,0.0384615384615384,0.1481911689043045,0.1667401194572448,0.7550586377995969,0.0755774900317192,0.0850374773144722,0.3180013905838468,0.0876566937479835,35,16,0.0,0.1575899869203567,0.8937013291138745,-0.8937013291138745,0.8937013291138745,0.1764705882352941,0.4038461538461538,0.2872148859543817,0.2727822580645161
xjtu_sy,transformer_vib,35Hz12kN_Bearing1_5,44,13,780,,1.0,0.0,0.968763,0.0384615384615384,0.1755056679248809,0.1934464424848556,0.6703118323817058,0.0895079001784324,0.0986576899886131,0.3836651666367974,0.1094494391089448,39,12,0.0,0.3504642844200134,0.0666875374066984,-0.0666875374066984,0.0666875374066984,0.0196078431372549,0.2692307692307692,0.2377428307123034,0.4
xjtu_sy,tcn_vib,35Hz12kN_Bearing1_5,44,13,780,,1.0,0.0,0.968763,0.0384615384615384,0.2516960501670837,0.3185958564281463,0.1057433430202345,0.1283649802207946,0.1624839156866073,0.6298775085809514,0.2198640344521174,-1,0,0.0,0.5158514976501465,0.8541304459904295,-0.8541304459904295,0.8541304459904295,0.1764705882352941,0.1923076923076923,0.1611519607843137,0.425
xjtu_sy,tcn_transformer_vib,35Hz12kN_Bearing1_5,44,13,780,,1.0,0.0,0.968763,0.0384615384615384,0.1329237222671508,0.1487157493829727,0.8051520160101093,0.0677910968661308,0.0758450478315353,0.3025488864557024,0.0929839260016496,35,16,0.0,0.3366169333457947,0.8490074298717694,-0.8490074298717694,0.8490074298717694,0.0196078431372549,0.0769230769230769,0.0444444444444444,0.1
xjtu_sy,cnn_bilstm_attn_vib,35Hz12kN_Bearing1_5,44,13,780,,1.0,0.0,0.968763,0.0384615384615384,0.2102658748626709,0.2377819269895553,0.5018735855912115,0.1072356253862381,0.1212687939405441,0.4809362630729485,0.1481156187275281,-1,0,0.0,0.3434207737445831,0.5473677739196166,-0.5473677739196166,0.5473677739196166,0.0588235294117647,0.0576923076923076,0.075,0.25
xjtu_sy,abl_no_idxhead,35Hz12kN_Bearing1_5,44,13,780,,1.0,0.0,0.968763,0.0384615384615384,0.160289466381073,0.178194373846054,0.720250183557311,0.0817476436495781,0.0908791348338127,0.354163424327836,0.1031478174890463,39,12,0.0,0.1253234595060348,0.866496346966506,-0.866496346966506,0.866496346966506,0.0196078431372549,0.2115384615384615,0.1753826530612244,0.45
xjtu_sy,abl_cond_noaux,35Hz12kN_Bearing1_5,44,13,780,E_norm|C_norm|VTOI,1.0,0.0,0.968763,0.0384615384615384,0.1586100459098816,0.185093879699707,0.6981674879606042,0.0808911323547363,0.0943978875875473,0.3408170449239784,0.0940467419389348,39,12,0.0,0.5132606029510498,0.7724436587477793,0.7724436587477793,-0.7724436587477793,0.0588235294117647,0.0576923076923076,0.0625,0.075
xjtu_sy,abl_E_only,35Hz12kN_Bearing1_5,44,13,780,E_norm,1.0,0.0,0.968763,0.0384615384615384,0.1596768498420715,0.1789205074310302,0.7179655624516497,0.0814352110028266,0.0912494733929634,0.3506978522776596,0.1009911271528555,39,12,0.0,0.1331458538770675,0.9304457205856448,-0.9304457205856448,0.9304457205856448,0.0980392156862745,0.3076923076923077,0.2721088435374149,0.45
xjtu_sy,abl_no_smooth,35Hz12kN_Bearing1_5,44,13,780,E_norm|C_norm|VTOI,1.0,0.0,0.968763,0.0384615384615384,0.1693473160266876,0.1925619691610336,0.6733197350270552,0.0863671377301216,0.0982066094875335,0.3668543438970675,0.1028213040330089,39,12,0.0,0.1507387161254882,0.8531588394851664,-0.8531588394851664,0.8531588394851664,0.1372549019607843,0.173076923076923,0.2061011904761904,0.2580645161290322
xjtu_sy,abl_no_mono,35Hz12kN_Bearing1_5,44,13,780,E_norm|C_norm|VTOI,1.0,0.0,0.968763,0.0384615384615384,0.1450106501579284,0.1633041948080063,0.7650494111489787,0.0739554390311241,0.0832851454615593,0.3139725930819141,0.0881043285704576,39,12,0.0,0.0906866341829299,0.8269254638430612,-0.8269254638430612,0.8269254638430612,0.0196078431372549,0.0576923076923076,0.1153846153846153,0.075
xjtu_sy,vtoi_static,37.5Hz11kN_Bearing2_1,44,13,7365,E_norm|C_norm|VTOI,1.0,0.0,0.961961,0.0122199592668024,0.2473521828651428,0.3105896711349487,0.1259576100115352,1.2120256423950195,1.5218896865844729,61.84682261169003,2.104020576317114,465,25,0.0,0.0976161360740661,0.0174402880001476,0.0174402880001476,-0.0174402880001476,0.0244897959183673,0.0020366598778004,0.006578947368421,0.0033783783783783
xjtu_sy,vtoi_traj,37.5Hz11kN_Bearing2_1,44,13,7365,E_norm|C_norm|VTOI|VTOI_vel|VTOI_acc,1.0,0.0,0.961961,0.0122199592668024,0.2464377731084823,0.3105324804782867,0.1262795102099292,1.2075453996658323,1.5216094255447388,61.71468309757006,2.1020344796300297,467,23,0.0,0.0947955250740051,0.0201317054877126,-0.0201317054877126,0.0201317054877126,0.0448979591836734,0.1507128309572301,0.0683918669131238,0.25
xjtu_sy,transformer_vib,37.5Hz11kN_Bearing2_1,44,13,7365,,1.0,0.0,0.961961,0.0122199592668024,0.2525817453861236,0.3301723301410675,0.0122665554505722,1.2376506328582764,1.617844581604004,64.92513578303543,2.2312887889501885,467,23,0.0,0.5202777981758118,0.2110292990417194,-0.2110292990417194,0.2110292990417194,0.0,0.6476578411405295,0.4380648448604146,0.49
xjtu_sy,tcn_vib,37.5Hz11kN_Bearing2_1,44,13,7365,,1.0,0.0,0.961961,0.0122199592668024,0.2656678557395935,0.3282362520694732,0.0238161841656913,1.3017727136611938,1.6083580255508425,66.62046365277916,2.255170742455726,483,7,0.0,0.2432038336992263,0.2092372258541341,0.2092372258541341,-0.2092372258541341,0.0081632653061224,0.1995926680244399,0.0831918505942275,0.25
xjtu_sy,tcn_transformer_vib,37.5Hz11kN_Bearing2_1,44,13,7365,,1.0,0.0,0.961961,0.0122199592668024,0.2663486003875732,0.2975393235683441,0.1978654231534353,1.3051081895828247,1.4579429626464844,61.695691549782666,1.9813408282966696,464,26,0.0,0.3132211863994598,0.1166611403167808,-0.1166611403167808,0.1166611403167808,0.0122448979591836,0.5987780040733197,0.1944444444444444,0.25
xjtu_sy,cnn_bilstm_attn_vib,37.5Hz11kN_Bearing2_1,44,13,7365,,1.0,0.0,0.961961,0.0122199592668024,0.2923530042171478,0.3302104771137237,0.0120381855180751,1.4325299263000488,1.6180315017700195,68.29053629494803,2.163524223146334,-1,0,0.0,0.4608648121356964,0.1778231137311954,-0.1778231137311954,0.1778231137311954,0.0081632653061224,0.0509164969450101,0.0242248062015503,0.25
xjtu_sy,abl_no_idxhead,37.5Hz11kN_Bearing2_1,44,13,7365,,1.0,0.0,0.961961,0.0122199592668024,0.2480994611978531,0.3245985805988312,0.0453336256030377,1.2156875133514404,1.5905332565307615,63.7251548629338,2.1975766485386248,464,26,0.0,0.081989012658596,0.1205877240880182,0.1205877240880182,-0.1205877240880182,0.0326530612244898,0.5987780040733197,0.1944444444444444,0.25
xjtu_sy,abl_cond_noaux,37.5Hz11kN_Bearing2_1,44,13,7365,E_norm|C_norm|VTOI,1.0,0.0,0.961961,0.0122199592668024,0.2503200471401214,0.3144476413726806,0.1041092088100772,1.2265684604644775,1.540793538093567,62.82601479350755,2.141575609540563,467,23,0.0,0.5435845851898193,0.165459672379899,0.165459672379899,-0.165459672379899,0.0285714285714285,0.639511201629328,0.3985260770975056,0.45
xjtu_sy,abl_E_only,37.5Hz11kN_Bearing2_1,44,13,7365,E_norm,1.0,0.0,0.961961,0.0122199592668024,0.2538966238498688,0.3182435035705566,0.0823489553280634,1.2440935373306274,1.5593934059143066,63.81613601221022,2.1743371379305656,468,22,0.0,0.1105984672904014,0.1687950035184736,0.1687950035184736,-0.1687950035184736,0.0122448979591836,0.2016293279022403,0.0920337477797513,0.2533783783783784
xjtu_sy,abl_no_smooth,37.5Hz11kN_Bearing2_1,44,13,7365,E_norm|C_norm|VTOI,1.0,0.0,0.961961,0.0122199592668024,0.2609184682369232,0.2971472442150116,0.1999781206087755,1.2785005569458008,1.4560216665267944,61.48446042272342,2.0079778357050446,468,22,0.0,0.094587467610836,0.1196222432861598,0.1196222432861598,-0.1196222432861598,0.036734693877551,0.6069246435845214,0.2584475274491445,0.29
xjtu_sy,abl_no_mono,37.5Hz11kN_Bearing2_1,44,13,7365,E_norm|C_norm|VTOI,1.0,0.0,0.961961,0.0122199592668024,0.2465535402297973,0.3093774318695068,0.1327671923204345,1.2081124782562256,1.5159496068954468,61.5528105941311,2.092228429813067,467,23,0.0,0.0946072712540626,0.2928749483280933,-0.2928749483280933,0.2928749483280933,0.0448979591836734,0.1995926680244399,0.3132898260967973,0.49
xjtu_sy,vtoi_static,37.5Hz11kN_Bearing2_2,44,13,2415,E_norm|C_norm|VTOI,1.0,0.0,0.936151,0.1055900621118012,0.2541606724262237,0.315710186958313,0.1030739219147698,0.4066571593284607,0.5051363110542297,5.2297153701038015,0.4249954386990263,67,93,0.3020833333333333,0.2408323734998703,0.8468060426505197,-0.8468060426505197,0.8468060426505197,0.0375,0.1925465838509316,0.1559734513274336,0.2682291666666667
xjtu_sy,vtoi_traj,37.5Hz11kN_Bearing2_2,44,13,2415,E_norm|C_norm|VTOI|VTOI_vel|VTOI_acc,1.0,0.0,0.936151,0.1055900621118012,0.24852254986763,0.3132369220256805,0.1170719483138806,0.3976361751556396,0.5011791586875916,5.104865129892263,0.4130373740140696,68,92,0.2916666666666667,0.190468356013298,0.8305621039896062,-0.8305621039896062,0.8305621039896062,0.1125,0.15527950310559,0.106849554429495,0.2526041666666667
xjtu_sy,transformer_vib,37.5Hz11kN_Bearing2_2,44,13,2415,,1.0,0.0,0.936151,0.1055900621118012,0.1843281835317611,0.2229911535978317,0.5525394888818578,0.2949251532554626,0.3567858934402466,3.910353961049492,0.3461512348018818,80,80,0.1666666666666666,0.4403725862503052,0.7998622499526156,0.7998622499526156,-0.7998622499526156,0.0625,0.124223602484472,0.0552486187845303,0.0520833333333333
xjtu_sy,tcn_vib,37.5Hz11kN_Bearing2_2,44,13,2415,,1.0,0.0,0.936151,0.1055900621118012,0.262384831905365,0.3041203022003174,0.1677185768336961,0.419815719127655,0.4865925014019012,5.323376081449044,0.4223479728521027,83,77,0.1354166666666666,0.389767050743103,0.6474102080476342,-0.6474102080476342,0.6474102080476342,0.0125,0.1490683229813664,0.0648648648648648,0.25
xjtu_sy,tcn_transformer_vib,37.5Hz11kN_Bearing2_2,44,13,2415,,1.0,0.0,0.936151,0.1055900621118012,0.2864347994327545,0.3237276375293731,0.0569407700957556,0.4582957327365875,0.517964243888855,6.743047491182189,0.6946715733371907,-1,0,0.0,0.4392329156398773,0.1646587965433933,0.1646587965433933,-0.1646587965433933,0.05,0.1987577639751552,0.082901554404145,0.25
xjtu_sy,cnn_bilstm_attn_vib,37.5Hz11kN_Bearing2_2,44,13,2415,,1.0,0.0,0.936151,0.1055900621118012,0.3035765588283539,0.3337029814720154,-0.0020734993312836,0.4857225120067596,0.5339248180389404,6.463968298931992,0.5661727969783433,132,28,0.0,0.4785835146903991,0.9355769207485056,0.9355769207485056,-0.9355769207485056,0.03125,0.062111801242236,0.0317818581101689,0.2526041666666667
xjtu_sy,abl_no_idxhead,37.5Hz11kN_Bearing2_2,44,13,2415,,1.0,0.0,0.936151,0.1055900621118012,0.2699176967144012,0.3322561979293823,0.0065966378040039,0.431868314743042,0.5316099524497986,5.598935991844108,0.4615583199984538,63,97,0.34375,0.2225158661603927,0.7151498123279167,-0.7151498123279167,0.7151498123279167,0.0375,0.5217391304347826,0.2883076923076923,0.40625
xjtu_sy,abl_cond_noaux,37.5Hz11kN_Bearing2_2,44,13,2415,E_norm|C_norm|VTOI,1.0,0.0,0.936151,0.1055900621118012,0.228381872177124,0.272040456533432,0.3340427217327548,0.3654110729694366,0.4352647662162781,4.719814628573227,0.3924154084384071,80,80,0.1666666666666666,0.3746720552444458,0.8654508711464804,-0.8654508711464804,0.8654508711464804,0.0375,0.0559006211180124,0.0264705882352941,0.25
xjtu_sy,abl_E_only,37.5Hz11kN_Bearing2_2,44,13,2415,E_norm,1.0,0.0,0.936151,0.1055900621118012,0.2225845456123352,0.2606538534164428,0.3886248544108246,0.3561353087425232,0.4170462191104889,4.652593958796487,0.3974226769175589,82,78,0.1458333333333333,0.3102575540542602,0.8774731708037611,-0.8774731708037611,0.8774731708037611,0.125,0.7018633540372671,0.3747007182761372,0.4505208333333333
xjtu_sy,abl_no_smooth,37.5Hz11kN_Bearing2_2,44,13,2415,E_norm|C_norm|VTOI,1.0,0.0,0.936151,0.1055900621118012,0.2024073600769043,0.244828388094902,0.4606098338098875,0.3238517940044403,0.391725480556488,4.168443883860632,0.345863925605457,80,80,0.1666666666666666,0.3413170874118805,0.8908788828195261,-0.8908788828195261,0.8908788828195261,0.0625,0.1118012422360248,0.0564686051411715,0.171875
xjtu_sy,abl_no_mono,37.5Hz11kN_Bearing2_2,44,13,2415,E_norm|C_norm|VTOI,1.0,0.0,0.936151,0.1055900621118012,0.2454831600189209,0.3012462854385376,0.1833746518070624,0.3927731215953827,0.4819941222667694,5.060525768736698,0.4147735351453657,69,91,0.28125,0.283128559589386,0.8807249336162847,-0.8807249336162847,0.8807249336162847,0.0375,0.0496894409937888,0.0454545454545454,0.2222222222222222
xjtu_sy,vtoi_static,37.5Hz11kN_Bearing2_3,44,13,7995,E_norm|C_norm|VTOI,1.0,0.0,0.938293,0.0056285178236397,0.1389189809560775,0.1556968837976455,0.7802981654164645,0.739048957824707,0.8283074498176575,32.755735892007806,0.8424497872353383,326,206,0.0,0.1493799686431884,0.9216067412455144,-0.9216067412455144,0.9216067412455144,0.0714285714285714,0.6697936210131332,0.3509367735231226,0.5235849056603774
xjtu_sy,vtoi_traj,37.5Hz11kN_Bearing2_3,44,13,7995,E_norm|C_norm|VTOI|VTOI_vel|VTOI_acc,1.0,0.0,0.938293,0.0056285178236397,0.118639163672924,0.1351662427186966,0.8344190857631459,0.6311603784561157,0.7190844416618347,29.037675693771856,0.8070050381179934,330,202,0.0,0.1570741087198257,0.9153895877222056,-0.9153895877222056,0.9153895877222056,0.0413533834586466,0.7504690431519699,0.3869509043927648,0.5
xjtu_sy,transformer_vib,37.5Hz11kN_Bearing2_3,44,13,7995,,1.0,0.0,0.938293,0.0056285178236397,0.1524442583322525,0.1790564954280853,0.7094278277670147,0.8110034465789795,0.9525805711746216,35.519321925734744,0.8722131629081313,325,207,0.0,0.4018097519874573,0.8657256187299219,0.8657256187299219,-0.8657256187299219,0.0037593984962406,0.651031894934334,0.3059438728762533,0.5
xjtu_sy,tcn_vib,37.5Hz11kN_Bearing2_3,44,13,7995,,1.0,0.0,0.938293,0.0056285178236397,0.2034472823143005,0.2325353920459747,0.5099369452430467,1.0823395252227783,1.237088322639465,49.11163495025554,1.2481263972623151,379,153,0.0,0.5538697242736816,0.506001433766986,0.506001433766986,-0.506001433766986,0.0150375939849624,0.0787992495309568,0.1386880165289256,0.285377358490566
xjtu_sy,tcn_transformer_vib,37.5Hz11kN_Bearing2_3,44,13,7995,,1.0,0.0,0.938293,0.0056285178236397,0.1633490025997162,0.1845334768295288,0.6913799221434175,0.8690166473388672,0.9817181825637816,41.1797829210059,1.1572803301879993,357,175,0.0,0.4675363302230835,0.7734103329065446,0.7734103329065446,-0.7734103329065446,0.0093984962406015,0.150093808630394,0.065252854812398,0.25
xjtu_sy,cnn_bilstm_attn_vib,37.5Hz11kN_Bearing2_3,44,13,7995,,1.0,0.0,0.938293,0.0056285178236397,0.161871537566185,0.1778612583875656,0.7132941531920725,0.8611566424369812,0.946221888065338,39.367186807127446,1.0575422827385044,357,175,0.0,0.3353213965892792,0.9091271606605276,-0.9091271606605276,0.9091271606605276,0.0507518796992481,0.150093808630394,0.15625,0.25
xjtu_sy,abl_no_idxhead,37.5Hz11kN_Bearing2_3,44,13,7995,,1.0,0.0,0.938293,0.0056285178236397,0.1362162977457046,0.1522637009620666,0.789880370184319,0.7246706485748291,0.8100429177284241,32.681544578153925,0.8684780430433114,326,206,0.0,0.1409792453050613,0.9051287657674064,-0.9051287657674064,0.9051287657674064,0.0,0.7898686679174484,0.408890040981583,0.4882075471698113
xjtu_sy,abl_cond_noaux,37.5Hz11kN_Bearing2_3,44,13,7995,E_norm|C_norm|VTOI,1.0,0.0,0.938293,0.0056285178236397,0.1339413225650787,0.1457872092723846,0.807374988573018,0.7125678658485413,0.7755879759788513,32.83122707678319,0.9104133905252304,356,176,0.0,0.3318971395492553,0.7425390412992992,0.7425390412992992,-0.7425390412992992,0.0112781954887218,0.0,0.0,0.0
xjtu_sy,abl_E_only,37.5Hz11kN_Bearing2_3,44,13,7995,E_norm,1.0,0.0,0.938293,0.0056285178236397,0.1280282139778137,0.1457923054695129,0.8073615332121291,0.6811100840568542,0.7756150960922241,30.958816995624247,0.8374755389736808,326,206,0.0,0.1476984173059463,0.9142632840781896,-0.9142632840781896,0.9142632840781896,0.0526315789473684,0.6716697936210131,0.3688560104834141,0.5037037037037037
xjtu_sy,abl_no_smooth,37.5Hz11kN_Bearing2_3,44,13,7995,E_norm|C_norm|VTOI,1.0,0.0,0.938293,0.0056285178236397,0.1235158070921897,0.1440129280090332,0.812035063559297,0.6571040153503418,0.7661488652229309,29.602295176864665,0.7877959568144345,326,206,0.0,0.1401681900024414,0.9056899108670466,-0.9056899108670466,0.9056899108670466,0.0488721804511278,0.6472795497185742,0.3052182967447386,0.4984375
xjtu_sy,abl_no_mono,37.5Hz11kN_Bearing2_3,44,13,7995,E_norm|C_norm|VTOI,1.0,0.0,0.938293,0.0056285178236397,0.1649300456047058,0.1878522038459777,0.6801793459829419,0.8774278163909912,0.9993738532066344,38.12999801878002,0.918266255618204,326,206,0.0,0.1265368014574051,0.8977069235671878,-0.8977069235671878,0.8977069235671878,0.0413533834586466,0.6472795497185742,0.3383452337268163,0.4749743404961565
xjtu_sy,vtoi_static,37.5Hz11kN_Bearing2_4,44,13,630,E_norm|C_norm|VTOI,1.0,0.0,0.922825,0.0476190476190476,0.1283677220344543,0.1560473889112472,0.7870575666149638,0.0526307746767997,0.0639794319868087,0.1967161361817679,0.0793791949926387,30,11,0.0,0.0778343901038169,0.915728569742816,-0.915728569742816,0.915728569742816,0.073170731707317,0.119047619047619,0.0657894736842105,0.15625
xjtu_sy,vtoi_traj,37.5Hz11kN_Bearing2_4,44,13,630,E_norm|C_norm|VTOI|VTOI_vel|VTOI_acc,1.0,0.0,0.922825,0.0476190476190476,0.1256828904151916,0.1577206701040268,0.782466374442089,0.0515299923717975,0.0646654739975929,0.1964926083193132,0.0816613990103914,30,11,0.0,0.0660540536046028,0.9123745597813002,-0.9123745597813002,0.9123745597813002,0.2195121951219512,0.7380952380952381,0.3939393939393939,0.5
xjtu_sy,transformer_vib,37.5Hz11kN_Bearing2_4,44,13,630,,1.0,0.0,0.922825,0.0476190476190476,0.182913064956665,0.2037114948034286,0.637105606896195,0.0749943628907203,0.0835217162966728,0.2818831385289844,0.1145596760546877,-1,0,0.0,0.355311244726181,0.8422757515856228,0.8422757515856228,-0.8422757515856228,0.024390243902439,0.0476190476190476,0.0625,0.0625
xjtu_sy,tcn_vib,37.5Hz11kN_Bearing2_4,44,13,630,,1.0,0.0,0.922825,0.0476190476190476,0.2545884549617767,0.2939467430114746,0.2444094940793282,0.104381263256073,0.1205181777477264,0.3970703860179094,0.1633214859203213,-1,0,0.0,0.4677429497241974,0.3906583102675378,-0.3906583102675378,0.3906583102675378,0.073170731707317,0.0714285714285714,0.075,0.09375
xjtu_sy,tcn_transformer_vib,37.5Hz11kN_Bearing2_4,44,13,630,,1.0,0.0,0.922825,0.0476190476190476,0.2989604473114013,0.3381966352462768,-0.0002020430582483,0.1225737929344177,0.1386606246232986,0.4598309952222605,0.1848518515803984,-1,0,0.0,0.7804326415061951,0.7645337627050693,0.7645337627050693,-0.7645337627050693,0.1951219512195122,0.1428571428571428,0.0625,0.25
xjtu_sy,cnn_bilstm_attn_vib,37.5Hz11kN_Bearing2_4,44,13,630,,1.0,0.0,0.922825,0.0476190476190476,0.2004490196704864,0.2177266627550125,0.5854543184905632,0.0821841061115264,0.0892679318785667,0.2947443665223521,0.1111041290596837,33,8,0.0,0.3595172166824341,0.8838654751084171,-0.8838654751084171,0.8838654751084171,0.1707317073170731,0.6666666666666666,0.3346828609986504,0.5
xjtu_sy,abl_no_idxhead,37.5Hz11kN_Bearing2_4,44,13,630,,1.0,0.0,0.922825,0.0476190476190476,0.1780580133199691,0.2016971707344055,0.6442468511712605,0.0730037912726402,0.0826958417892456,0.2740492516812411,0.1111431502337966,-1,0,0.0,0.1029412746429443,0.9128776612755276,-0.9128776612755276,0.9128776612755276,0.2682926829268293,0.6666666666666666,0.3272727272727272,0.5
xjtu_sy,abl_cond_noaux,37.5Hz11kN_Bearing2_4,44,13,630,E_norm|C_norm|VTOI,1.0,0.0,0.922825,0.0476190476190476,0.1487003564834594,0.1833319365978241,0.7060825128216892,0.0609671510756015,0.0751660987734794,0.2395671621993875,0.1037499437197333,-1,0,0.0,0.3542351424694061,0.7681521314361264,-0.7681521314361264,0.7681521314361264,0.1707317073170731,0.1904761904761904,0.08,0.25
xjtu_sy,abl_E_only,37.5Hz11kN_Bearing2_4,44,13,630,E_norm,1.0,0.0,0.922825,0.0476190476190476,0.1641860753297805,0.1842501163482666,0.7031310984683461,0.06731628626585,0.0755425542593002,0.2484091842251734,0.0982194767289218,31,10,0.0,0.1014036014676094,0.9162316712370432,-0.9162316712370432,0.9162316712370432,0.1707317073170731,0.5238095238095238,0.3021276595744681,0.44
xjtu_sy,abl_no_smooth,37.5Hz11kN_Bearing2_4,44,13,630,E_norm|C_norm|VTOI,1.0,0.0,0.922825,0.0476190476190476,0.1284710168838501,0.1697159558534622,0.7481195154690738,0.0526731200516223,0.0695835426449775,0.2048723564585139,0.0874952622467563,33,8,0.0,0.1094023436307907,0.9088528493217088,-0.9088528493217088,0.9088528493217088,0.1219512195121951,0.0,0.0,0.0
xjtu_sy,abl_no_mono,37.5Hz11kN_Bearing2_4,44,13,630,E_norm|C_norm|VTOI,1.0,0.0,0.922825,0.0476190476190476,0.1379065364599228,0.1667525619268417,0.7568388525746879,0.0565416812896728,0.0683685541152954,0.2141568498226655,0.0881180746392125,30,11,0.0,0.0868170261383056,0.8853747795910991,-0.8853747795910991,0.8853747795910991,0.1219512195121951,0.7380952380952381,0.3939393939393939,0.5
xjtu_sy,vtoi_static,37.5Hz11kN_Bearing2_5,44,13,5085,E_norm|C_norm|VTOI,1.0,0.0,0.978252,0.0058997050147492,0.2230500280857086,0.2396967858076095,0.4802014734739972,0.7539091110229492,0.8101752400398254,21.061772553037336,0.8419784177259534,188,150,0.0738916256157635,0.1241996586322784,0.9416324504930278,-0.9416324504930278,0.9416324504930278,0.059171597633136,0.191740412979351,0.1204081632653061,0.2417415241958852
xjtu_sy,vtoi_traj,37.5Hz11kN_Bearing2_5,44,13,5085,E_norm|C_norm|VTOI|VTOI_vel|VTOI_acc,1.0,0.0,0.978252,0.0058997050147492,0.2176394462585449,0.2315711081027984,0.5148463099383825,0.7356213331222534,0.7827103734016418,21.018439152081065,0.8790354485950463,214,124,0.0,0.1684681922197342,0.927998734823704,-0.927998734823704,0.927998734823704,0.0177514792899408,0.0737463126843657,0.0343406593406593,0.0307881773399014
xjtu_sy,transformer_vib,37.5Hz11kN_Bearing2_5,44,13,5085,,1.0,0.0,0.978252,0.0058997050147492,0.2135012447834015,0.2326411604881286,0.5103522975007628,0.7216343283653259,0.7863271832466125,21.445700811143592,0.953148248613672,-1,0,0.0,0.3682991564273834,0.8936108242805514,0.8936108242805514,-0.8936108242805514,0.0650887573964497,0.0589970501474926,0.0558529819694868,0.2536945812807882
xjtu_sy,tcn_vib,37.5Hz11kN_Bearing2_5,44,13,5085,,1.0,0.0,0.978252,0.0058997050147492,0.3053264915943146,0.3310215473175049,0.0086589069669765,1.0320035219192505,1.1188528537750244,28.708545754246813,1.0926493589043793,168,170,0.1724137931034483,0.361228346824646,0.951201886374214,-0.951201886374214,0.951201886374214,0.0532544378698224,0.0560471976401179,0.0313555347091932,0.0380686757461605
xjtu_sy,tcn_transformer_vib,37.5Hz11kN_Bearing2_5,44,13,5085,,1.0,0.0,0.978252,0.0058997050147492,0.2936267852783203,0.3325379490852356,-0.0004445332969806,0.9924585819244384,1.1239782571792605,31.780025000608124,1.5003739278818478,-1,0,0.0,0.3551658689975738,0.4587724899247472,0.4587724899247472,-0.4587724899247472,0.0177514792899408,0.2005899705014749,0.0835380835380835,0.25
xjtu_sy,cnn_bilstm_attn_vib,37.5Hz11kN_Bearing2_5,44,13,5085,,1.0,0.0,0.978252,0.0058997050147492,0.2770625650882721,0.3029018938541412,0.1699302252723856,0.9364715218544006,1.023808479309082,25.9349730131992,0.9889496146291934,165,173,0.1871921182266009,0.3650740683078766,0.8612379609458798,-0.8612379609458798,0.8612379609458798,0.1065088757396449,0.6784660766961652,0.3606933184232597,0.4495073891625616
xjtu_sy,abl_no_idxhead,37.5Hz11kN_Bearing2_5,44,13,5085,,1.0,0.0,0.978252,0.0058997050147492,0.2389192432165146,0.2668952047824859,0.3555456965319445,0.8075469732284546,0.9021058082580566,22.334730785067364,0.8608001681445798,166,172,0.1822660098522167,0.1150800213217735,0.9320131473540558,-0.9320131473540558,0.9320131473540558,0.0650887573964497,0.2448377581120944,0.1743213651980216,0.2684729064039409
xjtu_sy,abl_cond_noaux,37.5Hz11kN_Bearing2_5,44,13,5085,E_norm|C_norm|VTOI,1.0,0.0,0.978252,0.0058997050147492,0.2887795269489288,0.3190167248249054,0.0792590341373641,0.9760748744010924,1.078276515007019,28.455141752650054,1.1859610734677772,-1,0,0.0,0.2978115975856781,0.2719133107096531,-0.2719133107096531,0.2719133107096531,0.0236686390532544,0.1976401179941003,0.0962643678160919,0.2463235294117647
xjtu_sy,abl_E_only,37.5Hz11kN_Bearing2_5,44,13,5085,E_norm,1.0,0.0,0.978252,0.0058997050147492,0.240991398692131,0.2571803331375122,0.4016075615167476,0.8145509958267212,0.8692695498466492,22.836177154716967,0.912985342958596,182,156,0.1034482758620689,0.0877723768353462,0.924014099966624,-0.924014099966624,0.924014099966624,0.059171597633136,0.0678466076696165,0.0718304787198127,0.0821138800347725
xjtu_sy,abl_no_smooth,37.5Hz11kN_Bearing2_5,44,13,5085,E_norm|C_norm|VTOI,1.0,0.0,0.978252,0.0058997050147492,0.2266624718904495,0.2414265424013137,0.4726722822733814,0.7661192417144775,0.816021740436554,21.758897560617797,0.8967992935802205,190,148,0.064039408866995,0.129470944404602,0.9139631001846622,-0.9139631001846622,0.9139631001846622,0.0355029585798816,0.7020648967551623,0.3653593532903878,0.4802955665024631
xjtu_sy,abl_no_mono,37.5Hz11kN_Bearing2_5,44,13,5085,E_norm|C_norm|VTOI,1.0,0.0,0.978252,0.0058997050147492,0.2269331663846969,0.2442971318960189,0.4600577094868653,0.7670342326164246,0.8257243633270264,21.603880849869448,0.8754138506861036,185,153,0.0886699507389162,0.1357559412717819,0.9020480499036798,-0.9020480499036798,0.9020480499036798,0.0473372781065088,0.0737463126843657,0.0343406593406593,0.0307881773399014
xjtu_sy,vtoi_static,40Hz10kN_Bearing3_1,44,13,38070,E_norm|C_norm|VTOI,1.0,0.0,0.998394,0.0283687943262411,0.2713856697082519,0.3049420416355133,0.1551844022262171,6.885055065155029,7.736380100250244,2513.7184508215346,10.461965312761487,2464,73,0.0,0.0793010592460632,0.0372991034195865,-0.0372991034195865,0.0372991034195865,0.0161608198659834,0.6000788022064618,0.1921524097905627,0.25
xjtu_sy,vtoi_traj,40Hz10kN_Bearing3_1,44,13,38070,E_norm|C_norm|VTOI|VTOI_vel|VTOI_acc,1.0,0.0,0.998394,0.0283687943262411,0.2628108263015747,0.3108046650886535,0.1223884417624545,6.667510986328125,7.8851141929626465,2699.124972038431,10.849079864469507,2464,73,0.0,0.0928190499544143,0.109346908008824,-0.109346908008824,0.109346908008824,0.0114308238076468,0.6000788022064618,0.1915723270440251,0.25
xjtu_sy,transformer_vib,40Hz10kN_Bearing3_1,44,13,38070,,1.0,0.0,0.998394,0.0283687943262411,0.2612474858760834,0.3061964511871338,0.1482197777697665,6.627849102020264,7.768204212188721,2601.492641647654,10.538788283725216,2452,85,0.0,0.4290216863155365,0.2136649741124617,-0.2136649741124617,0.2136649741124617,0.0161608198659834,0.012214342001576,0.006033476060724,0.0610236220472441
xjtu_sy,tcn_vib,40Hz10kN_Bearing3_1,44,13,38070,,1.0,0.0,0.998394,0.0283687943262411,0.2793953716754913,0.3123201429843902,0.1138090684033512,7.088261604309082,7.923562526702881,2583.4901095956857,10.61754200930015,2464,73,0.0,0.5220457911491394,0.2253467987171366,-0.2253467987171366,0.2253467987171366,0.0098541584548679,0.1540583136327817,0.1630298171101672,0.4153543307086614
xjtu_sy,tcn_transformer_vib,40Hz10kN_Bearing3_1,44,13,38070,,1.0,0.0,0.998394,0.0283687943262411,0.2680844962596893,0.3082141280174255,0.1369570840541923,6.801303863525391,7.819392681121826,2604.358604819663,10.603203994105296,2464,73,0.0,0.4405717551708221,0.1062440871721069,-0.1062440871721069,0.1062440871721069,0.0204966495861253,0.6052009456264775,0.2345461603613777,0.2755905511811024
xjtu_sy,cnn_bilstm_attn_vib,40Hz10kN_Bearing3_1,44,13,38070,,1.0,0.0,0.998394,0.0283687943262411,0.2778267860412597,0.3361676037311554,-0.0266892950709747,7.048465728759766,8.528572082519531,3117.672071546089,11.846974856501271,-1,0,0.0,0.4038064181804657,0.1286211411327714,-0.1286211411327714,0.1286211411327714,0.0248324793062672,0.1501182033096926,0.0653516295025729,0.25
xjtu_sy,abl_no_idxhead,40Hz10kN_Bearing3_1,44,13,38070,,1.0,0.0,0.998394,0.0283687943262411,0.2702589929103851,0.3043094575405121,0.1586857921223192,6.856470584869385,7.72033166885376,2506.1005957250386,10.417396608949987,2464,73,0.0,0.0650825873017311,0.2639056561024004,-0.2639056561024004,0.2639056561024004,0.0295624753646038,0.623719464144996,0.3538491943294047,0.3681102362204724
xjtu_sy,abl_cond_noaux,40Hz10kN_Bearing3_1,44,13,38070,E_norm|C_norm|VTOI,1.0,0.0,0.998394,0.0283687943262411,0.2572311758995056,0.3180248737335205,0.0811399228038837,6.525955677032471,8.068290710449219,2865.8213331134657,11.219734294888974,2447,90,0.0,0.4209915995597839,0.124656193580708,-0.124656193580708,0.124656193580708,0.002759164367363,0.1493301812450748,0.1446090595947998,0.2906824146981627
xjtu_sy,abl_E_only,40Hz10kN_Bearing3_1,44,13,38070,E_norm,1.0,0.0,0.998394,0.0283687943262411,0.2655180394649505,0.3073700070381164,0.1416779081467605,6.73619270324707,7.797977924346924,2607.9317563482155,10.631822832217887,2464,73,0.0,0.0895194485783577,0.2175299280484888,-0.2175299280484888,0.2175299280484888,0.0216791486007095,0.6000788022064618,0.1911395582329317,0.25
xjtu_sy,abl_no_smooth,40Hz10kN_Bearing3_1,44,13,38070,E_norm|C_norm|VTOI,1.0,0.0,0.998394,0.0283687943262411,0.2709815800189972,0.3043994009494781,0.1581884070694965,6.874803066253662,7.7226128578186035,2503.403123149864,10.423968816610529,2464,73,0.0,0.073794849216938,0.2227076674698533,-0.2227076674698533,0.2227076674698533,0.0264091446590461,0.1501182033096926,0.0673859214715245,0.25
xjtu_sy,abl_no_mono,40Hz10kN_Bearing3_1,44,13,38070,E_norm|C_norm|VTOI,1.0,0.0,0.998394,0.0283687943262411,0.2584901452064514,0.3051060736179352,0.1542753276923532,6.557895183563232,7.740541458129883,2608.321602986921,10.588282382834947,2450,87,0.0,0.069342702627182,0.1596008062599224,-0.1596008062599224,0.1596008062599224,0.0090658257784785,0.2490149724192277,0.3140955344793519,0.4990138067061144
xjtu_sy,vtoi_static,40Hz10kN_Bearing3_2,44,13,37440,E_norm|C_norm|VTOI,1.0,0.0,0.952708,0.0112179487179487,0.2550344169139862,0.2894374132156372,0.2389172166928471,6.363109588623047,7.221463680267334,2244.427180793982,9.772187267571914,2452,43,0.0,0.0976702943444252,0.5312457496837262,-0.5312457496837262,0.5312457496837262,0.002004008016032,0.219951923076923,0.210445205479452,0.35
xjtu_sy,vtoi_traj,40Hz10kN_Bearing3_2,44,13,37440,E_norm|C_norm|VTOI|VTOI_vel|VTOI_acc,1.0,0.0,0.952708,0.0112179487179487,0.2540362477302551,0.2883873283863067,0.2444297169246685,6.338204860687256,7.1952643394470215,2234.4234897122096,9.748781342654883,2446,49,0.0,0.0932132676243782,0.6035146885321739,-0.6035146885321739,0.6035146885321739,0.025250501002004,0.1370192307692307,0.1921296059496981,0.3200160320641282
xjtu_sy,transformer_vib,40Hz10kN_Bearing3_2,44,13,37440,,1.0,0.0,0.952708,0.0112179487179487,0.2507848441600799,0.283358484506607,0.2705509110096004,6.257081985473633,7.069794178009033,2139.886398075437,9.402864209088222,2365,130,0.0,0.3309727311134338,0.4446572422160492,-0.4446572422160492,0.4446572422160492,0.0076152304609218,0.2319711538461538,0.2178222936517047,0.41
xjtu_sy,tcn_vib,40Hz10kN_Bearing3_2,44,13,37440,,1.0,0.0,0.952708,0.0112179487179487,0.2607418596744537,0.2993268966674804,0.186019475244373,6.505509376525879,7.46820592880249,2404.1325236991097,10.31755340340374,2475,20,0.0,0.4059135317802429,0.4404647240307294,0.4404647240307294,-0.4404647240307294,0.0180360721442885,0.1506410256410256,0.0718824727858096,0.2533333333333333
xjtu_sy,tcn_transformer_vib,40Hz10kN_Bearing3_2,44,13,37440,,1.0,0.0,0.952708,0.0112179487179487,0.2861482203006744,0.3251641690731048,0.0394325034377428,7.139398097991943,8.112846374511719,2289.918485349335,9.242948086238288,2068,427,0.0,0.4564352929592132,0.2150316269155895,-0.2150316269155895,0.2150316269155895,0.0028056112224448,0.5917467948717948,0.2766480030201449,0.3969659318637275
xjtu_sy,cnn_bilstm_attn_vib,40Hz10kN_Bearing3_2,44,13,37440,,1.0,0.0,0.952708,0.0112179487179487,0.2825113534927368,0.3433842360973358,-0.0712313520331191,7.04865837097168,8.567437171936035,3101.5359983719463,11.753052577112191,2470,25,0.0,0.4786359667778015,0.5039192983985065,-0.5039192983985065,0.5039192983985065,0.0108216432865731,0.2131410256410256,0.1856030506793695,0.316
xjtu_sy,abl_no_idxhead,40Hz10kN_Bearing3_2,44,13,37440,,1.0,0.0,0.952708,0.0112179487179487,0.2611537277698517,0.2978382408618927,0.1940957664325517,6.5157856941223145,7.431064128875732,2359.067004560605,10.107570403588351,2457,38,0.0,0.0894867777824401,0.650383119418019,-0.650383119418019,0.650383119418019,0.0188376753507014,0.1185897435897435,0.0886762315754077,0.2319999999999999
xjtu_sy,abl_cond_noaux,40Hz10kN_Bearing3_2,44,13,37440,E_norm|C_norm|VTOI,1.0,0.0,0.952708,0.0112179487179487,0.2492435723543167,0.2771826088428497,0.302001395451639,6.218627452850342,6.915706634521484,2053.9852604661755,9.227522044345582,2378,117,0.0,0.3474090099334717,0.5268299918743133,-0.5268299918743133,0.5268299918743133,0.006813627254509,0.6290064102564102,0.3237724833188279,0.3978329993319973
xjtu_sy,abl_E_only,40Hz10kN_Bearing3_2,44,13,37440,E_norm,1.0,0.0,0.952708,0.0112179487179487,0.2903890013694763,0.3334636688232422,-0.0102284705620459,7.245204925537109,8.31991958618164,2218.6173068563976,8.58157555102102,1924,571,0.0,0.3326572477817535,0.4644019944656726,-0.4644019944656726,0.4644019944656726,0.0180360721442885,0.0885416666666666,0.0918400976968008,0.2846746826987308
xjtu_sy,abl_no_smooth,40Hz10kN_Bearing3_2,44,13,37440,E_norm|C_norm|VTOI,1.0,0.0,0.952708,0.0112179487179487,0.2454742491245269,0.2728770077228546,0.3235177222335887,6.124582767486572,6.808281421661377,2010.449110579444,9.094719720119311,2272,223,0.0,0.1094168871641159,0.5961706779960689,-0.5961706779960689,0.5961706779960689,0.0148296593186372,0.6205929487179487,0.3084069528147913,0.3175511022044088
xjtu_sy,abl_no_mono,40Hz10kN_Bearing3_2,44,13,37440,E_norm|C_norm|VTOI,1.0,0.0,0.952708,0.0112179487179487,0.2554176747798919,0.2800995409488678,0.287233385023438,6.372671127319336,6.988483905792236,2008.2335767372076,8.996746701043612,2446,49,0.0,0.0962510406970977,0.5479697492407292,-0.5479697492407292,0.5479697492407292,0.0044088176352705,0.6057692307692307,0.2391593139684742,0.28
xjtu_sy,vtoi_static,40Hz10kN_Bearing3_3,44,13,5565,E_norm|C_norm|VTOI,1.0,0.0,0.971995,0.0053908355795148,0.251358151435852,0.2832724750041961,0.2737303570644808,0.9300251603126526,1.0481082201004028,32.47328114150045,1.4103253778883549,345,25,0.0,0.0936032608151435,0.3213867838118154,0.3213867838118154,-0.3213867838118154,0.0864864864864864,0.0053908355795148,0.0142857142857142,0.0089285714285714
xjtu_sy,vtoi_traj,40Hz10kN_Bearing3_3,44,13,5565,E_norm|C_norm|VTOI|VTOI_vel|VTOI_acc,1.0,0.0,0.971995,0.0053908355795148,0.2720779478549957,0.3078462481498718,0.1422574856666597,1.0066884756088257,1.139031171798706,35.377457680321776,1.5326553719203588,344,26,0.0,0.0978265553712844,0.4312893061098404,0.4312893061098404,-0.4312893061098404,0.0108108108108108,0.1994609164420485,0.0885167464114832,0.25
xjtu_sy,transformer_vib,40Hz10kN_Bearing3_3,44,13,5565,,1.0,0.0,0.971995,0.0053908355795148,0.2403903156518936,0.2904009222984314,0.2367176998562631,0.8894441723823547,1.0744835138320925,32.109220114295326,1.4337417327791373,344,26,0.0,0.4811724722385406,0.562253043995643,-0.562253043995643,0.562253043995643,0.0324324324324324,0.0,0.0,0.0
xjtu_sy,tcn_vib,40Hz10kN_Bearing3_3,44,13,5565,,1.0,0.0,0.971995,0.0053908355795148,0.2543214559555053,0.2884722352027893,0.2468227557518463,0.940989315509796,1.067347288131714,33.32379189725601,1.4690096347299066,344,26,0.0,0.27454873919487,0.1586049341580985,0.1586049341580985,-0.1586049341580985,0.0432432432432432,0.1509433962264151,0.0655737704918032,0.25
xjtu_sy,tcn_transformer_vib,40Hz10kN_Bearing3_3,44,13,5565,,1.0,0.0,0.971995,0.0053908355795148,0.2916305363178253,0.3248194456100464,0.0450663055279086,1.0790330171585083,1.201831936836243,37.57789827743605,1.5975910223859822,-1,0,0.0,0.3984241783618927,0.2084989054854858,0.2084989054854858,-0.2084989054854858,0.0378378378378378,0.0512129380053908,0.0243589743589743,0.25
xjtu_sy,cnn_bilstm_attn_vib,40Hz10kN_Bearing3_3,44,13,5565,,1.0,0.0,0.971995,0.0053908355795148,0.2579585611820221,0.2861564755439758,0.2588665937561084,0.9544466137886048,1.058779001235962,33.06500579885177,1.423403013216437,344,26,0.0,0.3440964818000793,0.1545742121946066,0.1545742121946066,-0.1545742121946066,0.0108108108108108,0.1266846361185983,0.0588972431077694,0.2098214285714285
xjtu_sy,abl_no_idxhead,40Hz10kN_Bearing3_3,44,13,5565,,1.0,0.0,0.971995,0.0053908355795148,0.2444660365581512,0.2858416140079498,0.2604966137249394,0.9045242071151732,1.0576140880584717,32.2720075209855,1.4304683402361411,344,26,0.0,0.0814983621239662,0.4028391874693441,0.4028391874693441,-0.4028391874693441,0.0108108108108108,0.0,0.0,0.0
xjtu_sy,abl_cond_noaux,40Hz10kN_Bearing3_3,44,13,5565,E_norm|C_norm|VTOI,1.0,0.0,0.971995,0.0053908355795148,0.2447610795497894,0.2843390703201294,0.2682507661137524,0.9056159853935242,1.0520546436309814,32.245181139692114,1.4284439362746204,344,26,0.0,0.2493275254964828,0.2057736067770568,0.2057736067770568,-0.2057736067770568,0.027027027027027,0.137466307277628,0.0632754342431761,0.2276785714285714
xjtu_sy,abl_E_only,40Hz10kN_Bearing3_3,44,13,5565,E_norm,1.0,0.0,0.971995,0.0053908355795148,0.2517350614070892,0.2905708849430084,0.2358240174137835,0.9314196705818176,1.0751123428344729,33.230461827237704,1.4732452622461671,344,26,0.0,0.0802613645792007,0.3952228594468203,0.3952228594468203,-0.3952228594468203,0.027027027027027,0.1805929919137466,0.2665217391304347,0.4642857142857143
xjtu_sy,abl_no_smooth,40Hz10kN_Bearing3_3,44,13,5565,E_norm|C_norm|VTOI,1.0,0.0,0.971995,0.0053908355795148,0.2435923963785171,0.2832757532596588,0.2737135010712108,0.901291847229004,1.048120379447937,32.08252074776161,1.4210286646017007,344,26,0.0,0.080509565770626,0.2368806075652219,0.2368806075652219,-0.2368806075652219,0.0162162162162162,0.1320754716981132,0.0849999999999999,0.2274436090225564
xjtu_sy,abl_no_mono,40Hz10kN_Bearing3_3,44,13,5565,E_norm|C_norm|VTOI,1.0,0.0,0.971995,0.0053908355795148,0.245252713561058,0.2843675315380096,0.2681043883383983,0.9074349999427797,1.0521597862243652,32.451234341663614,1.4460223271659602,345,25,0.0,0.0954466238617897,0.4416104596825259,-0.4416104596825259,0.4416104596825259,0.0162162162162162,0.6172506738544474,0.238450122596464,0.28125
xjtu_sy,vtoi_static,40Hz10kN_Bearing3_4,44,13,22725,E_norm|C_norm|VTOI,1.0,0.0,0.959018,0.0389438943894389,0.2692122161388397,0.3498345017433166,-0.1113825825986691,4.075873374938965,5.296494483947754,877.9251287817582,7.381019726127583,-1,0,0.0,0.1588902920484542,0.4219584428271969,-0.4219584428271969,0.4219584428271969,0.0145310435931307,0.0052805280528052,0.0026263952724885,0.0263157894736842
xjtu_sy,vtoi_traj,40Hz10kN_Bearing3_4,44,13,22725,E_norm|C_norm|VTOI|VTOI_vel|VTOI_acc,1.0,0.0,0.959018,0.0389438943894389,0.2548431158065796,0.3360934555530548,-0.0257897498090944,3.8583250045776367,5.0884552001953125,826.1583389068438,7.04974187380164,1445,69,0.0,0.0981858149170875,0.3262068905522565,-0.3262068905522565,0.3262068905522565,0.0145310435931307,0.6,0.1935689948892674,0.25
xjtu_sy,transformer_vib,40Hz10kN_Bearing3_4,44,13,22725,,1.0,0.0,0.959018,0.0389438943894389,0.2580855786800384,0.345503568649292,-0.0840350992503033,3.907415866851807,5.230924129486084,855.4409016811195,7.216490355652846,1445,69,0.0,0.3796863853931427,0.082951140967695,0.082951140967695,-0.082951140967695,0.0158520475561426,0.6,0.1921775898520084,0.25
xjtu_sy,tcn_vib,40Hz10kN_Bearing3_4,44,13,22725,,1.0,0.0,0.959018,0.0389438943894389,0.2756008207798004,0.3278205990791321,0.0240878678005087,4.17259693145752,4.963203430175781,810.1082602840374,6.900761534197398,-1,0,0.0,0.6137760877609253,0.3384611060148891,0.3384611060148891,-0.3384611060148891,0.0,0.1366336633663366,0.0604909409701928,0.2279735682819383
xjtu_sy,tcn_transformer_vib,40Hz10kN_Bearing3_4,44,13,22725,,1.0,0.0,0.959018,0.0389438943894389,0.2976188361644745,0.332451730966568,-0.0036804214615382,4.505949020385742,5.033319473266602,798.2734739889869,6.6067110008901295,-1,0,0.0,0.4343911707401275,0.4179397713043302,-0.4179397713043302,0.4179397713043302,0.0145310435931307,0.1498349834983498,0.0651549942594718,0.25
xjtu_sy,cnn_bilstm_attn_vib,40Hz10kN_Bearing3_4,44,13,22725,,1.0,0.0,0.959018,0.0389438943894389,0.2733468413352966,0.3383854627609253,-0.0398284593356252,4.138471603393555,5.1231560707092285,844.7739206574264,7.155212781686496,-1,0,0.0,0.4144495725631714,0.0485334388117974,0.0485334388117974,-0.0485334388117974,0.0217965653896961,0.0171617161716171,0.008436080467229,0.0855263157894736
xjtu_sy,abl_no_idxhead,40Hz10kN_Bearing3_4,44,13,22725,,1.0,0.0,0.959018,0.0389438943894389,0.2611043155193329,0.3467522263526916,-0.0918848233281213,3.9531195163726807,5.249829292297363,862.1747219843031,7.260939291913813,1445,69,0.0,0.1227646842598915,0.2425696099840506,-0.2425696099840506,0.2425696099840506,0.0184940554821664,0.6475247524752475,0.4365652338855231,0.4868421052631578
xjtu_sy,abl_cond_noaux,40Hz10kN_Bearing3_4,44,13,22725,E_norm|C_norm|VTOI,1.0,0.0,0.959018,0.0389438943894389,0.2627232372760772,0.3412377834320068,-0.0574323146710553,3.9776298999786377,5.166340351104736,847.714029659691,7.177295999319935,1476,38,0.0,0.4026998877525329,0.0436749702227253,0.0436749702227253,-0.0436749702227253,0.0145310435931307,0.0501650165016501,0.0238843494657448,0.25
xjtu_sy,abl_E_only,40Hz10kN_Bearing3_4,44,13,22725,E_norm,1.0,0.0,0.959018,0.0389438943894389,0.2651192843914032,0.3426447510719299,-0.0661699724087241,4.013906002044678,5.187641620635986,853.9451356633723,7.230091893552455,-1,0,0.0,0.1521729230880737,0.1498713062558487,-0.1498713062558487,0.1498713062558487,0.0171730515191545,0.0501650165016501,0.0238843494657448,0.25
xjtu_sy,abl_no_smooth,40Hz10kN_Bearing3_4,44,13,22725,E_norm|C_norm|VTOI,1.0,0.0,0.959018,0.0389438943894389,0.2562456727027893,0.3222202956676483,0.0571468603396663,3.879559755325317,4.878415584564209,789.4747985799485,6.84254653453581,1454,60,0.0,0.1169951632618904,0.2783391422049829,-0.2783391422049829,0.2783391422049829,0.0026420079260237,0.2,0.0865714285714285,0.25
xjtu_sy,abl_no_mono,40Hz10kN_Bearing3_4,44,13,22725,E_norm|C_norm|VTOI,1.0,0.0,0.959018,0.0389438943894389,0.2620902955532074,0.3385606110095978,-0.0409050413419209,3.9680471420288086,5.125807762145996,839.6103257134,7.130474051309399,1459,55,0.0,0.1300613135099411,0.3838745841850211,-0.3838745841850211,0.3838745841850211,0.0198150594451783,0.0026402640264026,0.0013166556945358,0.0131578947368421
xjtu_sy,vtoi_static,40Hz10kN_Bearing3_5,44,13,1710,E_norm|C_norm|VTOI,1.0,0.0,0.920027,0.0263157894736842,0.4420591294765472,0.521452784538269,-1.4366885210313072,0.4995268583297729,0.5892416834831238,4.541422321010878,0.5150891667264595,10,103,0.8529411764705882,0.4354950487613678,0.5814635835735619,-0.5814635835735619,0.5814635835735619,0.0265486725663716,0.2017543859649122,0.0905511811023622,0.25
xjtu_sy,vtoi_traj,40Hz10kN_Bearing3_5,44,13,1710,E_norm|C_norm|VTOI|VTOI_vel|VTOI_acc,1.0,0.0,0.920027,0.0263157894736842,0.4423181414604187,0.5208947658538818,-1.4314759521832523,0.4998194575309753,0.5886111259460449,4.558164526983139,0.520744498426977,10,103,0.8529411764705882,0.5334439873695374,0.0608271614067491,0.0608271614067491,-0.0608271614067491,0.1504424778761062,0.131578947368421,0.0857142857142857,0.2830882352941176
xjtu_sy,transformer_vib,40Hz10kN_Bearing3_5,44,13,1710,,1.0,0.0,0.920027,0.0263157894736842,0.4319732189178467,0.5110912919044495,-1.3408139333832434,0.4881297647953033,0.5775331258773804,4.454109088840301,0.5101282750174665,10,103,0.8529411764705882,0.4549330174922943,0.1858377256121884,0.1858377256121884,-0.1858377256121884,0.079646017699115,0.2017543859649122,0.0905511811023622,0.25
xjtu_sy,tcn_vib,40Hz10kN_Bearing3_5,44,13,1710,,1.0,0.0,0.920027,0.0263157894736842,0.3860952854156494,0.4486778676509857,-0.8040116046551762,0.4362876415252685,0.507006049156189,3.917617257015103,0.437626514714538,29,84,0.5735294117647058,0.356838196516037,0.8241688599615579,0.8241688599615579,-0.8241688599615579,0.2035398230088495,0.2017543859649122,0.083941605839416,0.25
xjtu_sy,tcn_transformer_vib,40Hz10kN_Bearing3_5,44,13,1710,,1.0,0.0,0.920027,0.0263157894736842,0.3001720011234283,0.3347018361091614,-0.0038902056317831,0.3391943871974945,0.3782130777835846,3.452117386937288,0.4949383587298686,-1,0,0.0,0.3177569210529327,0.7179138355609376,0.7179138355609376,-0.7179138355609376,0.1327433628318584,0.1491228070175438,0.0648854961832061,0.25
xjtu_sy,cnn_bilstm_attn_vib,40Hz10kN_Bearing3_5,44,13,1710,,1.0,0.0,0.920027,0.0263157894736842,0.5210515856742859,0.601485013961792,-2.2420492291417715,0.5887882709503174,0.6796780228614807,5.352859384154581,0.6001803884772878,6,107,0.9117647058823528,0.4778231978416443,0.6606348458715935,-0.6606348458715935,0.6606348458715935,0.1327433628318584,0.2017543859649122,0.1085405405405405,0.2720588235294117
xjtu_sy,abl_no_idxhead,40Hz10kN_Bearing3_5,44,13,1710,,1.0,0.0,0.920027,0.0263157894736842,0.4634467363357544,0.5472552180290222,-1.683797969937347,0.5236948132514954,0.6183984279632568,4.763076345113213,0.538306688987895,10,103,0.8529411764705882,0.4324631690979004,0.4272147516615512,-0.4272147516615512,0.4272147516615512,0.0619469026548672,0.1403508771929824,0.0913752913752913,0.2867647058823529
xjtu_sy,abl_cond_noaux,40Hz10kN_Bearing3_5,44,13,1710,E_norm|C_norm|VTOI,1.0,0.0,0.920027,0.0263157894736842,0.4038966298103332,0.48026242852211,-1.0669368040332037,0.4564032256603241,0.5426965355873108,4.168929087876532,0.4808574660697527,10,103,0.8088235294117647,0.2042432129383087,0.4626207938112399,-0.4626207938112399,0.4626207938112399,0.1150442477876106,0.5175438596491229,0.1705202312138728,0.2169117647058823
xjtu_sy,abl_E_only,40Hz10kN_Bearing3_5,44,13,1710,E_norm,1.0,0.0,0.920027,0.0263157894736842,0.4680769443511963,0.5510773658752441,-1.721417417228272,0.5289269685745239,0.6227174401283264,4.804017606216125,0.5410050609263412,11,102,0.8382352941176471,0.4867745041847229,0.367812212069109,-0.367812212069109,0.367812212069109,0.0619469026548672,0.4824561403508772,0.1627218934911242,0.2022058823529411
xjtu_sy,abl_no_smooth,40Hz10kN_Bearing3_5,44,13,1710,E_norm|C_norm|VTOI,1.0,0.0,0.920027,0.0263157894736842,0.4185709357261657,0.4933369159698486,-1.1810077979202238,0.4729852080345154,0.5574707388877869,4.308502382612918,0.4931758035039693,12,101,0.8088235294117647,0.4514784216880798,0.4461287012785564,-0.4461287012785564,0.4461287012785564,0.0442477876106194,0.2017543859649122,0.08984375,0.25
xjtu_sy,abl_no_mono,40Hz10kN_Bearing3_5,44,13,1710,E_norm|C_norm|VTOI,1.0,0.0,0.920027,0.0263157894736842,0.412478893995285,0.4891815483570099,-1.1444214075458117,0.466101199388504,0.5527751445770264,4.250395799290008,0.4877976284346036,10,103,0.8382352941176471,0.449303925037384,0.2172296862968591,-0.2172296862968591,0.2172296862968591,0.1150442477876106,0.1491228070175438,0.0714285714285714,0.25
xjtu_sy,ctl_scalar,35Hz12kN_Bearing1_1,44,13,1845,VTOI,1.0,0.0,0.921294,0.0,0.1695924550294876,0.18743447959423065,0.6848438444417757,0.20690280199050903,0.22867007553577423,2.0980750165890214,0.24880028397935192,78,44,0.0,0.06271036714315414,0.864027482286426,-0.864027482286426,0.864027482286426,0.16393442622950818,0.6585365853658537,0.3120485036119711,0.5
xjtu_sy,ctl_EC,35Hz12kN_Bearing1_1,44,13,1845,E_norm|C_norm,1.0,0.0,0.921294,0.0,0.1710117608308792,0.18872706592082977,0.6804821191248644,0.2086343616247177,0.23024700582027435,2.1034323614616026,0.24670040749800884,78,44,0.0,0.07257615029811859,0.8797189009930735,-0.8797189009930735,0.8797189009930735,0.08196721311475409,0.032520325203252036,0.024390243902439025,0.041666666666666664
xjtu_sy,ctl_hc10,35Hz12kN_Bearing1_1,44,13,1845,hc_RMS_x|hc_RMS_y|hc_Kurt_x|hc_Kurt_y|hc_CF_x|hc_CF_y|hc_SE_x|hc_SE_y|hc_ESE_x|hc_ESE_y,1.0,0.0,0.921294,0.0,0.10237376391887665,0.1196426972746849,0.871589879541166,0.12489599734544754,0.1459641009569168,1.3735343130498017,0.18842058474334275,87,35,0.0,0.06844465434551239,0.791906923441095,-0.791906923441095,0.791906923441095,0.16393442622950818,0.14634146341463414,0.06382978723404255,0.25
xjtu_sy,ctl_random,35Hz12kN_Bearing1_1,44,13,1845,VTOI_rand,1.0,0.0,0.921294,0.0,0.11667925864458084,0.1305324137210846,0.8471506672919253,0.14234872162342072,0.15924955904483795,1.5234704215269155,0.2001469949093776,83,39,0.0,0.0746680349111557,0.8720497617440921,-0.8720497617440921,0.8720497617440921,0.04918032786885246,0.14634146341463414,0.15,0.25
xjtu_sy,ctl_shuffled,35Hz12kN_Bearing1_1,44,13,1845,VTOI_shuf,1.0,0.0,0.921294,0.0,0.11130064725875854,0.12604038417339325,0.857489681204668,0.13578678667545319,0.15376928448677063,1.5275438563331138,0.21674997144477154,93,29,0.0,0.11382150650024414,0.8943975402333048,-0.8943975402333048,0.8943975402333048,0.22950819672131148,0.14634146341463414,0.15,0.25
xjtu_sy,ctl_elapsed,35Hz12kN_Bearing1_1,44,13,1845,elapsed_norm,1.0,0.0,0.921294,0.0,0.11162947118282318,0.13119806349277496,0.8455877798288483,0.13618792593479156,0.16006164252758026,1.5132876317850357,0.2104187747993605,88,34,0.0,0.10223321616649628,0.8939977588649827,-0.8939977588649827,0.8939977588649827,0.11475409836065574,0.17886178861788618,0.0763888888888889,0.22916666666666666
xjtu_sy,ctl_lifefrac,35Hz12kN_Bearing1_1,44,13,1845,Deg_oracle,1.0,0.0,0.921294,0.0,0.10957162827253342,0.13172687590122223,0.8443404954503212,0.1336773931980133,0.1607068032026291,1.4940464280944483,0.2093502326406599,87,35,0.0,0.10904407501220703,0.8717832408318772,-0.8717832408318772,0.8717832408318772,0.03278688524590164,0.04878048780487805,0.06666666666666667,0.21428571428571427
xjtu_sy,ctl_nodeg,35Hz12kN_Bearing1_1,44,13,1845,VTOI_mono,1.0,0.0,0.921294,0.0,0.16717329621315002,0.18381375074386597,0.696902196688137,0.2039514034986496,0.22425279021263123,2.055309863733478,0.24107346710998837,78,44,0.0,0.06276062875986099,0.8744284608856093,-0.8744284608856093,0.8744284608856093,0.11475409836065574,0.0,0.0,0.0
xjtu_sy,ctl_scalar,35Hz12kN_Bearing1_2,44,13,2415,VTOI,1.0,0.0,0.9056,0.06832298136645963,0.3593496084213257,0.4335213899612427,-0.6912215317199342,0.5749593377113342,0.6936343312263489,7.427630375797483,0.5939521904780257,49,111,0.4895833333333333,0.0985860824584961,0.5967178141202883,-0.5967178141202883,0.5967178141202883,0.025,0.2981366459627329,0.11483253588516747,0.125
xjtu_sy,ctl_EC,35Hz12kN_Bearing1_2,44,13,2415,E_norm|C_norm,1.0,0.0,0.9056,0.06832298136645963,0.319219172000885,0.39719414710998535,-0.4196625396539355,0.5107507109642029,0.6355107426643372,6.5877991581192745,0.5279924695998985,54,106,0.4375,0.07248295098543167,0.8174896009720136,-0.8174896009720136,0.8174896009720136,0.0125,0.15527950310559005,0.10967213114754099,0.2664930555555555
xjtu_sy,ctl_hc10,35Hz12kN_Bearing1_2,44,13,2415,hc_RMS_x|hc_RMS_y|hc_Kurt_x|hc_Kurt_y|hc_CF_x|hc_CF_y|hc_SE_x|hc_SE_y|hc_ESE_x|hc_ESE_y,1.0,0.0,0.9056,0.06832298136645963,0.2986939251422882,0.37176284193992615,-0.2436878895268515,0.4779103100299835,0.5948206186294556,6.139188614207006,0.4906739841059128,55,105,0.4270833333333333,0.10509656369686127,0.4644278916850893,-0.4644278916850893,0.4644278916850893,0.0,0.055900621118012424,0.038461538461538464,0.25
xjtu_sy,ctl_random,35Hz12kN_Bearing1_2,44,13,2415,VTOI_rand,1.0,0.0,0.9056,0.06832298136645963,0.33973073959350586,0.41535255312919617,-0.5524341915895457,0.5435692667961121,0.6645641922950745,7.003257993989422,0.5583363860753012,51,109,0.46875,0.06138823181390762,0.7812917984651755,-0.7812917984651755,0.7812917984651755,0.0625,0.12422360248447205,0.0668859649122807,0.07725694444444445
xjtu_sy,ctl_shuffled,35Hz12kN_Bearing1_2,44,13,2415,VTOI_shuf,1.0,0.0,0.9056,0.06832298136645963,0.31864798069000244,0.3881705403327942,-0.35589042442330854,0.5098368525505066,0.6210729479789734,6.588368794009543,0.5325728263821661,55,105,0.4166666666666667,0.07601184397935867,0.7774807205485765,-0.7774807205485765,0.7774807205485765,0.05,0.055900621118012424,0.03515625,0.25
xjtu_sy,ctl_elapsed,35Hz12kN_Bearing1_2,44,13,2415,elapsed_norm,1.0,0.0,0.9056,0.06832298136645963,0.30210307240486145,0.37027639150619507,-0.23376221403173436,0.4833649694919586,0.5924422740936279,6.297248110311953,0.5200578717063673,53,107,0.4479166666666667,0.09677166491746902,0.7516808238329276,-0.7516808238329276,0.7516808238329276,0.025,0.055900621118012424,0.036290322580645164,0.25
xjtu_sy,ctl_lifefrac,35Hz12kN_Bearing1_2,44,13,2415,Deg_oracle,1.0,0.0,0.9056,0.06832298136645963,0.24733658134937286,0.33269405364990234,0.003976711750482087,0.3957386016845703,0.5323105454444885,5.172659720698567,0.43076613827706867,56,104,0.4166666666666667,0.08892566710710526,0.6578735656063216,-0.6578735656063216,0.6578735656063216,0.0125,0.14906832298136646,0.09230769230769231,0.25
xjtu_sy,ctl_nodeg,35Hz12kN_Bearing1_2,44,13,2415,VTOI_mono,1.0,0.0,0.9056,0.06832298136645963,0.3072083592414856,0.38103243708610535,-0.30648180949691395,0.49153339862823486,0.6096519827842712,6.383269133421955,0.5215193959219115,54,106,0.4375,0.1043277159333229,0.6024716194994472,-0.6024716194994472,0.6024716194994472,0.1,0.2670807453416149,0.1053921568627451,0.11197916666666667
xjtu_sy,ctl_scalar,35Hz12kN_Bearing1_3,44,13,2370,VTOI,1.0,0.0,0.925663,0.0759493670886076,0.15888741612434387,0.18294933438301086,0.698859316289937,0.24945326149463654,0.2872304320335388,3.351216518460497,0.32426114887282065,119,38,0.0,0.1727544665336609,0.956080427399873,-0.956080427399873,0.956080427399873,0.09554140127388536,0.2468354430379747,0.22710453283996299,0.3709677419354839
xjtu_sy,ctl_EC,35Hz12kN_Bearing1_3,44,13,2370,E_norm|C_norm,1.0,0.0,0.925663,0.0759493670886076,0.174636110663414,0.185191348195076,0.6914332461195112,0.274178683757782,0.2907504141330719,3.8037063232765203,0.3895157186809597,138,19,0.0,0.2233327180147171,0.9652004014888897,-0.9652004014888897,0.9652004014888897,0.19745222929936307,0.12658227848101267,0.1724137931034483,0.20833333333333334
xjtu_sy,ctl_hc10,35Hz12kN_Bearing1_3,44,13,2370,hc_RMS_x|hc_RMS_y|hc_Kurt_x|hc_Kurt_y|hc_CF_x|hc_CF_y|hc_SE_x|hc_SE_y|hc_ESE_x|hc_ESE_y,1.0,0.0,0.925663,0.0759493670886076,0.18364420533180237,0.2133190631866455,0.5905818129893213,0.2883213758468628,0.33491092920303345,3.812474523424055,0.35670032717664785,132,25,0.0,0.14706926047801971,0.9356304337945455,-0.9356304337945455,0.9356304337945455,0.10828025477707007,0.056962025316455694,0.039245759653554674,0.25806451612903225
xjtu_sy,ctl_random,35Hz12kN_Bearing1_3,44,13,2370,VTOI_rand,1.0,0.0,0.925663,0.0759493670886076,0.15549175441265106,0.17954164743423462,0.709973153539192,0.24412205815315247,0.2818804085254669,3.232886043038074,0.3050465632607288,118,39,0.0,0.16302108764648438,0.9639114703008522,-0.9639114703008522,0.9639114703008522,0.1337579617834395,0.2088607594936709,0.19169012615994163,0.3131720430107527
xjtu_sy,ctl_shuffled,35Hz12kN_Bearing1_3,44,13,2370,VTOI_shuf,1.0,0.0,0.925663,0.0759493670886076,0.15380820631980896,0.17697753012180328,0.7181979888419034,0.24147889018058777,0.2778547406196594,3.220931412587532,0.3083952563237163,119,38,0.0,0.17168861627578735,0.9642698560458187,-0.9642698560458187,0.9642698560458187,0.1592356687898089,0.0,0.0,0.0
xjtu_sy,ctl_elapsed,35Hz12kN_Bearing1_3,44,13,2370,elapsed_norm,1.0,0.0,0.925663,0.0759493670886076,0.17546533048152924,0.19109666347503662,0.6714405380799428,0.27548059821128845,0.300021767616272,3.7943511353821773,0.3832033302729266,132,25,0.0,0.1928267478942871,0.9606608487193136,-0.9606608487193136,0.9606608487193136,0.10828025477707007,0.189873417721519,0.09259259259259259,0.24193548387096775
xjtu_sy,ctl_lifefrac,35Hz12kN_Bearing1_3,44,13,2370,Deg_oracle,1.0,0.0,0.925663,0.0759493670886076,0.05430162325501442,0.06197184696793556,0.9654461303500027,0.08525355160236359,0.09729581326246262,1.1758177415976139,0.12200730998965004,125,32,0.0,0.30884939432144165,0.9612833081710976,-0.9612833081710976,0.9612833081710976,0.07006369426751592,0.1962025316455696,0.082010582010582,0.25
xjtu_sy,ctl_nodeg,35Hz12kN_Bearing1_3,44,13,2370,VTOI_mono,1.0,0.0,0.925663,0.0759493670886076,0.16426122188568115,0.1876959502696991,0.6830304450240403,0.25789013504981995,0.29468265175819397,3.482129185927636,0.3396705513277763,121,36,0.0,0.1756627857685089,0.9533453782935494,-0.9533453782935494,0.9533453782935494,0.1464968152866242,0.006329113924050633,0.0036496350364963502,0.010416666666666666
xjtu_sy,ctl_scalar,35Hz12kN_Bearing1_4,44,13,1830,VTOI,1.0,0.0,0.950315,0.0,0.2757995128631592,0.3583569824695587,-0.15191826108960593,0.33371737599372864,0.4336119592189789,3.9840453253137773,0.5956932707827111,-1,0,0.0,0.11827660351991653,0.6739597032721903,-0.6739597032721903,0.6739597032721903,0.008264462809917356,0.04918032786885246,0.0234375,0.21428571428571427
xjtu_sy,ctl_EC,35Hz12kN_Bearing1_4,44,13,1830,E_norm|C_norm,1.0,0.0,0.950315,0.0,0.2781267464160919,0.36567631363868713,-0.19945386085538175,0.3365333080291748,0.4424683749675751,4.037579085403297,0.6062532612962312,-1,0,0.0,0.11165469139814377,0.6140807247733039,-0.6140807247733039,0.6140807247733039,0.05785123966942149,0.14754098360655737,0.06474820143884892,0.25
xjtu_sy,ctl_hc10,35Hz12kN_Bearing1_4,44,13,1830,hc_RMS_x|hc_RMS_y|hc_Kurt_x|hc_Kurt_y|hc_CF_x|hc_CF_y|hc_SE_x|hc_SE_y|hc_ESE_x|hc_ESE_y,1.0,0.0,0.950315,0.0,0.2877923250198364,0.3937053680419922,-0.3903768329421078,0.34822872281074524,0.4763834774494171,4.2620103562565195,0.6511914945955648,-1,0,0.0,0.1369764506816864,0.7004753887978328,-0.7004753887978328,0.7004753887978328,0.008264462809917356,0.5983606557377049,0.18814432989690721,0.25
xjtu_sy,ctl_random,35Hz12kN_Bearing1_4,44,13,1830,VTOI_rand,1.0,0.0,0.950315,0.0,0.28257036209106445,0.38804709911346436,-0.35069966974602984,0.34191015362739563,0.46953701972961426,4.182577866588122,0.63915497440173,-1,0,0.0,0.12060601264238358,0.6153586714726067,-0.6153586714726067,0.6153586714726067,0.04132231404958678,0.20491803278688525,0.14525862068965517,0.2857142857142857
xjtu_sy,ctl_shuffled,35Hz12kN_Bearing1_4,44,13,1830,VTOI_shuf,1.0,0.0,0.950315,0.0,0.2831437587738037,0.39328742027282715,-0.3874267099083002,0.34260398149490356,0.4758778214454651,4.211129238151019,0.6462280067202987,-1,0,0.0,0.13008897006511688,0.6328740585865814,-0.6328740585865814,0.6328740585865814,0.17355371900826447,0.5983606557377049,0.18814432989690721,0.25
xjtu_sy,ctl_elapsed,35Hz12kN_Bearing1_4,44,13,1830,elapsed_norm,1.0,0.0,0.950315,0.0,0.28315216302871704,0.39240843057632446,-0.3812317905274827,0.342614084482193,0.474814236164093,4.208415029235071,0.6454819370916144,-1,0,0.0,0.12079746276140213,0.7016849961014511,-0.7016849961014511,0.7016849961014511,0.024793388429752067,0.04918032786885246,0.0234375,0.21428571428571427
xjtu_sy,ctl_lifefrac,35Hz12kN_Bearing1_4,44,13,1830,Deg_oracle,1.0,0.0,0.950315,0.0,0.268341064453125,0.35616886615753174,-0.13789390405532487,0.3246926963329315,0.4309643507003784,3.9076391321289785,0.5898074440230601,-1,0,0.0,0.11152318865060806,0.6218440801230797,-0.6218440801230797,0.6218440801230797,0.04132231404958678,0.04918032786885246,0.0234375,0.21428571428571427
xjtu_sy,ctl_nodeg,35Hz12kN_Bearing1_4,44,13,1830,VTOI_mono,1.0,0.0,0.950315,0.0,0.28318533301353455,0.3914658725261688,-0.3746041687727173,0.342654287815094,0.4736737012863159,4.2038877622525845,0.6440478705907943,-1,0,0.0,0.12767824530601501,0.7344742381509439,-0.7344742381509439,0.7344742381509439,0.024793388429752067,0.04918032786885246,0.0234375,0.21428571428571427
xjtu_sy,ctl_scalar,35Hz12kN_Bearing1_5,44,13,780,VTOI,1.0,0.0,0.968763,0.038461538461538464,0.1673354208469391,0.1857016682624817,0.6961820096650428,0.08534105867147446,0.09470786154270172,0.3637616661476646,0.10273049958050251,39,12,0.0,0.10595635324716568,0.7976889408210516,-0.7976889408210516,0.7976889408210516,0.09803921568627451,0.07692307692307693,0.11521739130434783,0.10625
xjtu_sy,ctl_EC,35Hz12kN_Bearing1_5,44,13,780,E_norm|C_norm,1.0,0.0,0.968763,0.038461538461538464,0.1640395075082779,0.1813858300447464,0.7101397856883671,0.08366015553474426,0.0925067812204361,0.35753938793522,0.10152147996884126,39,12,0.0,0.12056117504835129,0.7940674983923436,-0.7940674983923436,0.7940674983923436,0.09803921568627451,0.09615384615384616,0.1388888888888889,0.13125
xjtu_sy,ctl_hc10,35Hz12kN_Bearing1_5,44,13,780,hc_RMS_x|hc_RMS_y|hc_Kurt_x|hc_Kurt_y|hc_CF_x|hc_CF_y|hc_SE_x|hc_SE_y|hc_ESE_x|hc_ESE_y,1.0,0.0,0.968763,0.038461538461538464,0.18132366240024567,0.20934152603149414,0.6139063623291209,0.09247506409883499,0.10676418989896774,0.3892253058004631,0.10704488436189982,39,12,0.0,0.1293836534023285,0.7957457278105254,-0.7957457278105254,0.7957457278105254,0.13725490196078433,0.21153846153846154,0.2612179487179487,0.4625
xjtu_sy,ctl_random,35Hz12kN_Bearing1_5,44,13,780,VTOI_rand,1.0,0.0,0.968763,0.038461538461538464,0.17193493247032166,0.19390903413295746,0.6687331474136466,0.08768682181835175,0.09889362007379532,0.3659273595221644,0.09902493397776897,39,12,0.0,0.08490552753210068,0.818534316752152,-0.818534316752152,0.818534316752152,0.058823529411764705,0.1346153846153846,0.11944444444444444,0.35
xjtu_sy,ctl_shuffled,35Hz12kN_Bearing1_5,44,13,780,VTOI_shuf,1.0,0.0,0.968763,0.038461538461538464,0.15770728886127472,0.17344020307064056,0.734978301664527,0.08043073117733002,0.08845451474189758,0.347612324544192,0.10082703929107922,39,12,0.0,0.0996372178196907,0.8167677594698555,-0.8167677594698555,0.8167677594698555,0.058823529411764705,0.75,0.40185421994884907,0.5
xjtu_sy,ctl_elapsed,35Hz12kN_Bearing1_5,44,13,780,elapsed_norm,1.0,0.0,0.968763,0.038461538461538464,0.15235671401023865,0.1674099564552307,0.7530867088429078,0.07770192623138428,0.08537908643484116,0.36068380089325136,0.11791627252331147,39,12,0.0,0.16312693059444427,0.8007804160650707,-0.8007804160650707,0.8007804160650707,0.13725490196078433,0.19230769230769232,0.16666666666666669,0.425
xjtu_sy,ctl_lifefrac,35Hz12kN_Bearing1_5,44,13,780,Deg_oracle,1.0,0.0,0.968763,0.038461538461538464,0.08350872993469238,0.09598538279533386,0.9188306432321678,0.0425894521176815,0.048952553421258926,0.1760487506598225,0.04701096808108,39,12,0.0,0.12723217904567719,0.9236444750488026,-0.9236444750488026,0.9236444750488026,0.29411764705882354,0.1346153846153846,0.06140350877192982,0.21875
xjtu_sy,ctl_nodeg,35Hz12kN_Bearing1_5,44,13,780,VTOI_mono,1.0,0.0,0.968763,0.038461538461538464,0.17385157942771912,0.19250871241092682,0.6735003921461395,0.08866432309150696,0.09817945212125778,0.3750182559625048,0.10429736004712489,39,12,0.0,0.09927698224782944,0.8475058561818171,-0.8475058561818171,0.8475058561818171,0.058823529411764705,0.7692307692307693,0.4507108725148959,0.525
xjtu_sy,ctl_scalar,37.5Hz11kN_Bearing2_1,44,13,7365,VTOI,1.0,0.0,0.961961,0.012219959266802444,0.257951557636261,0.3001306354999542,0.18383282486595443,1.263962745666504,1.4706403017044067,61.86126100994039,2.050111165061563,468,22,0.0,0.1407075822353363,0.1128237322875134,-0.1128237322875134,0.1128237322875134,0.053061224489795916,0.14867617107942974,0.06771799628942486,0.24662162162162163
xjtu_sy,ctl_EC,37.5Hz11kN_Bearing2_1,44,13,7365,E_norm|C_norm,1.0,0.0,0.961961,0.012219959266802444,0.2498486340045929,0.31538838148117065,0.09874052771089048,1.2242584228515625,1.545403242111206,62.99510420058493,2.156029084981884,468,22,0.0,0.1056518480181694,0.14365987600118194,-0.14365987600118194,0.14365987600118194,0.012244897959183673,0.008146639511201629,0.00404040404040404,0.04
xjtu_sy,ctl_hc10,37.5Hz11kN_Bearing2_1,44,13,7365,hc_RMS_x|hc_RMS_y|hc_Kurt_x|hc_Kurt_y|hc_CF_x|hc_CF_y|hc_SE_x|hc_SE_y|hc_ESE_x|hc_ESE_y,1.0,0.0,0.961961,0.012219959266802444,0.2624220550060272,0.3059440553188324,0.151908894311528,1.2858681678771973,1.4991260766983032,63.16446996089644,2.0937358999886606,482,8,0.0,0.08695090562105179,0.06906547157855635,0.06906547157855635,-0.06906547157855635,0.04081632653061224,0.05091649694501019,0.0244140625,0.25
xjtu_sy,ctl_random,37.5Hz11kN_Bearing2_1,44,13,7365,VTOI_rand,1.0,0.0,0.961961,0.012219959266802444,0.2480938583612442,0.3232669532299042,0.053150148990453006,1.2156599760055542,1.5840083360671997,63.45817049860045,2.1806227116335313,465,25,0.0,0.08028224110603333,0.11772991018738224,0.11772991018738224,-0.11772991018738224,0.00816326530612245,0.1955193482688391,0.3019570640525632,0.48986486486486486
xjtu_sy,ctl_shuffled,37.5Hz11kN_Bearing2_1,44,13,7365,VTOI_shuf,1.0,0.0,0.961961,0.012219959266802444,0.24867452681064606,0.3124910295009613,0.11522353947449038,1.2185052633285522,1.5312062501907349,62.27337411600064,2.119280358142923,466,24,0.0,0.09069766849279404,0.20435645320669585,-0.20435645320669585,0.20435645320669585,0.004081632653061225,0.0,0.0,0.0
xjtu_sy,ctl_elapsed,37.5Hz11kN_Bearing2_1,44,13,7365,elapsed_norm,1.0,0.0,0.961961,0.012219959266802444,0.2504710257053375,0.35887691378593445,-0.16694258479340895,1.2273081541061401,1.7584971189498901,67.95161089054606,2.391969320920055,472,18,0.0,0.08845169097185135,0.018892177878106348,-0.018892177878106348,0.018892177878106348,0.0163265306122449,0.0,0.0,0.0
xjtu_sy,ctl_lifefrac,37.5Hz11kN_Bearing2_1,44,13,7365,Deg_oracle,1.0,0.0,0.961961,0.012219959266802444,0.06393291056156158,0.07479874044656754,0.9493071103763944,0.31327125430107117,0.3665138781070709,14.25722939177217,0.5013529144288202,400,90,0.0,0.06786642223596573,0.03893630823491657,0.03893630823491657,-0.03893630823491657,0.0163265306122449,0.6272912423625254,0.36973727842320514,0.3833783783783784
xjtu_sy,ctl_nodeg,37.5Hz11kN_Bearing2_1,44,13,7365,VTOI_mono,1.0,0.0,0.961961,0.012219959266802444,0.26033973693847656,0.2989347279071808,0.19032414484280158,1.2756648063659668,1.464780330657959,62.04559341968713,2.0488450109063363,474,16,0.0,0.0906713530421257,0.024207301289399873,-0.024207301289399873,0.024207301289399873,0.0163265306122449,0.19959266802443992,0.08492201039861352,0.25
xjtu_sy,ctl_scalar,37.5Hz11kN_Bearing2_2,44,13,2415,VTOI,1.0,0.0,0.936151,0.10559006211180125,0.2363380491733551,0.2673405110836029,0.35685489641954693,0.378140926361084,0.4277448356151581,4.974447034778096,0.43108338659039197,80,80,0.16666666666666666,0.22461815178394318,0.8328350653699976,-0.8328350653699976,0.8328350653699976,0.175,0.5900621118012422,0.3211901306240929,0.4140625
xjtu_sy,ctl_EC,37.5Hz11kN_Bearing2_2,44,13,2415,E_norm|C_norm,1.0,0.0,0.936151,0.10559006211180125,0.21680057048797607,0.2523535490036011,0.4269424131364906,0.3468809425830841,0.4037657082080841,4.520926107832594,0.38521869198320813,82,78,0.14583333333333334,0.36450451612472534,0.8580994476242978,-0.8580994476242978,0.8580994476242978,0.1375,0.055900621118012424,0.034073528578711834,0.12413194444444443
xjtu_sy,ctl_hc10,37.5Hz11kN_Bearing2_2,44,13,2415,hc_RMS_x|hc_RMS_y|hc_Kurt_x|hc_Kurt_y|hc_CF_x|hc_CF_y|hc_SE_x|hc_SE_y|hc_ESE_x|hc_ESE_y,1.0,0.0,0.936151,0.10559006211180125,0.23913241922855377,0.2829434275627136,0.2795918766581099,0.3826119005680084,0.45270952582359314,4.986964460694562,0.4218402203658353,77,83,0.19791666666666666,0.2835525870323181,0.7085986854174166,-0.7085986854174166,0.7085986854174166,0.0625,0.19254658385093168,0.11397058823529412,0.2421875
xjtu_sy,ctl_random,37.5Hz11kN_Bearing2_2,44,13,2415,VTOI_rand,1.0,0.0,0.936151,0.10559006211180125,0.22132252156734467,0.26034244894981384,0.390084931618508,0.3541160821914673,0.4165479242801666,4.557397189369922,0.37718747061046753,80,80,0.16666666666666666,0.2766733765602112,0.879225493124508,-0.879225493124508,0.879225493124508,0.125,0.4782608695652174,0.2514347202295552,0.42708333333333337
xjtu_sy,ctl_shuffled,37.5Hz11kN_Bearing2_2,44,13,2415,VTOI_shuf,1.0,0.0,0.936151,0.10559006211180125,0.18751390278339386,0.21706019341945648,0.5760254495213109,0.30002230405807495,0.3472963273525238,3.904519354002134,0.3342647654762179,81,79,0.15625,0.28518927097320557,0.9257795502977639,-0.9257795502977639,0.9257795502977639,0.125,0.16149068322981366,0.12461300309597523,0.11979166666666666
xjtu_sy,ctl_elapsed,37.5Hz11kN_Bearing2_2,44,13,2415,elapsed_norm,1.0,0.0,0.936151,0.10559006211180125,0.2062799632549286,0.23792746663093567,0.49058872961872657,0.3300480246543884,0.3806839883327484,4.401921198713676,0.3937070686717211,81,79,0.15625,0.32611897587776184,0.8041612410451102,-0.8041612410451102,0.8041612410451102,0.0375,0.6894409937888198,0.36606516290726815,0.45572916666666663
xjtu_sy,ctl_lifefrac,37.5Hz11kN_Bearing2_2,44,13,2415,Deg_oracle,1.0,0.0,0.936151,0.10559006211180125,0.05251988768577576,0.0601513534784317,0.9674410623828259,0.08403182029724121,0.09624217450618744,1.0804951849386295,0.09345779549446165,115,45,0.0,0.12092985957860947,0.920097146846785,-0.920097146846785,0.920097146846785,0.15,0.19875776397515527,0.08290155440414508,0.25
xjtu_sy,ctl_nodeg,37.5Hz11kN_Bearing2_2,44,13,2415,VTOI_mono,1.0,0.0,0.936151,0.10559006211180125,0.18404893577098846,0.21584700047969818,0.5807515885063914,0.29447832703590393,0.34535521268844604,3.8112003170502664,0.3224984543016238,84,76,0.125,0.3066341280937195,0.9015207451986632,-0.9015207451986632,0.9015207451986632,0.1,0.055900621118012424,0.05172413793103448,0.25
xjtu_sy,ctl_scalar,37.5Hz11kN_Bearing2_3,44,13,7995,VTOI,1.0,0.0,0.938293,0.005628517823639775,0.13933919370174408,0.1573171615600586,0.7757016741567864,0.7412845492362976,0.8369273543357849,33.20136274722106,0.8690809828297394,326,206,0.0,0.14951130747795105,0.9175806009196039,-0.9175806009196039,0.9175806009196039,0.03007518796992481,0.7879924953095685,0.4074224275215383,0.4858490566037736
xjtu_sy,ctl_EC,37.5Hz11kN_Bearing2_3,44,13,7995,E_norm|C_norm,1.0,0.0,0.938293,0.005628517823639775,0.11969877034425735,0.1418016254901886,0.817763121103966,0.6367975473403931,0.7543846964836121,29.18559116740123,0.8003141974460676,326,206,0.0,0.15126101672649384,0.9175519334572079,-0.9175519334572079,0.9175519334572079,0.03007518796992481,0.01125703564727955,0.006944444444444444,0.014150943396226415
xjtu_sy,ctl_hc10,37.5Hz11kN_Bearing2_3,44,13,7995,hc_RMS_x|hc_RMS_y|hc_Kurt_x|hc_Kurt_y|hc_CF_x|hc_CF_y|hc_SE_x|hc_SE_y|hc_ESE_x|hc_ESE_y,1.0,0.0,0.938293,0.005628517823639775,0.16111133992671967,0.18872010707855225,0.677217330994875,0.8571123480796814,1.0039910078048706,37.85338579692775,0.9399465204445439,326,206,0.0,0.13285812735557556,0.8197049042114324,-0.8197049042114324,0.8197049042114324,0.07894736842105263,0.7354596622889306,0.38619546935178223,0.4221108490566038
xjtu_sy,ctl_random,37.5Hz11kN_Bearing2_3,44,13,7995,VTOI_rand,1.0,0.0,0.938293,0.005628517823639775,0.13748623430728912,0.15206538140773773,0.7904273904510286,0.7314268946647644,0.8089878559112549,32.63326219485296,0.8526322864499257,326,206,0.0,0.15442878007888794,0.9172411781648367,-0.9172411781648367,0.9172411781648367,0.03007518796992481,0.651031894934334,0.3052351228184224,0.5
xjtu_sy,ctl_shuffled,37.5Hz11kN_Bearing2_3,44,13,7995,VTOI_shuf,1.0,0.0,0.938293,0.005628517823639775,0.12819337844848633,0.14457426965236664,0.8105668876389834,0.6819887161254883,0.7691351771354675,31.174692909969927,0.8525859258901223,326,206,0.0,0.1575177013874054,0.9124081716330356,-0.9124081716330356,0.9124081716330356,0.0,0.18761726078799248,0.1597444089456869,0.2358490566037736
xjtu_sy,ctl_elapsed,37.5Hz11kN_Bearing2_3,44,13,7995,elapsed_norm,1.0,0.0,0.938293,0.005628517823639775,0.12063117325305939,0.135592520236969,0.8333730169810669,0.6417579054832458,0.721352219581604,29.737637944990354,0.8359360243586953,326,206,0.0,0.13940219581127167,0.9189357528205742,-0.9189357528205742,0.9189357528205742,0.06015037593984962,0.0825515947467167,0.102803738317757,0.1375
xjtu_sy,ctl_lifefrac,37.5Hz11kN_Bearing2_3,44,13,7995,Deg_oracle,1.0,0.0,0.938293,0.005628517823639775,0.04065913334488869,0.04915888234972954,0.9780983005833803,0.21630658209323883,0.2615252435207367,10.084795509788572,0.3037212110189179,406,126,0.0,0.14719504117965698,0.9181343743860564,-0.9181343743860564,0.9181343743860564,0.007518796992481203,0.05065666041275797,0.024107142857142858,0.25
xjtu_sy,ctl_nodeg,37.5Hz11kN_Bearing2_3,44,13,7995,VTOI_mono,1.0,0.0,0.938293,0.005628517823639775,0.1862279325723648,0.20800527930259705,0.6078767873280273,0.9907326102256775,1.1065881252288818,43.067648202518505,1.0253413007516015,324,208,0.0,0.15550662577152252,0.9049281754376708,-0.9049281754376708,0.9049281754376708,0.018796992481203006,0.00375234521575985,0.001876172607879925,0.0015625
xjtu_sy,ctl_scalar,37.5Hz11kN_Bearing2_4,44,13,630,VTOI,1.0,0.0,0.922825,0.047619047619047616,0.1252296417951584,0.15744641423225403,0.7832222596829668,0.05134415626525879,0.06455302983522415,0.19765000530077237,0.08327895482735974,30,11,0.0,0.07277729362249374,0.9127099607774518,-0.9127099607774518,0.9127099607774518,0.024390243902439025,0.19047619047619047,0.27291288566243194,0.21708333333333335
xjtu_sy,ctl_EC,37.5Hz11kN_Bearing2_4,44,13,630,E_norm|C_norm,1.0,0.0,0.922825,0.047619047619047616,0.15526215732097626,0.20425012707710266,0.6351839992520372,0.0636574849486351,0.08374256640672684,0.2528073848950052,0.1108249348721334,-1,0,0.0,0.12411264330148697,0.9061696413524963,-0.9061696413524963,0.9061696413524963,0.024390243902439025,0.09523809523809523,0.12439024390243902,0.25
xjtu_sy,ctl_hc10,37.5Hz11kN_Bearing2_4,44,13,630,hc_RMS_x|hc_RMS_y|hc_Kurt_x|hc_Kurt_y|hc_CF_x|hc_CF_y|hc_SE_x|hc_SE_y|hc_ESE_x|hc_ESE_y,1.0,0.0,0.922825,0.047619047619047616,0.10787013918161392,0.14491933584213257,0.8163453770816584,0.0442267581820488,0.059416934847831726,0.16912101256607293,0.07057541972469716,31,10,0.0,0.08151581138372421,0.8613936083662621,-0.8613936083662621,0.8613936083662621,0.07317073170731707,0.023809523809523808,0.027777777777777776,0.03125
xjtu_sy,ctl_random,37.5Hz11kN_Bearing2_4,44,13,630,VTOI_rand,1.0,0.0,0.922825,0.047619047619047616,0.12270240485668182,0.15849940478801727,0.7803129577859904,0.0503079891204834,0.0649847611784935,0.1949266880690701,0.0828700644806737,30,11,0.0,0.07887791842222214,0.9117037577889971,-0.9117037577889971,0.9117037577889971,0.024390243902439025,0.0,0.0,0.0
xjtu_sy,ctl_shuffled,37.5Hz11kN_Bearing2_4,44,13,630,VTOI_shuf,1.0,0.0,0.922825,0.047619047619047616,0.1313430666923523,0.15721896290779114,0.783848091044742,0.05385066196322441,0.06445977836847305,0.20170590655477394,0.08166740240440482,30,11,0.0,0.0937165841460228,0.9212626861793168,-0.9212626861793168,0.9212626861793168,0.17073170731707318,0.6666666666666666,0.32727272727272727,0.5
xjtu_sy,ctl_elapsed,37.5Hz11kN_Bearing2_4,44,13,630,elapsed_norm,1.0,0.0,0.922825,0.047619047619047616,0.13420304656028748,0.15928521752357483,0.7781292378421194,0.055023256689310074,0.06530693918466568,0.20620095876796474,0.08354862220585346,30,11,0.0,0.11564578115940094,0.753729888601609,-0.753729888601609,0.753729888601609,0.17073170731707318,0.7380952380952381,0.3939393939393939,0.5
xjtu_sy,ctl_lifefrac,37.5Hz11kN_Bearing2_4,44,13,630,Deg_oracle,1.0,0.0,0.922825,0.047619047619047616,0.13566377758979797,0.1742173135280609,0.734581132420365,0.0556221529841423,0.07142910361289978,0.21959902112956953,0.09572265359262626,30,11,0.0,0.09406979382038116,0.8944306064871914,-0.8944306064871914,0.8944306064871914,0.12195121951219512,0.0,0.0,0.0
xjtu_sy,ctl_nodeg,37.5Hz11kN_Bearing2_4,44,13,630,VTOI_mono,1.0,0.0,0.922825,0.047619047619047616,0.1595330387353897,0.17484888434410095,0.7326532663714169,0.06540855020284653,0.07168804854154587,0.23078144146447865,0.08469414365078722,30,11,0.0,0.06161632388830185,0.9155608692447402,-0.9155608692447402,0.9155608692447402,0.12195121951219512,0.19047619047619047,0.16578947368421054,0.40625
xjtu_sy,ctl_scalar,37.5Hz11kN_Bearing2_5,44,13,5085,VTOI,1.0,0.0,0.978252,0.0058997050147492625,0.23372530937194824,0.2546919882297516,0.4131309825599092,0.789991557598114,0.8608589768409729,22.08585128655807,0.8773095437097514,167,171,0.1724137931034483,0.10398261249065399,0.890962952740833,-0.890962952740833,0.890962952740833,0.047337278106508875,0.11504424778761062,0.051587301587301584,0.0480295566502463
xjtu_sy,ctl_EC,37.5Hz11kN_Bearing2_5,44,13,5085,E_norm|C_norm,1.0,0.0,0.978252,0.0058997050147492625,0.2286073863506317,0.25428080558776855,0.4150244224793179,0.7726929187774658,0.8594691753387451,21.283512315766934,0.8183574544535098,176,162,0.1330049261083744,0.1325550228357315,0.9011202342573138,-0.9011202342573138,0.9011202342573138,0.04142011834319527,0.10029498525073746,0.045576407506702415,0.04187192118226601
xjtu_sy,ctl_hc10,37.5Hz11kN_Bearing2_5,44,13,5085,hc_RMS_x|hc_RMS_y|hc_Kurt_x|hc_Kurt_y|hc_CF_x|hc_CF_y|hc_SE_x|hc_SE_y|hc_ESE_x|hc_ESE_y,1.0,0.0,0.978252,0.0058997050147492625,0.24776533246040344,0.28482598066329956,0.26604435895716805,0.837446928024292,0.9627118706703186,22.92077769976676,0.852669033581792,164,174,0.1921182266009852,0.18884018063545227,0.9005605993901529,-0.9005605993901529,0.9005605993901529,0.047337278106508875,0.25663716814159293,0.19054845631875036,0.19760576644450883
xjtu_sy,ctl_random,37.5Hz11kN_Bearing2_5,44,13,5085,VTOI_rand,1.0,0.0,0.978252,0.0058997050147492625,0.25882241129875183,0.2951127290725708,0.21207212444564516,0.8748197555541992,0.9974810481071472,24.019717550104907,0.8964672106095647,165,173,0.18719211822660098,0.165350541472435,0.9072526139315266,-0.9072526139315266,0.9072526139315266,0.08875739644970414,0.058997050147492625,0.06997863247863248,0.2647058823529412
xjtu_sy,ctl_shuffled,37.5Hz11kN_Bearing2_5,44,13,5085,VTOI_shuf,1.0,0.0,0.978252,0.0058997050147492625,0.3160882294178009,0.3524867296218872,-0.12407716578686956,1.0683783292770386,1.191405177116394,30.14225253360967,1.164917246419332,148,190,0.270935960591133,0.2159799039363861,0.8941485268253108,-0.8941485268253108,0.8941485268253108,0.03550295857988166,0.1504424778761062,0.10240963855421686,0.25
xjtu_sy,ctl_elapsed,37.5Hz11kN_Bearing2_5,44,13,5085,elapsed_norm,1.0,0.0,0.978252,0.0058997050147492625,0.25159862637519836,0.2658909261226654,0.3603865119469004,0.8504033088684082,0.8987113237380981,24.393711669850752,1.0148211024745553,205,133,0.0,0.13028199970722198,0.8741516249317568,-0.8741516249317568,0.8741516249317568,0.047337278106508875,0.1415929203539823,0.06201550387596899,0.059113300492610835
xjtu_sy,ctl_lifefrac,37.5Hz11kN_Bearing2_5,44,13,5085,Deg_oracle,1.0,0.0,0.978252,0.0058997050147492625,0.15046027302742004,0.17870818078517914,0.7110654894426937,0.5085558295249939,0.6040336489677429,13.776035668471474,0.525990825388196,189,149,0.06896551724137931,0.10025618225336075,0.9240884645303556,-0.9240884645303556,0.9240884645303556,0.05325443786982249,0.6283185840707964,0.25400943396226416,0.2867647058823529
xjtu_sy,ctl_nodeg,37.5Hz11kN_Bearing2_5,44,13,5085,VTOI_mono,1.0,0.0,0.978252,0.0058997050147492625,0.23264780640602112,0.24793751537799835,0.44384594348066986,0.7863495945930481,0.8380288481712341,22.329011596249554,0.9173387162343415,186,152,0.08374384236453201,0.14059250056743622,0.8993620082312493,-0.8993620082312493,0.8993620082312493,0.047337278106508875,0.18289085545722714,0.14771050395742968,0.26354679802955666
xjtu_sy,ctl_scalar,40Hz10kN_Bearing3_1,44,13,38070,VTOI,1.0,0.0,0.998394,0.028368794326241134,0.2621941864490509,0.3122115731239319,0.11442500652449761,6.651866436004639,7.9208083152771,2725.139061746995,10.890978555437956,2465,72,0.0,0.08841641247272491,0.3089683919328968,-0.3089683919328968,0.3089683919328968,0.01931415057154119,0.5985027580772262,0.22264624437521635,0.26508798596498484
xjtu_sy,ctl_EC,40Hz10kN_Bearing3_1,44,13,38070,E_norm|C_norm,1.0,0.0,0.998394,0.028368794326241134,0.26420849561691284,0.3128434717655182,0.11083673012757989,6.702970504760742,7.936839580535889,2731.570485785785,10.941213463157874,2464,73,0.0,0.08467992395162582,0.22659437849118375,-0.22659437849118375,0.22659437849118375,0.01694915254237288,0.6000788022064618,0.19312706061374588,0.25
xjtu_sy,ctl_hc10,40Hz10kN_Bearing3_1,44,13,38070,hc_RMS_x|hc_RMS_y|hc_Kurt_x|hc_Kurt_y|hc_CF_x|hc_CF_y|hc_SE_x|hc_SE_y|hc_ESE_x|hc_ESE_y,1.0,0.0,0.998394,0.028368794326241134,0.2619025409221649,0.3352263867855072,-0.020947991137862942,6.644467353820801,8.504693031311035,3149.651614889633,11.872477670876094,2496,41,0.0,0.06290312856435776,0.3989563967165323,-0.3989563967165323,0.3989563967165323,0.0027591643673630273,0.6012608353033885,0.19665203229286404,0.25196850393700787
xjtu_sy,ctl_random,40Hz10kN_Bearing3_1,44,13,38070,VTOI_rand,1.0,0.0,0.998394,0.028368794326241134,0.2601364254951477,0.3330412209033966,-0.007681485085421436,6.599660873413086,8.44925594329834,3117.427403318654,11.767199515957323,2464,73,0.0,0.06197679415345192,0.30620579019606087,-0.30620579019606087,0.30620579019606087,0.00039416633819471815,0.6000788022064618,0.19273601619843078,0.25
xjtu_sy,ctl_shuffled,40Hz10kN_Bearing3_1,44,13,38070,VTOI_shuf,1.0,0.0,0.998394,0.028368794326241134,0.2730322480201721,0.30520182847976685,0.153744491697821,6.926827907562256,7.742969512939453,2498.3930732311073,10.419626988266529,2464,73,0.0,0.0791616141796112,0.2639059526098411,-0.2639059526098411,0.2639059526098411,0.012219156484036263,0.014972419227738377,0.007375776397515528,0.07480314960629922
xjtu_sy,ctl_elapsed,40Hz10kN_Bearing3_1,44,13,38070,elapsed_norm,1.0,0.0,0.998394,0.028368794326241134,0.2572670876979828,0.30124711990356445,0.17553329076709745,6.5268659591674805,7.642639636993408,2539.990301948483,10.420608501380839,2464,73,0.0,0.08096925169229507,0.29810994693777604,-0.29810994693777604,0.29810994693777604,0.017737485218762318,0.6233254531126872,0.35326644647180494,0.36975044074841923
xjtu_sy,ctl_lifefrac,40Hz10kN_Bearing3_1,44,13,38070,Deg_oracle,1.0,0.0,0.998394,0.028368794326241134,0.26204004883766174,0.2948996424674988,0.20991132756014463,6.647955894470215,7.48160457611084,2395.795890074817,10.143613605295478,2464,73,0.0,0.07737890630960464,0.29052670317319956,-0.29052670317319956,0.29052670317319956,0.015372487189594008,0.2222222222222222,0.24021611081029665,0.36220472440944884
xjtu_sy,ctl_nodeg,40Hz10kN_Bearing3_1,44,13,38070,VTOI_mono,1.0,0.0,0.998394,0.028368794326241134,0.2582373023033142,0.30704817175865173,0.1434743941856138,6.5514817237854,7.7898125648498535,2646.0686290051767,10.66102719169706,2444,93,0.0,0.0869782343506813,0.2317956358872813,-0.2317956358872813,0.2317956358872813,0.006700827749310209,0.15011820330969267,0.06760113555713272,0.25
xjtu_sy,ctl_scalar,40Hz10kN_Bearing3_2,44,13,37440,VTOI,1.0,0.0,0.952708,0.011217948717948718,0.25339066982269287,0.28682976961135864,0.252569121289992,6.3220977783203125,7.156403064727783,2209.894582857926,9.682080073925391,2457,38,0.0,0.09134436398744583,0.5857290035954079,-0.5857290035954079,0.5857290035954079,0.0004008016032064128,0.6009615384615384,0.19806880367773644,0.252
xjtu_sy,ctl_EC,40Hz10kN_Bearing3_2,44,13,37440,E_norm|C_norm,1.0,0.0,0.952708,0.011217948717948718,0.25720664858818054,0.2958216667175293,0.2049717225059572,6.4173054695129395,7.380751132965088,2351.790928481872,10.088171228788829,2457,38,0.0,0.09517502784729004,0.6484069857498602,-0.6484069857498602,0.6484069857498602,0.009218436873747494,0.5997596153846154,0.19236700077101002,0.25
xjtu_sy,ctl_hc10,40Hz10kN_Bearing3_2,44,13,37440,hc_RMS_x|hc_RMS_y|hc_Kurt_x|hc_Kurt_y|hc_CF_x|hc_CF_y|hc_SE_x|hc_SE_y|hc_ESE_x|hc_ESE_y,1.0,0.0,0.952708,0.011217948717948718,0.2560389041900635,0.2828226685523987,0.2733069245207089,6.388171195983887,7.056426525115967,1939.5387362101224,8.518910160358363,2234,261,0.0,0.3313632607460022,0.6306074913071459,-0.6306074913071459,0.6306074913071459,0.0028056112224448897,0.0889423076923077,0.12710838732870558,0.26967267869071476
xjtu_sy,ctl_random,40Hz10kN_Bearing3_2,44,13,37440,VTOI_rand,1.0,0.0,0.952708,0.011217948717948718,0.25355035066604614,0.2848449945449829,0.2628773730114725,6.3260817527771,7.1068830490112305,2174.4507504923877,9.617268246453769,2452,43,0.0,0.09407342225313187,0.5485869997047613,-0.5485869997047613,0.5485869997047613,0.010821643286573146,0.5540865384615384,0.42300197534119216,0.40143620574482297
xjtu_sy,ctl_shuffled,40Hz10kN_Bearing3_2,44,13,37440,VTOI_shuf,1.0,0.0,0.952708,0.011217948717948718,0.2438904196023941,0.2754145860671997,0.3108775861970603,6.085066795349121,6.871593475341797,2017.262698926554,8.9508299627207,2083,412,0.0,0.1298561692237854,0.4963132211762686,-0.4963132211762686,0.4963132211762686,0.007615230460921844,0.03125,0.01527614571092832,0.156
xjtu_sy,ctl_elapsed,40Hz10kN_Bearing3_2,44,13,37440,elapsed_norm,1.0,0.0,0.952708,0.011217948717948718,0.2503129541873932,0.2786233723163605,0.2947263342324745,6.245307922363281,6.951653480529785,2077.04606630891,9.285268351553569,2457,38,0.0,0.08879339694976807,0.6278006676592158,-0.6278006676592158,0.6278006676592158,0.0012024048096192384,0.036458333333333336,0.05685947644962404,0.12283366733466934
xjtu_sy,ctl_lifefrac,40Hz10kN_Bearing3_2,44,13,37440,Deg_oracle,1.0,0.0,0.952708,0.011217948717948718,0.07297403365373611,0.08782817423343658,0.9299206178473478,1.8207024335861206,2.1913130283355713,480.4943741464779,3.0269068626863045,2042,453,0.0,0.0837160050868988,0.5347483527301734,-0.5347483527301734,0.5347483527301734,0.002004008016032064,0.2984775641025641,0.1631856207951222,0.2834001336005344
xjtu_sy,ctl_nodeg,40Hz10kN_Bearing3_2,44,13,37440,VTOI_mono,1.0,0.0,0.952708,0.011217948717948718,0.2651807367801666,0.3025917708873749,0.16816578466895915,6.61625862121582,7.5496649742126465,2428.903245579266,10.349703263895861,2458,37,0.0,0.08898423612117767,0.665047742795145,-0.665047742795145,0.665047742795145,0.006813627254509018,0.14463141025641027,0.06405251951738822,0.24066666666666667
xjtu_sy,ctl_scalar,40Hz10kN_Bearing3_3,44,13,5565,VTOI,1.0,0.0,0.971995,0.005390835579514825,0.24825075268745422,0.29492688179016113,0.21274045301947475,0.9185277819633484,1.0912295579910278,33.48860377066714,1.5153294491137295,343,27,0.0,0.0657874122262001,0.4079494633942293,0.4079494633942293,-0.4079494633942293,0.0,0.2560646900269542,0.3279570191850796,0.4891409266409266
xjtu_sy,ctl_EC,40Hz10kN_Bearing3_3,44,13,5565,E_norm|C_norm,1.0,0.0,0.971995,0.005390835579514825,0.23216469585895538,0.28390273451805115,0.2704948586271744,0.8590094447135925,1.0504400730133057,31.101022210819558,1.3952151510332311,344,26,0.0,0.08774052560329437,0.17486208565445563,0.17486208565445563,-0.17486208565445563,0.021621621621621623,0.18059299191374664,0.26652173913043475,0.4642857142857143
xjtu_sy,ctl_hc10,40Hz10kN_Bearing3_3,44,13,5565,hc_RMS_x|hc_RMS_y|hc_Kurt_x|hc_Kurt_y|hc_CF_x|hc_CF_y|hc_SE_x|hc_SE_y|hc_ESE_x|hc_ESE_y,1.0,0.0,0.971995,0.005390835579514825,0.2687244415283203,0.3074668049812317,0.14437073104472065,0.9942804574966431,1.137627124786377,34.740655334002994,1.4890770129256974,345,25,0.0,0.08536732941865921,0.10595111018130801,-0.10595111018130801,0.10595111018130801,0.032432432432432434,0.0215633423180593,0.04819277108433735,0.03571428571428571
xjtu_sy,ctl_random,40Hz10kN_Bearing3_3,44,13,5565,VTOI_rand,1.0,0.0,0.971995,0.005390835579514825,0.23359474539756775,0.2848658263683319,0.2655370213186793,0.8643004894256592,1.0540037155151367,31.310550659417817,1.40571044681649,344,26,0.0,0.1088266372680664,0.095528139889054,0.095528139889054,-0.095528139889054,0.03783783783783784,0.2210242587601078,0.1367095174958206,0.2857142857142857
xjtu_sy,ctl_shuffled,40Hz10kN_Bearing3_3,44,13,5565,VTOI_shuf,1.0,0.0,0.971995,0.005390835579514825,0.24799655377864838,0.28647580742836,0.2572116296298137,0.9175872206687927,1.0599604845046997,32.67681793169405,1.447592110757156,344,26,0.0,0.07700502872467041,0.37085342856698,0.37085342856698,-0.37085342856698,0.005405405405405406,0.12129380053908356,0.05968169761273209,0.20089285714285715
xjtu_sy,ctl_elapsed,40Hz10kN_Bearing3_3,44,13,5565,elapsed_norm,1.0,0.0,0.971995,0.005390835579514825,0.24133120477199554,0.3213627338409424,0.0652828871404475,0.8929254412651062,1.189042091369629,34.74651900008579,1.6508922835063902,-1,0,0.0,0.07948851585388184,0.33374086978524214,0.33374086978524214,-0.33374086978524214,0.010810810810810811,0.19946091644204852,0.0883054892601432,0.25
xjtu_sy,ctl_lifefrac,40Hz10kN_Bearing3_3,44,13,5565,Deg_oracle,1.0,0.0,0.971995,0.005390835579514825,0.07015367597341537,0.08239585906267166,0.9385531094806943,0.25956860184669495,0.30486467480659485,8.366100022768448,0.3561228887552039,295,75,0.0,0.08566603064537048,0.13254860192445173,0.13254860192445173,-0.13254860192445173,0.02702702702702703,0.05121293800539083,0.02435897435897436,0.25
xjtu_sy,ctl_nodeg,40Hz10kN_Bearing3_3,44,13,5565,VTOI_mono,1.0,0.0,0.971995,0.005390835579514825,0.24480518698692322,0.2846428453922272,0.26668632063661424,0.9057793021202087,1.0531786680221558,32.118987183277625,1.4147781576569671,344,26,0.0,0.0751238465309143,0.2506895305316248,0.2506895305316248,-0.2506895305316248,0.032432432432432434,0.21293800539083557,0.12423103212576897,0.27232142857142855
xjtu_sy,ctl_scalar,40Hz10kN_Bearing3_4,44,13,22725,VTOI,1.0,0.0,0.959018,0.038943894389438946,0.261277437210083,0.32860425114631653,0.01941630798420413,3.9557406902313232,4.975069046020508,810.4690819225644,6.961144925499021,-1,0,0.0,0.0858689621090889,0.378884638949889,-0.378884638949889,0.378884638949889,0.003963011889035667,0.15841584158415842,0.14099777972145597,0.29276315789473684
xjtu_sy,ctl_EC,40Hz10kN_Bearing3_4,44,13,22725,E_norm|C_norm,1.0,0.0,0.959018,0.038943894389438946,0.26207461953163147,0.3529687523841858,-0.13138595124186758,3.9678101539611816,5.343946933746338,880.6443852950492,7.367197645219541,1445,69,0.0,0.1350330263376236,0.1673880667163009,-0.1673880667163009,0.1673880667163009,0.001321003963011889,0.0033003300330033004,0.001644736842105263,0.01644736842105263
xjtu_sy,ctl_hc10,40Hz10kN_Bearing3_4,44,13,22725,hc_RMS_x|hc_RMS_y|hc_Kurt_x|hc_Kurt_y|hc_CF_x|hc_CF_y|hc_SE_x|hc_SE_y|hc_ESE_x|hc_ESE_y,1.0,0.0,0.959018,0.038943894389438946,0.25735604763031006,0.32042446732521057,0.06762733615231309,3.8963701725006104,4.851226329803467,782.6494076526145,6.741133428719079,1456,58,0.0,0.06856159120798111,0.36713526924537404,-0.36713526924537404,0.36713526924537404,0.001321003963011889,0.0006600660066006601,0.00033003300330033004,0.003289473684210526
xjtu_sy,ctl_random,40Hz10kN_Bearing3_4,44,13,22725,VTOI_rand,1.0,0.0,0.959018,0.038943894389438946,0.2620641589164734,0.3328913152217865,-0.006336549391372515,3.967651605606079,5.039974689483643,823.3001138314986,7.03107974969662,-1,0,0.0,0.10393620282411575,0.30430419107039475,-0.30430419107039475,0.30430419107039475,0.003963011889035667,0.6455445544554456,0.43117083040112597,0.4769736842105263
xjtu_sy,ctl_shuffled,40Hz10kN_Bearing3_4,44,13,22725,VTOI_shuf,1.0,0.0,0.959018,0.038943894389438946,0.27235734462738037,0.35475507378578186,-0.1428664268281976,4.123490810394287,5.3709917068481445,894.3526181855543,7.490266571184097,-1,0,0.0,0.20948649942874908,0.03297352297823158,0.03297352297823158,-0.03297352297823158,0.001321003963011889,0.05148514851485148,0.028281223806684054,0.2522026431718062
xjtu_sy,ctl_elapsed,40Hz10kN_Bearing3_4,44,13,22725,elapsed_norm,1.0,0.0,0.959018,0.038943894389438946,0.2553887367248535,0.3427696228027344,-0.06694719537033689,3.8665857315063477,5.189532279968262,845.1341461284479,7.189624435513622,1445,69,0.0,0.1129712387919426,0.4763780016534122,-0.4763780016534122,0.4763780016534122,0.013210039630118891,0.20264026402640264,0.09368381793442611,0.2544052863436123
xjtu_sy,ctl_lifefrac,40Hz10kN_Bearing3_4,44,13,22725,Deg_oracle,1.0,0.0,0.959018,0.038943894389438946,0.2585684359073639,0.3234957456588745,0.04966793563908378,3.9147260189056396,4.897725582122803,793.5059922102445,6.840988539781409,1445,69,0.0,0.099085234105587,0.30055290133647256,-0.30055290133647256,0.30055290133647256,0.015852047556142668,0.2,0.08342511013215859,0.25
xjtu_sy,ctl_nodeg,40Hz10kN_Bearing3_4,44,13,22725,VTOI_mono,1.0,0.0,0.959018,0.038943894389438946,0.26328045129776,0.32681766152381897,0.030050005562768045,3.9860663414001465,4.948019504547119,806.2530181107786,6.930304241886135,-1,0,0.0,0.11187590658664703,0.37578646943438127,-0.37578646943438127,0.37578646943438127,0.002642007926023778,0.6,0.1926663840610428,0.25
xjtu_sy,ctl_scalar,40Hz10kN_Bearing3_5,44,13,1710,VTOI,1.0,0.0,0.920027,0.02631578947368421,0.46864476799964905,0.5500540137290955,-1.7113188558515238,0.529568612575531,0.6215609908103943,4.814225427013308,0.5435564955206293,9,104,0.8676470588235294,0.5671851634979248,0.2379286032459079,-0.2379286032459079,0.2379286032459079,0.09734513274336283,0.05263157894736842,0.02702702702702703,0.25
xjtu_sy,ctl_EC,40Hz10kN_Bearing3_5,44,13,1710,E_norm|C_norm,1.0,0.0,0.920027,0.02631578947368421,0.4591272473335266,0.5439223647117615,-1.6512079431019373,0.5188137888908386,0.614632248878479,4.7208988763727415,0.534261990207852,10,103,0.8529411764705882,0.47142812609672546,0.13026071459757652,-0.13026071459757652,0.13026071459757652,0.008849557522123894,0.20175438596491227,0.08984375,0.25
xjtu_sy,ctl_hc10,40Hz10kN_Bearing3_5,44,13,1710,hc_RMS_x|hc_RMS_y|hc_Kurt_x|hc_Kurt_y|hc_CF_x|hc_CF_y|hc_SE_x|hc_SE_y|hc_ESE_x|hc_ESE_y,1.0,0.0,0.920027,0.02631578947368421,0.5026975870132446,0.5740038156509399,-1.9525652719150308,0.5680482387542725,0.6486243009567261,5.129726087538473,0.5693630633646982,10,103,0.8529411764705882,0.5556749105453491,0.15990122846348157,-0.15990122846348157,0.15990122846348157,0.13274336283185842,0.19298245614035087,0.10843920145190562,0.25735294117647056
xjtu_sy,ctl_random,40Hz10kN_Bearing3_5,44,13,1710,VTOI_rand,1.0,0.0,0.920027,0.02631578947368421,0.4596883952617645,0.5473890900611877,-1.6851108463453452,0.519447922706604,0.6185495853424072,4.721662528984403,0.5324784100970679,10,103,0.8529411764705882,0.4556178152561188,0.6906692257685128,-0.6906692257685128,0.6906692257685128,0.13274336283185842,0.4824561403508772,0.16272189349112426,0.20220588235294118
xjtu_sy,ctl_shuffled,40Hz10kN_Bearing3_5,44,13,1710,VTOI_shuf,1.0,0.0,0.920027,0.02631578947368421,0.44476553797721863,0.5223838686943054,-1.4453973637849686,0.5025850534439087,0.5902937650680542,4.5808212247683695,0.5226598881969327,10,103,0.8529411764705882,0.5405358672142029,0.6227692360601454,-0.6227692360601454,0.6227692360601454,0.02654867256637168,0.5263157894736842,0.1724137931034483,0.22058823529411764
xjtu_sy,ctl_elapsed,40Hz10kN_Bearing3_5,44,13,1710,elapsed_norm,1.0,0.0,0.920027,0.02631578947368421,0.4438613951206207,0.524686336517334,-1.4670016908931287,0.5015633702278137,0.5928955078125,4.5705979953941,0.520767508434099,10,103,0.8529411764705882,0.5490678548812866,0.28704034526206185,-0.28704034526206185,0.28704034526206185,0.1504424778761062,0.2631578947368421,0.14016260162601626,0.2757352941176471
xjtu_sy,ctl_lifefrac,40Hz10kN_Bearing3_5,44,13,1710,Deg_oracle,1.0,0.0,0.920027,0.02631578947368421,0.2792256474494934,0.32214921712875366,0.06999747296888958,0.31552499532699585,0.36402860283851624,2.9433769303831525,0.3643580790805189,79,34,0.0,0.498811811208725,0.22508605659634626,0.22508605659634626,-0.22508605659634626,0.02654867256637168,0.43859649122807015,0.16594551282051284,0.1910166240409207
xjtu_sy,ctl_nodeg,40Hz10kN_Bearing3_5,44,13,1710,VTOI_mono,1.0,0.0,0.920027,0.02631578947368421,0.45695731043815613,0.5407465696334839,-1.6203391057158147,0.5163617134094238,0.6110436320304871,4.683546317989237,0.5264707640989831,10,103,0.8529411764705882,0.4701187312602997,0.6858674122414662,-0.6858674122414662,0.6858674122414662,0.20353982300884957,0.2807017543859649,0.14899273954392064,0.28308823529411764
