dataset,config,holdout,seed,n_train_bearings,n_test_windows,hi_cols,vtoi_a,vtoi_b,vtoi_fitness,vtoi_sat_frac_test,rul_mae,rul_rmse,rul_r2,rul_mae_hours,rul_rmse_hours,rul_phm_score,rul_asym_score,first_warning,lead_time,false_alarm_rate,mtoi_rmse,mtoi_spearman,mtoi_spearman_signed,mtoi_spearman_vs_deg,mtoi_monotonicity,stage_acc,stage_macro_f1,stage_bal_acc
pronostia,vtoi_static,Full_Test_Set_Bearing1_3,43,15,2375,E_norm|C_norm|VTOI,0.86,0.14,0.691424,0.2164210526315789,0.1497336626052856,0.1681842803955078,0.7430320627941873,0.5924462080001831,0.6654491424560547,119.86498173133714,0.7376811807447751,1687,687,0.0,0.2509430050849914,0.8428523627300578,-0.8428523627300578,0.8428523627300578,0.0134793597304128,0.6231578947368421,0.3235644640484673,0.330854598492265
pronostia,vtoi_traj,Full_Test_Set_Bearing1_3,43,15,2375,E_norm|C_norm|VTOI|VTOI_vel|VTOI_acc,0.86,0.14,0.691424,0.2164210526315789,0.1748982667922973,0.1955040395259857,0.6527680978113723,0.6920141577720642,0.7735443711280823,146.03637955594027,0.948676283758918,1789,585,0.0,0.3284187018871307,0.7954912230606468,-0.7954912230606468,0.7954912230606468,0.0109519797809604,0.6181052631578947,0.2519233478429634,0.2852277753206546
pronostia,transformer_vib,Full_Test_Set_Bearing1_3,43,15,2375,,0.86,0.14,0.691424,0.2164210526315789,0.1865990757942199,0.2104856222867965,0.597511982204592,0.7383103370666504,0.8328214287757874,144.2184823748977,0.8115911371215786,1507,867,0.0,0.3401442170143127,0.8498860655903049,-0.8498860655903049,0.8498860655903049,0.0235888795282224,0.0791578947368421,0.1199680171733025,0.2723200267688388
pronostia,tcn_vib,Full_Test_Set_Bearing1_3,43,15,2375,,0.86,0.14,0.691424,0.2164210526315789,0.2861897647380829,0.3278495371341705,0.0235337284483223,1.132357478141785,1.2971913814544678,223.3689201303521,1.203292999009533,1719,655,0.0,0.2449171394109726,0.5959277073902455,-0.5959277073902455,0.5959277073902455,0.018955349620893,0.0501052631578947,0.0238572574178027,0.25
pronostia,tcn_transformer_vib,Full_Test_Set_Bearing1_3,43,15,2375,,0.86,0.14,0.691424,0.2164210526315789,0.2274892628192901,0.2571631968021393,0.3992058121083736,0.9000990986824036,1.01750910282135,190.1965236081181,1.1957796231078863,1741,633,0.0,0.3483959138393402,0.1698018907479135,0.1698018907479135,-0.1698018907479135,0.0016849199663016,0.1031578947368421,0.1353591160220994,0.1289473684210526
pronostia,cnn_bilstm_attn_vib,Full_Test_Set_Bearing1_3,43,15,2375,,0.86,0.14,0.691424,0.2164210526315789,0.3652500510215759,0.4260092675685882,-0.6487173633198247,1.445172667503357,1.6855766773223877,296.22050387251204,1.6222623751518366,426,1948,0.2778947368421052,0.3752985298633575,0.5838082210519507,-0.5838082210519507,0.5838082210519507,0.0092670598146588,0.0934736842105263,0.0942056486465312,0.2300243130960249
pronostia,abl_no_idxhead,Full_Test_Set_Bearing1_3,43,15,2375,,0.86,0.14,0.691424,0.2164210526315789,0.1815190762281417,0.2083359807729721,0.6056910256002532,0.7182104587554932,0.8243160247802734,143.81466731094764,0.8497047272491219,1643,731,0.0,0.2799735069274902,0.8274338023663016,-0.8274338023663016,0.8274338023663016,0.0092670598146588,0.7498947368421053,0.3905567993192684,0.4456184703331362
pronostia,abl_cond_noaux,Full_Test_Set_Bearing1_3,43,15,2375,E_norm|C_norm|VTOI,0.86,0.14,0.691424,0.2164210526315789,0.1599049121141433,0.1841033101081848,0.6920846715851846,0.6326904892921448,0.7284354567527771,131.92649737146485,0.840154600508315,1618,756,0.0,0.3411541581153869,0.8078500825176382,-0.8078500825176382,0.8078500825176382,0.0088458298230834,0.0808421052631579,0.0890748218497645,0.1124990268135639
pronostia,abl_E_only,Full_Test_Set_Bearing1_3,43,15,2375,E_norm,0.86,0.14,0.691424,0.2164210526315789,0.180492952466011,0.2078336328268051,0.6075902402105686,0.7141503691673279,0.8223284482955933,151.75949661577894,0.9843066877136496,1668,706,0.0,0.3209914267063141,0.8273929881124221,-0.8273929881124221,0.8273929881124221,0.0193765796124684,0.0968421052631579,0.0723584131898846,0.1595550343141396
pronostia,abl_no_smooth,Full_Test_Set_Bearing1_3,43,15,2375,E_norm|C_norm|VTOI,0.86,0.14,0.691424,0.2164210526315789,0.1659985482692718,0.1864398717880249,0.6842191993122374,0.6568009853363037,0.7376804351806641,137.39050367001005,0.8837410285482673,1692,682,0.0,0.2925359308719635,0.8454846258467649,-0.8454846258467649,0.8454846258467649,0.0227464195450716,0.0884210526315789,0.1134264672955215,0.1315229291006763
pronostia,abl_no_mono,Full_Test_Set_Bearing1_3,43,15,2375,E_norm|C_norm|VTOI,0.86,0.14,0.691424,0.2164210526315789,0.1149247512221336,0.1306237429380417,0.8449926403476571,0.4547189474105835,0.5168346166610718,93.6142871395565,0.6033111585262967,1630,744,0.0,0.2465141117572784,0.8267260905276377,-0.8267260905276377,0.8267260905276377,0.0050547598989048,0.7153684210526315,0.3845736475077592,0.4490873250542085
pronostia,vtoi_static,Full_Test_Set_Bearing1_4,43,15,1428,E_norm|C_norm|VTOI,0.87,0.13,0.700434,0.1953781512605042,0.2049718648195266,0.2289300262928009,0.5241005572863274,0.4874914288520813,0.5444719195365906,57.075119526246056,0.5532230115391272,1087,340,0.0,0.1461363583803177,0.684177062757381,-0.684177062757381,0.684177062757381,0.0147161878065872,0.7492997198879552,0.4127239639065896,0.499708284714119
pronostia,vtoi_traj,Full_Test_Set_Bearing1_4,43,15,1428,E_norm|C_norm|VTOI|VTOI_vel|VTOI_acc,0.87,0.13,0.700434,0.1953781512605042,0.1984345316886901,0.2236921787261963,0.5456283380693951,0.4719434082508087,0.5320145487785339,55.72896203635527,0.5497084085553029,1087,340,0.0,0.2055535018444061,0.5175113605079311,-0.5175113605079311,0.5175113605079311,0.0007007708479327,0.0399159663865546,0.0484515968340067,0.0505820626332185
pronostia,transformer_vib,Full_Test_Set_Bearing1_4,43,15,1428,,0.87,0.13,0.700434,0.1953781512605042,0.2027852088212967,0.2296097725629806,0.5212702715996033,0.4822908639907837,0.5460885763168335,57.22424878548311,0.5689214247184954,1087,340,0.0,0.430070549249649,0.5144618301747742,-0.5144618301747742,0.5144618301747742,0.004905395935529,0.2436974789915966,0.2326263153937177,0.1713841749216496
pronostia,tcn_vib,Full_Test_Set_Bearing1_4,43,15,1428,,0.87,0.13,0.700434,0.1953781512605042,0.3744106888771057,0.4560840129852295,-0.8888583180861132,0.8904733657836914,1.0847198963165283,122.4110717827598,1.3928977381268448,-1,0,0.0,0.4783855676651001,0.5793113574866093,0.5793113574866093,-0.5793113574866093,0.0119131044148563,0.0371148459383753,0.0424679487179487,0.0464912280701754
pronostia,tcn_transformer_vib,Full_Test_Set_Bearing1_4,43,15,1428,,0.87,0.13,0.700434,0.1953781512605042,0.305309385061264,0.3369990289211273,-0.0312571676510802,0.7261274456977844,0.8014960885047913,93.30399633337944,1.0241063424172168,-1,0,0.0,0.3496512770652771,0.39813445338018,0.39813445338018,-0.39813445338018,0.0007007708479327,0.1995798319327731,0.0831873905429071,0.25
pronostia,cnn_bilstm_attn_vib,Full_Test_Set_Bearing1_4,43,15,1428,,0.87,0.13,0.700434,0.1953781512605042,0.2887409329414367,0.3212854862213135,0.0626714448890577,0.6867222189903259,0.7641239762306213,88.08924422592764,0.9666413952810404,-1,0,0.0,0.400790125131607,0.8329888559510441,0.8329888559510441,-0.8329888559510441,0.0133146461107217,0.4082633053221288,0.1929710948387293,0.2034422403733956
pronostia,abl_no_idxhead,Full_Test_Set_Bearing1_4,43,15,1428,,0.87,0.13,0.700434,0.1953781512605042,0.2068382650613784,0.2328772544860839,0.5075481789207893,0.4919303357601166,0.5538597106933594,57.694871050311406,0.5602033304074043,1088,339,0.0,0.1443584710359573,0.5265103896700492,-0.5265103896700492,0.5265103896700492,0.0175192711983181,0.0,0.0,0.0
pronostia,abl_cond_noaux,Full_Test_Set_Bearing1_4,43,15,1428,E_norm|C_norm|VTOI,0.87,0.13,0.700434,0.1953781512605042,0.1893463134765625,0.2138005644083023,0.5849242461473754,0.4503286778926849,0.5084890127182007,54.18678917412768,0.5552153461169274,1087,340,0.0,0.3641621470451355,0.5072059633484056,0.5072059633484056,-0.5072059633484056,0.0147161878065872,0.2317927170868347,0.1881922006434169,0.4039620821306475
pronostia,abl_E_only,Full_Test_Set_Bearing1_4,43,15,1428,E_norm,0.87,0.13,0.700434,0.1953781512605042,0.198716327548027,0.2220387011766433,0.5523207114768134,0.4726136326789856,0.528082013130188,55.81918198582876,0.5513253641831336,1087,340,0.0,0.161219835281372,0.5563295294631089,-0.5563295294631089,0.5563295294631089,0.0105115627189908,0.0378151260504201,0.0488394964594807,0.0499634502923976
pronostia,abl_no_smooth,Full_Test_Set_Bearing1_4,43,15,1428,E_norm|C_norm|VTOI,0.87,0.13,0.700434,0.1953781512605042,0.1941726207733154,0.2159863710403442,0.5763937521243583,0.4618072211742401,0.5136876106262207,54.88116493517225,0.5495144281085027,1087,340,0.0,0.1408856809139251,0.5078759701218893,-0.5078759701218893,0.5078759701218893,0.0091100210231254,0.1792717086834734,0.1356545255533948,0.1068803864971647
pronostia,abl_no_mono,Full_Test_Set_Bearing1_4,43,15,1428,E_norm|C_norm|VTOI,0.87,0.13,0.700434,0.1953781512605042,0.1957043409347534,0.2194597870111465,0.5626596392076486,0.4654501676559448,0.521948516368866,55.10749370822721,0.5472349251088288,1087,340,0.0,0.2111269682645797,0.5335267038811304,-0.5335267038811304,0.5335267038811304,0.0021023125437981,0.6442577030812325,0.3272604427488694,0.3493786549707602
pronostia,vtoi_static,Full_Test_Set_Bearing1_5,43,15,2463,E_norm|C_norm|VTOI,0.88,0.12,0.710895,0.0012180267965895,0.2862116694450378,0.3247105777263641,0.0421188707911084,1.1744219064712524,1.3323957920074463,277.95364880514825,1.7965245041506568,2448,14,0.0,0.063993364572525,0.0508870389619116,0.0508870389619116,-0.0508870389619116,0.0016246953696181,0.0487210718635809,0.0232288037166085,0.2419354838709677
pronostia,vtoi_traj,Full_Test_Set_Bearing1_5,43,15,2463,E_norm|C_norm|VTOI|VTOI_vel|VTOI_acc,0.88,0.12,0.710895,0.0012180267965895,0.2879244089126587,0.3257001042366028,0.0362718973061443,1.1814498901367188,1.336456060409546,278.67599211623985,1.793681555759416,2448,14,0.0,0.0503277964890003,0.1706744723292072,0.1706744723292072,-0.1706744723292072,0.0146222583265637,0.1672756800649614,0.1272920938531664,0.2816060060181552
pronostia,transformer_vib,Full_Test_Set_Bearing1_5,43,15,2463,,0.88,0.12,0.710895,0.0012180267965895,0.2855080068111419,0.3268736898899078,0.0293141835457514,1.1715346574783323,1.3412716388702393,279.3448855320502,1.8168222503288536,2446,16,0.0,0.4151782989501953,0.0299300514109906,-0.0299300514109906,0.0299300514109906,0.0146222583265637,0.5801867641088104,0.2762277521043399,0.2899550519251318
pronostia,tcn_vib,Full_Test_Set_Bearing1_5,43,15,2463,,0.88,0.12,0.710895,0.0012180267965895,0.2994847893714905,0.3315588533878326,0.0012885566764823,1.2288860082626345,1.3604966402053833,281.13762178292336,1.744012565045552,2448,14,0.0,0.3798896670341491,0.0252886041421664,-0.0252886041421664,0.0252886041421664,0.0048740861088545,0.2062525375558262,0.1615089853427864,0.2662342633236887
pronostia,tcn_transformer_vib,Full_Test_Set_Bearing1_5,43,15,2463,,0.88,0.12,0.710895,0.0012180267965895,0.2932444214820862,0.3318221867084503,-0.0002984935430199,1.2032796144485474,1.3615771532058716,283.5370277665933,1.816147468105553,-1,0,0.0,0.3928713798522949,0.0623110308819276,0.0623110308819276,-0.0623110308819276,0.0064987814784727,0.1498172959805115,0.0651483050847457,0.25
pronostia,cnn_bilstm_attn_vib,Full_Test_Set_Bearing1_5,43,15,2463,,0.88,0.12,0.710895,0.0012180267965895,0.3379662334918976,0.3846908509731293,-0.3444433007558971,1.3867881298065186,1.5785149335861206,296.5770881125333,1.6099480698692452,727,1735,0.1002031144211239,0.4413696229457855,0.5510225602802976,0.5510225602802976,-0.5510225602802976,0.0048740861088545,0.22208688591149,0.146071328011754,0.3729510883818515
pronostia,abl_no_idxhead,Full_Test_Set_Bearing1_5,43,15,2463,,0.88,0.12,0.710895,0.0012180267965895,0.2881796658039093,0.3257071673870086,0.0362300854915955,1.182497501373291,1.3364850282669067,278.7222655517704,1.792645187318889,2446,16,0.0,0.0667004063725471,0.0963459475431787,0.0963459475431787,-0.0963459475431787,0.0056864337936636,0.0479090539991879,0.0228593568384347,0.2379032258064516
pronostia,abl_cond_noaux,Full_Test_Set_Bearing1_5,43,15,2463,E_norm|C_norm|VTOI,0.88,0.12,0.710895,0.0012180267965895,0.2891612648963928,0.325777530670166,0.0358136252451556,1.1865252256393433,1.3367738723754885,278.6819103029394,1.7854675556294064,2451,11,0.0,0.4640030264854431,0.003957959749257,0.003957959749257,-0.003957959749257,0.0129975629569455,0.1498172959805115,0.0655417406749555,0.25
pronostia,abl_E_only,Full_Test_Set_Bearing1_5,43,15,2463,E_norm,0.88,0.12,0.710895,0.0012180267965895,0.2233920842409134,0.2773186266422272,0.3013224151020661,0.9166523218154908,1.1379307508468628,216.35226464063985,1.4083467813492672,2448,14,0.0,0.0609379261732101,0.5000781968662446,-0.5000781968662446,0.5000781968662446,0.0097481722177091,0.0730816077953715,0.0613260769062039,0.1729718506862488
pronostia,abl_no_smooth,Full_Test_Set_Bearing1_5,43,15,2463,E_norm|C_norm|VTOI,0.88,0.12,0.710895,0.0012180267965895,0.2319898903369903,0.2897067964076996,0.2375065778360859,0.9519317746162416,1.1887636184692385,229.6343456062203,1.5234288047476197,2448,14,0.0,0.0550138019025325,0.3296147836908611,0.3296147836908611,-0.3296147836908611,0.0129975629569455,0.1636215996751928,0.1937125814958771,0.2716498814503619
pronostia,abl_no_mono,Full_Test_Set_Bearing1_5,43,15,2463,E_norm|C_norm|VTOI,0.88,0.12,0.710895,0.0012180267965895,0.2326613068580627,0.2861828207969665,0.2559434991544226,0.9546868801116944,1.174303650856018,227.59269922136355,1.4938581036379197,2446,16,0.0,0.0600002445280551,0.4455764229049423,-0.4455764229049423,0.4455764229049423,0.0073111291632818,0.2001624035728786,0.0878160136286201,0.252016129032258
pronostia,vtoi_static,Full_Test_Set_Bearing1_6,43,15,2448,E_norm|C_norm|VTOI,0.88,0.12,0.707944,0.0,0.2826439440250397,0.3233289718627929,0.0502566979937417,1.1527162790298462,1.31864333152771,271.5823522780018,1.769221548252211,2420,27,0.0,0.1181052476167678,0.0756100293829104,0.0756100293829104,-0.0756100293829104,0.023293829178586,0.1662581699346405,0.0904013652409585,0.2518717951411105
pronostia,vtoi_traj,Full_Test_Set_Bearing1_6,43,15,2448,E_norm|C_norm|VTOI|VTOI_vel|VTOI_acc,0.88,0.12,0.707944,0.0,0.2827715873718261,0.3229299485683441,0.0525994868756017,1.1532368659973145,1.3170158863067627,271.6115101359364,1.769738110956573,2425,22,0.0,0.1228499040007591,0.0503312238123363,-0.0503312238123363,0.0503312238123363,0.0143032284429914,0.0396241830065359,0.0203017344289103,0.1958031501295939
pronostia,transformer_vib,Full_Test_Set_Bearing1_6,43,15,2448,,0.88,0.12,0.707944,0.0,0.2913799285888672,0.3263387084007263,0.0324928699279617,1.1883444786071775,1.3309179544448853,274.932373407731,1.7558725762290932,2438,9,0.0,0.3125855624675751,0.0396500131839204,-0.0396500131839204,0.0396500131839204,0.0053126277073968,0.0482026143790849,0.0421255150246996,0.1957204848122101
pronostia,tcn_vib,Full_Test_Set_Bearing1_6,43,15,2448,,0.88,0.12,0.707944,0.0,0.2772021889686584,0.3235395848751068,0.0490190092949341,1.1305229663848877,1.3195022344589231,270.62867254749904,1.7904476049758289,-1,0,0.0,0.3376310169696808,0.4814245162694031,-0.4814245162694031,0.4814245162694031,0.0020433183489987,0.1997549019607843,0.0832482124616956,0.25
pronostia,tcn_transformer_vib,Full_Test_Set_Bearing1_6,43,15,2448,,0.88,0.12,0.707944,0.0,0.303029716014862,0.3348563611507416,-0.0186713521293238,1.2358561754226685,1.365655779838562,281.0820178925429,1.753774257820576,-1,0,0.0,0.7555164098739624,0.1249023869187098,0.1249023869187098,-0.1249023869187098,0.0077646097261953,0.1503267973856209,0.0692419240204507,0.2520325203252032
pronostia,cnn_bilstm_attn_vib,Full_Test_Set_Bearing1_6,43,15,2448,,0.88,0.12,0.707944,0.0,0.3307220935821533,0.3630471527576446,-0.1974108023767813,1.3487948179244995,1.480627417564392,294.7528016111687,1.7227323804884993,-1,0,0.0,0.3872567117214203,0.1715050533934903,-0.1715050533934903,0.1715050533934903,0.0061299550469963,0.1499183006535947,0.0651865008880994,0.25
pronostia,abl_no_idxhead,Full_Test_Set_Bearing1_6,43,15,2448,,0.88,0.12,0.707944,0.0,0.2828775942325592,0.3255625069141388,0.0370898425640385,1.1536691188812256,1.3277524709701538,273.15903211863764,1.786040027929642,1637,810,0.0,0.1175620406866073,0.0859724490289802,0.0859724490289802,-0.0859724490289802,0.0020433183489987,0.6017156862745098,0.1926934497120424,0.2520449897750511
pronostia,abl_cond_noaux,Full_Test_Set_Bearing1_6,43,15,2448,E_norm|C_norm|VTOI,0.88,0.12,0.707944,0.0,0.2806496620178222,0.3214494585990906,0.0612663160327893,1.144582986831665,1.3109780550003052,267.2060098773911,1.7223412902484376,1632,815,0.0,0.4735042452812195,0.1002867170219429,-0.1002867170219429,0.1002867170219429,0.0102165917449938,0.5882352941176471,0.2219761021929216,0.2621004414171137
pronostia,abl_E_only,Full_Test_Set_Bearing1_6,43,15,2448,E_norm,0.88,0.12,0.707944,0.0,0.2900914847850799,0.3257706463336944,0.0358582522452169,1.1830898523330688,1.328601360321045,274.5965145298835,1.7602909851777049,2438,9,0.0,0.1207861453294754,0.0403889824087297,-0.0403889824087297,0.0403889824087297,0.0143032284429914,0.0502450980392156,0.0239206534422403,0.25
pronostia,abl_no_smooth,Full_Test_Set_Bearing1_6,43,15,2448,E_norm|C_norm|VTOI,0.88,0.12,0.707944,0.0,0.2748053073883056,0.3306727707386017,0.0066235025500346,1.120747685432434,1.348593831062317,273.95147345378456,1.8415126842106129,1650,797,0.0,0.1151149868965148,0.0322566369410734,0.0322566369410734,-0.0322566369410734,0.0134859011033919,0.0383986928104575,0.0186286167261197,0.1910569105691057
pronostia,abl_no_mono,Full_Test_Set_Bearing1_6,43,15,2448,E_norm|C_norm|VTOI,0.88,0.12,0.707944,0.0,0.2761316299438476,0.3299790024757385,0.0107874380079365,1.1261566877365112,1.345764398574829,273.8427272633895,1.8323423490348636,2419,28,0.0,0.117241270840168,0.0944226975879389,0.0944226975879389,-0.0944226975879389,0.0192071924805884,0.6127450980392157,0.280969752241982,0.3130081300813008
pronostia,vtoi_static,Full_Test_Set_Bearing1_7,43,15,2259,E_norm|C_norm|VTOI,0.88,0.12,0.721486,0.0004426737494466,0.2789428830146789,0.3258969485759735,0.0351644503874754,1.0497550964355469,1.2264587879180908,231.10792316341585,1.671474640650758,2230,28,0.0,0.1223653778433799,0.3424438774215512,-0.3424438774215512,0.3424438774215512,0.0097431355181576,0.2000885347498893,0.083921277385815,0.25
pronostia,vtoi_traj,Full_Test_Set_Bearing1_7,43,15,2259,E_norm|C_norm|VTOI|VTOI_vel|VTOI_acc,0.88,0.12,0.721486,0.0004426737494466,0.2778529524803161,0.3258739113807678,0.0353008589589811,1.0456533432006836,1.2263721227645874,231.06727062334312,1.6779502566482076,2230,28,0.0,0.1218620762228965,0.4046447183989091,-0.4046447183989091,0.4046447183989091,0.0115146147032772,0.6077910579902612,0.2571584792279353,0.2898230088495575
pronostia,transformer_vib,Full_Test_Set_Bearing1_7,43,15,2259,,0.88,0.12,0.721486,0.0004426737494466,0.2781874239444732,0.3282504677772522,0.0211786352032576,1.0469119548797607,1.235316038131714,232.56893613402968,1.696171159905288,2256,2,0.0,0.3150300979614258,0.0360264051747443,-0.0360264051747443,0.0360264051747443,0.0194862710363153,0.6108897742363878,0.2793509556172039,0.3053097345132743
pronostia,tcn_vib,Full_Test_Set_Bearing1_7,43,15,2259,,0.88,0.12,0.721486,0.0004426737494466,0.3009196817874908,0.3345461785793304,-0.0167280901215753,1.1324613094329834,1.2590086460113523,237.60078790932155,1.6242630409261096,-1,0,0.0,0.2064622491598129,0.0628029116629393,-0.0628029116629393,0.0628029116629393,0.0008857395925597,0.5998229305002213,0.1898290837769683,0.25
pronostia,tcn_transformer_vib,Full_Test_Set_Bearing1_7,43,15,2259,,0.88,0.12,0.721486,0.0004426737494466,0.3064402043819427,0.3376851975917816,-0.0358975210393679,1.1532365083694458,1.270822048187256,239.37686767172536,1.614491777469195,-1,0,0.0,0.4056840538978576,0.2283040691885145,-0.2283040691885145,0.2283040691885145,0.0017714791851195,0.0500221336874723,0.0238195615514333,0.25
pronostia,cnn_bilstm_attn_vib,Full_Test_Set_Bearing1_7,43,15,2259,,0.88,0.12,0.721486,0.0004426737494466,0.3287357687950134,0.3609540164470672,-0.1835769626571337,1.2371423244476318,1.3583903312683103,249.0396527831428,1.595266511066206,-1,0,0.0,0.3056146800518036,0.0601909252403038,0.0601909252403038,-0.0601909252403038,0.0261293179805137,0.150066401062417,0.0664184952978056,0.25
pronostia,abl_no_idxhead,Full_Test_Set_Bearing1_7,43,15,2259,,0.88,0.12,0.721486,0.0004426737494466,0.2932548224925995,0.3245264589786529,0.0432622867644156,1.1036157608032229,1.2213011980056765,231.8218919119722,1.5968223667024144,-1,0,0.0,0.0917059630155563,0.1288289030906948,-0.1288289030906948,0.1288289030906948,0.0088573959255978,0.030987162461266,0.0150279089738085,0.1548672566371681
pronostia,abl_cond_noaux,Full_Test_Set_Bearing1_7,43,15,2259,E_norm|C_norm|VTOI,0.88,0.12,0.721486,0.0004426737494466,0.2776777148246765,0.3250515162944793,0.0401639091721081,1.044993877410889,1.22327721118927,230.86185903038265,1.6772720952375637,-1,0,0.0,0.3423132598400116,0.047158889022914,0.047158889022914,-0.047158889022914,0.0088573959255978,0.5998229305002213,0.1893515930687535,0.25
pronostia,abl_E_only,Full_Test_Set_Bearing1_7,43,15,2259,E_norm,0.88,0.12,0.721486,0.0004426737494466,0.3025792837142944,0.3309861719608307,0.0047953938751237,1.1387066841125488,1.2456111907958984,233.32772248908051,1.5542263659976765,2224,34,0.0,0.1019239947199821,0.2448882870715947,-0.2448882870715947,0.2448882870715947,0.0062001771479185,0.2191235059760956,0.2225281589974243,0.3451327433628318
pronostia,abl_no_smooth,Full_Test_Set_Bearing1_7,43,15,2259,E_norm|C_norm|VTOI,0.88,0.12,0.721486,0.0004426737494466,0.286984235048294,0.3174931704998016,0.0842826872190583,1.0800172090530396,1.1948325634002686,226.08135383471452,1.5544822737774528,2215,43,0.0,0.1012495160102844,0.411009945860592,-0.411009945860592,0.411009945860592,0.0008857395925597,0.1620185922974767,0.1640255013932003,0.3126843657817109
pronostia,abl_no_mono,Full_Test_Set_Bearing1_7,43,15,2259,E_norm|C_norm|VTOI,0.88,0.12,0.721486,0.0004426737494466,0.2928548455238342,0.3210073411464691,0.0638991474411683,1.1021103858947754,1.2080576419830322,226.9805099917913,1.5278949065085694,2212,46,0.0,0.0895072743296623,0.5603172697805116,-0.5603172697805116,0.5603172697805116,0.0062001771479185,0.1633466135458167,0.1717682186881267,0.3532448377581121
pronostia,vtoi_static,Full_Test_Set_Bearing2_3,43,15,1955,E_norm|C_norm|VTOI,0.87,0.13,0.740734,0.0,0.2952974438667297,0.335202693939209,-0.0206077108959041,0.9616855382919312,1.091643452644348,176.49172802407207,1.4400497854187075,266,1688,0.0025575447570332,0.0814952105283737,0.0110641310133065,0.0110641310133065,-0.0110641310133065,0.0010235414534288,0.0567774936061381,0.0389400111972621,0.248107938827705
pronostia,vtoi_traj,Full_Test_Set_Bearing2_3,43,15,1955,E_norm|C_norm|VTOI|VTOI_vel|VTOI_acc,0.87,0.13,0.740734,0.0,0.3059051632881164,0.3545422852039337,-0.1417735453832997,0.996231198310852,1.1546262502670288,183.86802338846397,1.4972290855513224,265,1689,0.0170502983802216,0.0778863877058029,0.2732752768481619,0.2732752768481619,-0.2732752768481619,0.0051177072671443,0.2792838874680307,0.1541475968058678,0.2638533674339301
pronostia,transformer_vib,Full_Test_Set_Bearing2_3,43,15,1955,,0.87,0.13,0.740734,0.0,0.3029792606830597,0.3468669354915619,-0.0928728381434991,0.9867024421691896,1.129630208015442,180.8162753360118,1.4658540613408608,265,1689,0.021312872975277,0.291499376296997,0.0612826547509011,0.0612826547509011,-0.0612826547509011,0.0051177072671443,0.2015345268542199,0.1058934094349599,0.2614763296622997
pronostia,tcn_vib,Full_Test_Set_Bearing2_3,43,15,1955,,0.87,0.13,0.740734,0.0,0.292003870010376,0.3284616768360138,0.020028829410214,0.950959324836731,1.0696903467178345,173.2865593967322,1.405931717405558,1946,8,0.0,0.183067038655281,0.6342506159347431,0.6342506159347431,-0.6342506159347431,0.0163766632548618,0.5805626598465473,0.1841934436871145,0.2419011082693947
pronostia,tcn_transformer_vib,Full_Test_Set_Bearing2_3,43,15,1955,,0.87,0.13,0.740734,0.0,0.2926576137542724,0.3319414556026459,-0.000845090956272,0.9530883431434632,1.08102285861969,175.8141836084433,1.4450183130564915,-1,0,0.0,0.7845800518989563,0.0375272312556998,0.0375272312556998,-0.0375272312556998,0.0158648925281473,0.6,0.1875,0.25
pronostia,cnn_bilstm_attn_vib,Full_Test_Set_Bearing2_3,43,15,1955,,0.87,0.13,0.740734,0.0,0.3336162865161896,0.3667351901531219,-0.2216561620432688,1.0864771604537964,1.1943342685699463,186.6764921142725,1.379895157213835,-1,0,0.0,0.3764158189296722,0.4844180748996267,0.4844180748996267,-0.4844180748996267,0.0353121801432958,0.2,0.0840137516115169,0.25
pronostia,abl_no_idxhead,Full_Test_Set_Bearing2_3,43,15,1955,,0.87,0.13,0.740734,0.0,0.3043553233146667,0.3494532108306885,-0.10923075975522,0.991183876991272,1.1380527019500732,181.50622097477864,1.468276510135416,270,1684,0.0179028132992327,0.0790531858801841,0.2078727172423345,0.2078727172423345,-0.2078727172423345,0.014329580348004,0.2015345268542199,0.1001226121287917,0.2550955164674565
pronostia,abl_cond_noaux,Full_Test_Set_Bearing2_3,43,15,1955,E_norm|C_norm|VTOI,0.87,0.13,0.740734,0.0,0.3046327531337738,0.344043105840683,-0.0751512685180093,0.9920873641967772,1.1204338073730469,180.51750427413717,1.4532105675412583,1946,8,0.0,0.3931595683097839,0.1525774808158348,0.1525774808158348,-0.1525774808158348,0.0163766632548618,0.1565217391304348,0.1015357211509343,0.2753028722989418
pronostia,abl_E_only,Full_Test_Set_Bearing2_3,43,15,1955,E_norm,0.87,0.13,0.740734,0.0,0.3054088950157165,0.3446654677391052,-0.0790446480895179,0.9946149587631226,1.1224607229232788,179.98952066038038,1.4390420277379072,270,1684,0.0161977834612105,0.0879911333322525,0.0825976105645632,0.0825976105645632,-0.0825976105645632,0.014329580348004,0.560613810741688,0.2050286450120887,0.2552702265057974
pronostia,abl_no_smooth,Full_Test_Set_Bearing2_3,43,15,1955,E_norm|C_norm|VTOI,0.87,0.13,0.740734,0.0,0.3038318753242492,0.3423307538032532,-0.0644754670610543,0.9894793033599854,1.114857196807861,179.52522052328408,1.4411803042466091,285,1669,0.0076726342710997,0.0797643512487411,0.2216418446123492,0.2216418446123492,-0.2216418446123492,0.0214943705220061,0.058312020460358,0.0337342078851304,0.2330091481614162
pronostia,abl_no_mono,Full_Test_Set_Bearing2_3,43,15,1955,E_norm|C_norm|VTOI,0.87,0.13,0.740734,0.0,0.2953554093837738,0.3371440172195434,-0.0324635921261509,0.9618740677833556,1.0979657173156738,177.1772141274091,1.4504937224349723,284,1670,0.0051150895140664,0.0737398564815521,0.1906678053939699,0.1906678053939699,-0.1906678053939699,0.0051177072671443,0.0460358056265984,0.0240092870327641,0.2278940586473497
pronostia,vtoi_static,Full_Test_Set_Bearing2_4,43,15,751,E_norm|C_norm|VTOI,0.88,0.12,0.752921,0.0,0.2859691083431244,0.3261463940143585,0.0350927818140279,0.3574613630771637,0.4076829850673675,24.590110683707188,0.5526838997923353,747,3,0.0,0.0968923345208168,0.0814664805003956,-0.0814664805003956,0.0814664805003956,0.0026666666666666,0.2103861517976032,0.1709430838891864,0.3026315789473684
pronostia,vtoi_traj,Full_Test_Set_Bearing2_4,43,15,751,E_norm|C_norm|VTOI|VTOI_vel|VTOI_acc,0.88,0.12,0.752921,0.0,0.2888248264789581,0.3262903690338135,0.0342407464088552,0.361031025648117,0.4078629612922668,24.667281025854983,0.5493556511124593,748,2,0.0,0.093966856598854,0.0738699021757357,-0.0738699021757357,0.0738699021757357,0.016,0.199733688415446,0.0841750841750841,0.25
pronostia,transformer_vib,Full_Test_Set_Bearing2_4,43,15,751,,0.88,0.12,0.752921,0.0,0.2872345447540283,0.3297179937362671,0.0138437812445951,0.3590431809425354,0.4121474921703338,24.7794101559466,0.5589934112919561,-1,0,0.0,0.4693849980831146,0.0305820122486973,-0.0305820122486973,0.0305820122486973,0.0106666666666666,0.2037283621837549,0.1101748093925091,0.2637134502923976
pronostia,tcn_vib,Full_Test_Set_Bearing2_4,43,15,751,,0.88,0.12,0.752921,0.0,0.2893479168415069,0.3398546874523163,-0.0477240505776097,0.3616848289966583,0.4248183369636535,25.329496582059505,0.5813193604624154,-1,0,0.0,0.2899306118488312,0.4247428417866132,0.4247428417866132,-0.4247428417866132,0.0026666666666666,0.0399467376830892,0.019404915912031,0.1973684210526315
pronostia,tcn_transformer_vib,Full_Test_Set_Bearing2_4,43,15,751,,0.88,0.12,0.752921,0.0,0.2918093800544739,0.3323650360107422,-0.0020537267344029,0.3647617101669311,0.4154562652111053,24.97972399810956,0.5573001102402995,-1,0,0.0,0.2072921246290207,0.0144178506729716,0.0144178506729716,-0.0144178506729716,0.0013333333333333,0.1451398135818908,0.094604181335931,0.235233918128655
pronostia,cnn_bilstm_attn_vib,Full_Test_Set_Bearing2_4,43,15,751,,0.88,0.12,0.752921,0.0,0.4312086701393127,0.4910111427307129,-1.186971515390216,0.5390108227729797,0.6137639880180359,32.84586795105395,0.5866283297832663,0,750,0.9955555555555556,0.3892055749893188,0.6064139347462789,0.6064139347462789,-0.6064139347462789,0.0026666666666666,0.151797603195739,0.0671905187951401,0.2505555555555555
pronostia,abl_no_idxhead,Full_Test_Set_Bearing2_4,43,15,751,,0.88,0.12,0.752921,0.0,0.2886082828044891,0.3260649144649505,0.0355749238526929,0.360760360956192,0.4075811207294464,24.59656038377281,0.5461569303099795,748,2,0.0,0.0966067388653755,0.030536016797552,0.030536016797552,-0.030536016797552,0.0053333333333333,0.199733688415446,0.083986562150056,0.25
pronostia,abl_cond_noaux,Full_Test_Set_Bearing2_4,43,15,751,E_norm|C_norm|VTOI,0.88,0.12,0.752921,0.0,0.3029599189758301,0.3326087296009063,-0.0035238577190792,0.3786998987197876,0.4157609343528747,25.039776013728765,0.5315073170666936,748,2,0.0,0.3963651955127716,0.0103486977665431,0.0103486977665431,-0.0103486977665431,0.028,0.0399467376830892,0.0192307692307692,0.1973684210526315
pronostia,abl_E_only,Full_Test_Set_Bearing2_4,43,15,751,E_norm,0.88,0.12,0.752921,0.0,0.2920711040496826,0.3279960453510284,0.0241172332786806,0.3650889098644256,0.4099950790405273,24.791027675377773,0.5472559403540063,-1,0,0.0,0.1054532900452613,0.1045586003903824,-0.1045586003903824,0.1045586003903824,0.016,0.2143808255659121,0.0969767744547926,0.2561111111111111
pronostia,abl_no_smooth,Full_Test_Set_Bearing2_4,43,15,751,E_norm|C_norm|VTOI,0.88,0.12,0.752921,0.0,0.2873260378837585,0.3275040090084076,0.0270430164414757,0.3591575026512146,0.4093800187110901,24.7053944830678,0.5551250469089596,-1,0,0.0,0.1101584509015083,0.05515436792931,0.05515436792931,-0.05515436792931,0.0133333333333333,0.0399467376830892,0.0192061459667093,0.1973684210526315
pronostia,abl_no_mono,Full_Test_Set_Bearing2_4,43,15,751,E_norm|C_norm|VTOI,0.88,0.12,0.752921,0.0,0.3069051504135132,0.3375464975833893,-0.0335407233329705,0.3836314678192138,0.4219331443309784,25.30482979527362,0.534621334192622,-1,0,0.0,0.119964376091957,0.0298937039955391,0.0298937039955391,-0.0298937039955391,0.0293333333333333,0.047936085219707,0.0228716645489199,0.2368421052631578
pronostia,vtoi_static,Full_Test_Set_Bearing2_5,43,15,2311,E_norm|C_norm|VTOI,0.86,0.14,0.738253,0.0,0.3010567724704742,0.344260573387146,-0.0766494521041076,1.159068584442139,1.325403332710266,256.2852941825262,1.7582790192939206,86,2224,0.0028860028860028,0.0906751528382301,0.3336572149822205,0.3336572149822205,-0.3336572149822205,0.0051948051948051,0.2107312851579403,0.0934716558623739,0.2541486291486292
pronostia,vtoi_traj,Full_Test_Set_Bearing2_5,43,15,2311,E_norm|C_norm|VTOI|VTOI_vel|VTOI_acc,0.86,0.14,0.738253,0.0,0.3022820949554443,0.3437396287918091,-0.0733934153864894,1.1637861728668213,1.3233976364135742,255.68806367271688,1.7424538761044055,14,2296,0.0129870129870129,0.1084310263395309,0.3054579671851596,0.3054579671851596,-0.3054579671851596,0.0025974025974025,0.0545218520121159,0.0296761678596078,0.2422905159974125
pronostia,transformer_vib,Full_Test_Set_Bearing2_5,43,15,2311,,0.86,0.14,0.738253,0.0,0.3166670203208923,0.3667391538619995,-0.2218397682298016,1.219168186187744,1.4119458198547363,266.4478748540089,1.7842330366168744,3,2307,0.0382395382395382,0.4366237819194793,0.0410026731759797,0.0410026731759797,-0.0410026731759797,0.0112554112554112,0.2020770229337949,0.1088242242914057,0.2700247639008445
pronostia,tcn_vib,Full_Test_Set_Bearing2_5,43,15,2311,,0.86,0.14,0.738253,0.0,0.3149898946285248,0.3555099666118622,-0.1481622255841741,1.212710976600647,1.3687134981155396,263.06289882469724,1.7584790032454098,81,2229,0.0194805194805194,0.4525446593761444,0.3428499748745375,0.3428499748745375,-0.3428499748745375,0.0216450216450216,0.353093898745132,0.1969974845058078,0.3138528138528138
pronostia,tcn_transformer_vib,Full_Test_Set_Bearing2_5,43,15,2311,,0.86,0.14,0.738253,0.0,0.2940793633460998,0.3316148817539215,0.0009948220603638,1.1322057247161863,1.2767173051834106,248.2655023398925,1.6968435778771014,-1,0,0.0,0.3092500269412994,0.28685516654042,-0.28685516654042,0.28685516654042,0.0086580086580086,0.1999134573777585,0.0833032816444284,0.25
pronostia,cnn_bilstm_attn_vib,Full_Test_Set_Bearing2_5,43,15,2311,,0.86,0.14,0.738253,0.0,0.3494403064250946,0.3865668773651123,-0.3575287211218696,1.3453452587127686,1.488282561302185,272.33738946703954,1.6349804305261115,-1,0,0.0,0.3862636387348175,0.1826368158787578,0.1826368158787578,-0.1826368158787578,0.0173160173160173,0.1999134573777585,0.0833032816444284,0.25
pronostia,abl_no_idxhead,Full_Test_Set_Bearing2_5,43,15,2311,,0.86,0.14,0.738253,0.0,0.3053280711174011,0.3490383327007293,-0.1067410582885322,1.1755130290985107,1.3437976837158203,257.972261849346,1.7510446144398084,86,2224,0.0122655122655122,0.1037768498063087,0.1955756630725863,0.1955756630725863,-0.1955756630725863,0.0121212121212121,0.1994807442665512,0.0976259150202824,0.2512522299986277
pronostia,abl_cond_noaux,Full_Test_Set_Bearing2_5,43,15,2311,E_norm|C_norm|VTOI,0.86,0.14,0.738253,0.0,0.2998839318752289,0.3405718505382538,-0.0537006025396582,1.1545530557632446,1.3112016916275024,253.7496821997068,1.7324899020121194,457,1853,0.0021645021645021,0.5472908616065979,0.1401451733925919,-0.1401451733925919,0.1401451733925919,0.0025974025974025,0.0558199913457377,0.0298128402741722,0.2404960939443698
pronostia,abl_E_only,Full_Test_Set_Bearing2_5,43,15,2311,E_norm,0.86,0.14,0.738253,0.0,0.3096528053283691,0.357365220785141,-0.1601772099328102,1.1921634674072266,1.3758562803268433,261.5486876504666,1.766959104411528,86,2224,0.0238095238095238,0.1079032123088836,0.2510591587953669,0.2510591587953669,-0.2510591587953669,0.0077922077922077,0.2012115967113803,0.0975469063831871,0.2580795641140468
pronostia,abl_no_smooth,Full_Test_Set_Bearing2_5,43,15,2311,E_norm|C_norm|VTOI,0.86,0.14,0.738253,0.0,0.2991666495800018,0.3416045606136322,-0.060100468695825,1.1517916917800903,1.3151775598526,253.8438278013409,1.736958427179995,115,2195,0.0043290043290043,0.0934179052710533,0.182990111187285,0.182990111187285,-0.182990111187285,0.0129870129870129,0.1999134573777585,0.0833032816444284,0.25
pronostia,abl_no_mono,Full_Test_Set_Bearing2_5,43,15,2311,E_norm|C_norm|VTOI,0.86,0.14,0.738253,0.0,0.303108811378479,0.3498159945011139,-0.1116780490228421,1.1669689416885376,1.3467916250228882,259.3008812913874,1.7834752078816112,14,2296,0.0187590187590187,0.103382833302021,0.239174893178394,0.239174893178394,-0.239174893178394,0.0025974025974025,0.569883167459974,0.1897001479091031,0.2434785042543663
pronostia,vtoi_static,Full_Test_Set_Bearing2_6,43,15,701,E_norm|C_norm|VTOI,0.88,0.12,0.719201,0.0,0.2741909325122833,0.3207821846008301,0.0667171206279929,0.3198894262313843,0.3742459118366241,20.717375158916106,0.5065567761369996,689,11,0.0,0.0554256178438663,0.1631434130911721,0.1631434130911721,-0.1631434130911721,0.0,0.0313837375178316,0.0152143845089903,0.1527777777777778
pronostia,vtoi_traj,Full_Test_Set_Bearing2_6,43,15,701,E_norm|C_norm|VTOI|VTOI_vel|VTOI_acc,0.88,0.12,0.719201,0.0,0.2791801393032074,0.3163020014762878,0.0926042996769894,0.3257102072238922,0.3690190315246582,20.64163350321614,0.4905016067797868,687,13,0.0,0.1095087677240371,0.1687080439245639,0.1687080439245639,-0.1687080439245639,0.0342857142857142,0.6191155492154066,0.3297018970189702,0.3472222222222222
pronostia,transformer_vib,Full_Test_Set_Bearing2_6,43,15,701,,0.88,0.12,0.719201,0.0,0.278808444738388,0.3181635737419128,0.0818919933625783,0.3252765536308288,0.3711909055709839,20.735172592139357,0.4965933245964103,687,13,0.0,0.2227479666471481,0.0175206321801842,-0.0175206321801842,0.0175206321801842,0.06,0.5991440798858774,0.1897018970189702,0.25
pronostia,tcn_vib,Full_Test_Set_Bearing2_6,43,15,701,,0.88,0.12,0.719201,0.0,0.288334310054779,0.324035108089447,0.04769313064915,0.3363900482654571,0.3780409693717956,21.24713676207792,0.502014238433846,-1,0,0.0,0.2203815579414367,0.3548451329351593,0.3548451329351593,-0.3548451329351593,0.0157142857142857,0.202567760342368,0.1015334430827388,0.2638888888888889
pronostia,tcn_transformer_vib,Full_Test_Set_Bearing2_6,43,15,701,,0.88,0.12,0.719201,0.0,0.2963503301143646,0.332270473241806,-0.0013278289753599,0.3457420766353607,0.3876489102840423,21.773066641471395,0.5116098105320216,-1,0,0.0,0.3039889931678772,0.0272431202364222,0.0272431202364222,-0.0272431202364222,0.0028571428571428,0.5991440798858774,0.1873327386262266,0.25
pronostia,cnn_bilstm_attn_vib,Full_Test_Set_Bearing2_6,43,15,701,,0.88,0.12,0.719201,0.0,0.3248606324195862,0.362640768289566,-0.1927407698659207,0.3790040612220764,0.4230809509754181,23.46584379610922,0.5358260351614482,687,13,0.0,0.4386540055274963,0.3957584988539502,0.3957584988539502,-0.3957584988539502,0.0257142857142857,0.2496433666191155,0.1442924743306784,0.1994047619047619
pronostia,abl_no_idxhead,Full_Test_Set_Bearing2_6,43,15,701,,0.88,0.12,0.719201,0.0,0.2844197452068329,0.3186188340187073,0.0792628067917555,0.3318230807781219,0.371722012758255,20.768029411903896,0.4846050160553056,687,13,0.0,0.0771330967545509,0.0714267067514583,0.0714267067514583,-0.0714267067514583,0.0371428571428571,0.5991440798858774,0.1873327386262266,0.25
pronostia,abl_cond_noaux,Full_Test_Set_Bearing2_6,43,15,701,E_norm|C_norm|VTOI,0.88,0.12,0.719201,0.0,0.2803250551223755,0.3141258060932159,0.105047449385691,0.3270459175109863,0.3664801120758056,20.51161041107208,0.4804260854552182,687,13,0.0,0.2202790826559066,0.2791733962036541,0.2791733962036541,-0.2791733962036541,0.0085714285714285,0.0413694721825962,0.0198630136986301,0.2013888888888889
pronostia,abl_E_only,Full_Test_Set_Bearing2_6,43,15,701,E_norm,0.88,0.12,0.719201,0.0,0.2765666246414184,0.3211055397987366,0.0648346361948446,0.3226611018180847,0.3746231496334076,20.84323781626613,0.5079961897268593,689,11,0.0,0.0654473379254341,0.0999110856515183,0.0999110856515183,-0.0999110856515183,0.0028571428571428,0.0599144079885877,0.0365131452450232,0.190079365079365
pronostia,abl_no_smooth,Full_Test_Set_Bearing2_6,43,15,701,E_norm|C_norm|VTOI,0.88,0.12,0.719201,0.0,0.2836782038211822,0.3177652060985565,0.0841898565020602,0.3309579193592071,0.370726078748703,20.70316507278484,0.4827808582671677,687,13,0.0,0.066410094499588,0.2401313125036336,0.2401313125036336,-0.2401313125036336,0.0085714285714285,0.1997146932952924,0.0832342449464922,0.25
pronostia,abl_no_mono,Full_Test_Set_Bearing2_6,43,15,701,E_norm|C_norm|VTOI,0.88,0.12,0.719201,0.0,0.2790204584598541,0.3202162086963653,0.0700075182580785,0.3255238831043243,0.37358558177948,20.88096637227573,0.5042811512147287,692,8,0.0,0.0615722388029098,0.2926369142127786,0.2926369142127786,-0.2926369142127786,0.0057142857142857,0.0313837375178316,0.0152143845089903,0.1527777777777778
pronostia,vtoi_static,Full_Test_Set_Bearing2_7,43,15,230,E_norm|C_norm|VTOI,0.88,0.12,0.726412,0.0,0.2736551463603973,0.3070144653320312,0.149180756101579,0.1044450476765632,0.1171771809458732,2.1090577120496548,0.1512175889402304,225,4,0.0,0.1520210951566696,0.3730764154123214,-0.3730764154123214,0.3730764154123214,0.0655021834061135,0.2826086956521739,0.2908903479742987,0.3541666666666667
pronostia,vtoi_traj,Full_Test_Set_Bearing2_7,43,15,230,E_norm|C_norm|VTOI|VTOI_vel|VTOI_acc,0.88,0.12,0.726412,0.0,0.263425350189209,0.3117375671863556,0.1228013127808599,0.1005406826734542,0.1189798489212989,2.1044863075004003,0.1591272766458923,225,4,0.0,0.1554905176162719,0.1582178462981459,-0.1582178462981459,0.1582178462981459,0.056768558951965,0.6,0.1906077348066298,0.25
pronostia,transformer_vib,Full_Test_Set_Bearing2_7,43,15,230,,0.88,0.12,0.726412,0.0,0.2721625864505768,0.3100396394729614,0.1323309633257687,0.1038753986358642,0.1183318048715591,2.118106513086471,0.154151442837294,223,6,0.0,0.4403303563594818,0.0964396216562335,-0.0964396216562335,0.0964396216562335,0.0,0.5956521739130435,0.1924157303370786,0.2481884057971014
pronostia,tcn_vib,Full_Test_Set_Bearing2_7,43,15,230,,0.88,0.12,0.726412,0.0,0.2906490564346313,0.3281193077564239,0.0281857529979268,0.1109310612082481,0.1252322196960449,2.266212506144868,0.1652883379315228,225,4,0.0,0.185719296336174,0.2575032429103839,-0.2575032429103839,0.2575032429103839,0.0043668122270742,0.6,0.1875,0.25
pronostia,tcn_transformer_vib,Full_Test_Set_Bearing2_7,43,15,230,,0.88,0.12,0.726412,0.0,0.3051592707633972,0.3369986414909363,-0.0251230224229477,0.1164691224694252,0.1286211609840393,2.331329658357146,0.1646346806467551,-1,0,0.0,0.3139092028141022,0.0035329560572853,0.0035329560572853,-0.0035329560572853,0.0305676855895196,0.6,0.1875,0.25
pronostia,cnn_bilstm_attn_vib,Full_Test_Set_Bearing2_7,43,15,230,,0.88,0.12,0.726412,0.0,0.484103262424469,0.553078830242157,-1.7611737144678692,0.1847660839557647,0.2110917717218399,3.372650723609328,0.1983196926789115,0,229,1.0,0.3429008424282074,0.0128565698368242,0.0128565698368242,-0.0128565698368242,0.074235807860262,0.6,0.1900826446280991,0.25
pronostia,abl_no_idxhead,Full_Test_Set_Bearing2_7,43,15,230,,0.88,0.12,0.726412,0.0,0.2673567831516266,0.3050749003887176,0.1598969495703693,0.1020411625504493,0.1164369136095047,2.1046316811561567,0.1558828243378388,224,5,0.0,0.158095508813858,0.2809750932004535,-0.2809750932004535,0.2809750932004535,0.074235807860262,0.6217391304347826,0.3376665583360416,0.3541666666666667
pronostia,abl_cond_noaux,Full_Test_Set_Bearing2_7,43,15,230,E_norm|C_norm|VTOI,0.88,0.12,0.726412,0.0,0.2773363292217254,0.3191787302494049,0.0804241919181041,0.1058500185608863,0.1218198910355568,2.179062681444514,0.1608045464907975,225,4,0.0,0.3108938634395599,0.0758410715114418,0.0758410715114418,-0.0758410715114418,0.0043668122270742,0.591304347826087,0.2264606201332207,0.2690217391304347
pronostia,abl_E_only,Full_Test_Set_Bearing2_7,43,15,230,E_norm,0.88,0.12,0.726412,0.0,0.2735332250595093,0.313281774520874,0.1140892854373637,0.1043985113501548,0.119569219648838,2.1550414566197245,0.1597395663797531,225,4,0.0,0.1486280411481857,0.2802110143352516,-0.2802110143352516,0.2802110143352516,0.0305676855895196,0.208695652173913,0.165392375491133,0.3306159420289855
pronostia,abl_no_smooth,Full_Test_Set_Bearing2_7,43,15,230,E_norm|C_norm|VTOI,0.88,0.12,0.726412,0.0,0.2609953284263611,0.3117064535617828,0.1229765104054297,0.099613219499588,0.1189679726958274,2.1175608087619477,0.1636770988895517,224,5,0.0,0.1637828648090362,0.4029871210894689,-0.4029871210894689,0.4029871210894689,0.0131004366812227,0.0260869565217391,0.0127118644067796,0.125
pronostia,abl_no_mono,Full_Test_Set_Bearing2_7,43,15,230,E_norm|C_norm|VTOI,0.88,0.12,0.726412,0.0,0.2659495174884796,0.3167600035667419,0.0943081927417119,0.1015040650963783,0.1208967491984367,2.148991820455997,0.1651148733844899,225,4,0.0,0.1660486012697219,0.2468025707174671,-0.2468025707174671,0.2468025707174671,0.0043668122270742,0.0521739130434782,0.0538027332144979,0.1422101449275362
pronostia,vtoi_static,Full_Test_Set_Bearing3_3,43,15,434,E_norm|C_norm|VTOI,0.88,0.12,0.702101,0.0,0.2763470113277435,0.3302533328533172,0.0122112950712302,0.1994304358959198,0.2383328229188919,8.061967839541335,0.328082820302957,425,8,0.0,0.1684831827878952,0.3397578496335217,-0.3397578496335217,0.3397578496335217,0.0484988452655889,0.1612903225806451,0.1721835075493612,0.3143356643356643
pronostia,vtoi_traj,Full_Test_Set_Bearing3_3,43,15,434,E_norm|C_norm|VTOI|VTOI_vel|VTOI_acc,0.88,0.12,0.702101,0.0,0.2681692540645599,0.3323396742343902,-0.0003085432944682,0.1935288459062576,0.2398384660482406,7.952541915472371,0.3304472920293855,425,8,0.0,0.1495671421289444,0.6020392355903432,-0.6020392355903432,0.6020392355903432,0.0115473441108545,0.2027649769585253,0.1067000679347826,0.2613636363636363
pronostia,transformer_vib,Full_Test_Set_Bearing3_3,43,15,434,,0.88,0.12,0.702101,0.0,0.2692147195339203,0.3259425759315491,0.0378301821565911,0.1942833065986633,0.2352218925952911,7.858724171039757,0.3200673149857876,425,8,0.0,0.2946953475475311,0.2601722348171166,-0.2601722348171166,0.2601722348171166,0.0023094688221709,0.1705069124423963,0.2114878209348255,0.3522727272727273
pronostia,tcn_vib,Full_Test_Set_Bearing3_3,43,15,434,,0.88,0.12,0.702101,0.0,0.2223059237003326,0.2426971495151519,0.4665435368429016,0.1604307889938354,0.1751464605331421,6.141507412519123,0.2335863296717216,375,58,0.0,0.3121070563793182,0.4159426959811845,0.4159426959811845,-0.4159426959811845,0.0484988452655889,0.1474654377880184,0.1188312292564905,0.0997789566755084
pronostia,tcn_transformer_vib,Full_Test_Set_Bearing3_3,43,15,434,,0.88,0.12,0.702101,0.0,0.3032987415790558,0.3355295658111572,-0.0196032807312351,0.2188805937767028,0.2421405166387558,8.337308855865126,0.3115305230332633,-1,0,0.0,0.330784410238266,0.2155623638249247,0.2155623638249247,-0.2155623638249247,0.0323325635103926,0.5990783410138248,0.1873198847262248,0.25
pronostia,cnn_bilstm_attn_vib,Full_Test_Set_Bearing3_3,43,15,434,,0.88,0.12,0.702101,0.0,0.3302593231201172,0.3626672029495239,-0.1912040322772576,0.2383371889591217,0.2617248296737671,8.768138894353484,0.3087194293430547,-1,0,0.0,0.3201415836811065,0.5000013653378603,0.5000013653378603,-0.5000013653378603,0.0069284064665127,0.5990783410138248,0.1873198847262248,0.25
pronostia,abl_no_idxhead,Full_Test_Set_Bearing3_3,43,15,434,,0.88,0.12,0.702101,0.0,0.2698225080966949,0.3267330527305603,0.0331573901554863,0.194721907377243,0.2357923686504364,7.89658042292315,0.32272257401462,424,9,0.0,0.1437545418739318,0.326778940047828,-0.326778940047828,0.326778940047828,0.0254041570438799,0.6221198156682027,0.3463084795321637,0.3636363636363636
pronostia,abl_cond_noaux,Full_Test_Set_Bearing3_3,43,15,434,E_norm|C_norm|VTOI,0.88,0.12,0.702101,0.0,0.26469287276268,0.3342725932598114,-0.0119782819379028,0.191020056605339,0.2412334084510803,7.905845562663766,0.3313732615335145,424,9,0.0,0.3880030512809753,0.509732007533324,-0.509732007533324,0.509732007533324,0.0069284064665127,0.0691244239631336,0.1282662429378531,0.168006993006993
pronostia,abl_E_only,Full_Test_Set_Bearing3_3,43,15,434,E_norm,0.88,0.12,0.702101,0.0,0.2666243016719818,0.3338087797164917,-0.009171916663119,0.1924138814210891,0.2408986836671829,7.9539148858363635,0.3329796708985081,425,8,0.0,0.15609210729599,0.562769080810263,-0.562769080810263,0.562769080810263,0.0023094688221709,0.152073732718894,0.0883374910905203,0.2613636363636363
pronostia,abl_no_smooth,Full_Test_Set_Bearing3_3,43,15,434,E_norm|C_norm|VTOI,0.88,0.12,0.702101,0.0,0.2731255292892456,0.3089379668235779,0.135605207275543,0.1971056163311004,0.2229502350091934,7.632111068805243,0.2930174964503707,423,10,0.0,0.1355915665626526,0.4569848564461606,-0.4569848564461606,0.4569848564461606,0.0069284064665127,0.0276497695852534,0.0188808938808938,0.1288461538461538
pronostia,abl_no_mono,Full_Test_Set_Bearing3_3,43,15,434,E_norm|C_norm|VTOI,0.88,0.12,0.702101,0.0,0.2729446589946747,0.3396252691745758,-0.0446471129506855,0.1969750821590423,0.2450962364673614,8.131363286180848,0.3396523844435691,-1,0,0.0,0.1521563380956649,0.5593405930435967,-0.5593405930435967,0.5593405930435967,0.0207852193995381,0.1497695852534562,0.0657894736842105,0.25
pronostia,vtoi_static,Learning_set_Bearing1_1,43,15,2803,E_norm|C_norm|VTOI,0.88,0.12,0.715734,0.0767035319300749,0.1975022107362747,0.2204227298498153,0.5585652040672348,0.9223353266716005,1.029374122619629,230.7173117515529,1.2401133507471551,2356,446,0.0,0.110301099717617,0.8545608955002054,-0.8545608955002054,0.8545608955002054,0.0028551034975017,0.6946129147342134,0.3608058107631181,0.4077380952380952
pronostia,vtoi_traj,Learning_set_Bearing1_1,43,15,2803,E_norm|C_norm|VTOI|VTOI_vel|VTOI_acc,0.88,0.12,0.715734,0.0767035319300749,0.250802606344223,0.2808697521686554,0.2832566008079777,1.171248197555542,1.311661720275879,313.6623966621446,1.7795627247309562,2767,35,0.0,0.1116267815232276,0.7827352319087456,-0.7827352319087456,0.7827352319087456,0.0028551034975017,0.6179093828041384,0.2397704296380215,0.2797619047619047
pronostia,transformer_vib,Learning_set_Bearing1_1,43,15,2803,,0.88,0.12,0.715734,0.0767035319300749,0.2177809774875641,0.2402869462966919,0.4754171092152492,1.0170371532440186,1.1221400499343872,254.47146196121128,1.3571997105642022,2435,367,0.0,0.3281006813049316,0.4963322559767921,0.4963322559767921,-0.4963322559767921,0.0135617416131334,0.0242597217267213,0.0350995182229971,0.1130539010706364
pronostia,tcn_vib,Learning_set_Bearing1_1,43,15,2803,,0.88,0.12,0.715734,0.0767035319300749,0.3167160749435425,0.349027156829834,-0.1068077025141391,1.4790639877319336,1.6299567222595217,395.3483723271355,2.159869693962593,-1,0,0.0,0.8366286754608154,0.5937808405314848,0.5937808405314848,-0.5937808405314848,0.0171306209850107,0.1220121298608633,0.113395317117282,0.1531134610218211
pronostia,tcn_transformer_vib,Learning_set_Bearing1_1,43,15,2803,,0.88,0.12,0.715734,0.0767035319300749,0.2427711486816406,0.2705263197422027,0.3350746809184594,1.1337413787841797,1.2633579969406128,289.1864573063721,1.547030184596054,-1,0,0.0,0.4354439973831177,0.7619927785811673,0.7619927785811673,-0.7619927785811673,0.0035688793718772,0.0445950767035319,0.0328897591542049,0.0513921315990155
pronostia,cnn_bilstm_attn_vib,Learning_set_Bearing1_1,43,15,2803,,0.88,0.12,0.715734,0.0767035319300749,0.3552709817886352,0.3937835097312927,-0.4088630745292128,1.6591155529022217,1.8389689922332764,419.52076681297433,2.0762747606987557,-1,0,0.0,0.4277602434158325,0.2826161142641215,0.2826161142641215,-0.2826161142641215,0.0053533190578158,0.6000713521227257,0.1875139353400223,0.25
pronostia,abl_no_idxhead,Learning_set_Bearing1_1,43,15,2803,,0.88,0.12,0.715734,0.0767035319300749,0.2066746205091476,0.2327191978693008,0.5079398634883396,0.9651703834533693,1.0867986679077148,247.37581049500437,1.3610684000317153,2199,603,0.0,0.1422723680734634,0.8202864820793081,-0.8202864820793081,0.8202864820793081,0.0057102069950035,0.5997145915090974,0.1875278893351182,0.2498513674197384
pronostia,abl_cond_noaux,Learning_set_Bearing1_1,43,15,2803,E_norm|C_norm|VTOI,0.88,0.12,0.715734,0.0767035319300749,0.1972506940364837,0.2211772799491882,0.5555378364450485,0.9211607575416564,1.03289794921875,225.52174489815084,1.173081182898994,2255,547,0.0,0.389113038778305,0.8321276860935859,-0.8321276860935859,0.8321276860935859,0.0021413276231263,0.1002497324295397,0.1106939684676332,0.1546123874639035
pronostia,abl_E_only,Learning_set_Bearing1_1,43,15,2803,E_norm,0.88,0.12,0.715734,0.0767035319300749,0.2258314788341522,0.2558762431144714,0.4051414875756104,1.0546330213546753,1.1949419975280762,252.6075410568426,1.2374889782583058,1912,890,0.0,0.144460380077362,0.855587072661139,-0.855587072661139,0.855587072661139,0.0028551034975017,0.0495897252943275,0.024637787973148,0.0219997452012909
pronostia,abl_no_smooth,Learning_set_Bearing1_1,43,15,2803,E_norm|C_norm|VTOI,0.88,0.12,0.715734,0.0767035319300749,0.2223545759916305,0.2443821877241134,0.4573836573548739,1.038395881652832,1.141264796257019,268.3356495134717,1.4921524927347016,2481,321,0.0,0.1055631041526794,0.8406066232258019,-0.8406066232258019,0.8406066232258019,0.0071377587437544,0.0156974669996432,0.0195393647448441,0.0342356889564336
pronostia,abl_no_mono,Learning_set_Bearing1_1,43,15,2803,E_norm|C_norm|VTOI,0.88,0.12,0.715734,0.0767035319300749,0.2080243676900863,0.2365345805883407,0.4916731605729709,0.9714738130569458,1.1046165227890017,233.17304987833668,1.158277683740178,2011,791,0.0,0.1345268636941909,0.8563310416717546,-0.8563310416717546,0.8563310416717546,0.019271948608137,0.0973956475205137,0.1482892274792836,0.1895896656534954
pronostia,vtoi_static,Learning_set_Bearing1_2,43,15,871,E_norm|C_norm|VTOI,0.88,0.12,0.733679,0.0,0.2796539068222046,0.3165238797664642,0.0909163247826779,0.4054981768131256,0.4589596092700958,31.44491467580273,0.5814994018654265,826,44,0.0,0.0908232405781745,0.2482622003790041,-0.2482622003790041,0.2482622003790041,0.0206896551724137,0.1859931113662457,0.102900100835494,0.2557983094966511
pronostia,vtoi_traj,Learning_set_Bearing1_2,43,15,871,E_norm|C_norm|VTOI|VTOI_vel|VTOI_acc,0.88,0.12,0.733679,0.0,0.2663140892982483,0.3080955743789673,0.1386854196432964,0.3861554265022278,0.446738600730896,31.18054239883839,0.6108809416706275,837,33,0.0,0.0704960823059082,0.1589137155002252,-0.1589137155002252,0.1589137155002252,0.0045977011494252,0.0298507462686567,0.014922503391478,0.1425243817485197
pronostia,transformer_vib,Learning_set_Bearing1_2,43,15,871,,0.88,0.12,0.733679,0.0,0.2812032699584961,0.3181491792201996,0.0815562510772701,0.4077447354793548,0.4613163471221924,31.42544183557117,0.5756614473445211,826,44,0.0,0.2619126141071319,0.1439981583665751,-0.1439981583665751,0.1439981583665751,0.0022988505747126,0.6096440872560276,0.3556327160493827,0.4851532567049808
pronostia,tcn_vib,Learning_set_Bearing1_2,43,15,871,,0.88,0.12,0.733679,0.0,0.2821851074695587,0.3101514875888824,0.1271517873218716,0.4091684818267822,0.4497196972370147,31.84287494438036,0.5934377762651548,-1,0,0.0,0.468220055103302,0.0059587996373354,-0.0059587996373354,0.0059587996373354,0.0091954022988505,0.5177956371986223,0.182860028919523,0.218855108069375
pronostia,tcn_transformer_vib,Learning_set_Bearing1_2,43,15,871,,0.88,0.12,0.733679,0.0,0.2973501086235046,0.3325214385986328,-0.0032986869416806,0.4311576783657074,0.4821561276912689,33.81676065705122,0.6338646618951963,-1,0,0.0,0.4498766362667084,0.0379511920168656,0.0379511920168656,-0.0379511920168656,0.0091954022988505,0.5993111366245695,0.1873653984206748,0.25
pronostia,cnn_bilstm_attn_vib,Learning_set_Bearing1_2,43,15,871,,0.88,0.12,0.733679,0.0,0.3357174396514892,0.3703454434871673,-0.2445288257248894,0.486790269613266,0.5370008945465088,36.27538969027192,0.6240857381477362,-1,0,0.0,0.3809378445148468,0.2887070027261514,0.2887070027261514,-0.2887070027261514,0.0149425287356321,0.5993111366245695,0.1873653984206748,0.25
pronostia,abl_no_idxhead,Learning_set_Bearing1_2,43,15,871,,0.88,0.12,0.733679,0.0,0.2786987423896789,0.3103025555610657,0.1263014368432852,0.4041132032871246,0.4499387145042419,31.83663222901762,0.6036401695259617,835,35,0.0,0.093985691666603,0.0784588618345214,-0.0784588618345214,0.0784588618345214,0.0183908045977011,0.2123995407577497,0.17895965166413,0.3096264367816091
pronostia,abl_cond_noaux,Learning_set_Bearing1_2,43,15,871,E_norm|C_norm|VTOI,0.88,0.12,0.733679,0.0,0.2878007590770721,0.3206064701080322,0.067313893596812,0.4173111319541931,0.464879423379898,32.65622980427108,0.6119831889128926,-1,0,0.0,0.4544263482093811,0.0598387963118731,-0.0598387963118731,0.0598387963118731,0.0160919540229885,0.1504018369690011,0.0655655655655655,0.25
pronostia,abl_E_only,Learning_set_Bearing1_2,43,15,871,E_norm,0.88,0.12,0.733679,0.0,0.2691968977451324,0.3150003552436828,0.0996464326494471,0.3903355300426483,0.4567505419254303,30.979827302515204,0.5915585478001095,826,44,0.0,0.0793461054563522,0.132483687026221,-0.132483687026221,0.132483687026221,0.0091954022988505,0.018369690011481,0.0273557126030624,0.0399686520376175
pronostia,abl_no_smooth,Learning_set_Bearing1_2,43,15,871,E_norm|C_norm|VTOI,0.88,0.12,0.733679,0.0,0.2769475877285003,0.3203403949737549,0.0688613820217431,0.4015739858150482,0.4644936025142669,31.82554802170069,0.6063227113619678,829,41,0.0,0.167216882109642,0.1767256171761304,-0.1767256171761304,0.1767256171761304,0.0091954022988505,0.0505166475315729,0.0240437158469945,0.25
pronostia,abl_no_mono,Learning_set_Bearing1_2,43,15,871,E_norm|C_norm|VTOI,0.88,0.12,0.733679,0.0,0.2844958007335663,0.3209199011325836,0.065489485055596,0.4125189483165741,0.4653338491916656,31.64123985051443,0.5751081651593125,827,43,0.0,0.1119478270411491,0.1012197307243509,-0.1012197307243509,0.1012197307243509,0.0137931034482758,0.0229621125143513,0.0167224080267558,0.0095785440613026
pronostia,vtoi_static,Learning_set_Bearing2_1,43,15,911,E_norm|C_norm|VTOI,0.88,0.12,0.72736,0.0,0.280848354101181,0.3275112509727478,0.0266270059362967,0.4259533286094665,0.4967254102230072,36.10778092408705,0.6746210469066909,902,8,0.0,0.0809794217348098,0.2240044889823501,-0.2240044889823501,0.2240044889823501,0.0219780219780219,0.1997804610318331,0.0845406853814545,0.2490842490842491
pronostia,vtoi_traj,Learning_set_Bearing2_1,43,15,911,E_norm|C_norm|VTOI|VTOI_vel|VTOI_acc,0.88,0.12,0.72736,0.0,0.2751418650150299,0.3084796965122223,0.1364649228643806,0.4172984659671783,0.4678608775138855,34.299141301560894,0.617685709423135,876,34,0.0,0.0694615244865417,0.1359015942900521,-0.1359015942900521,0.1359015942900521,0.0131868131868131,0.2030735455543359,0.0946438829060448,0.2554744525547445
pronostia,transformer_vib,Learning_set_Bearing2_1,43,15,911,,0.88,0.12,0.72736,0.0,0.2803144454956054,0.3231580257415771,0.0523309843351937,0.4251436293125152,0.4901230037212372,35.73625186902248,0.6609707890915696,901,9,0.0,0.4390421211719513,0.0085995050591284,0.0085995050591284,-0.0085995050591284,0.0197802197802197,0.1997804610318331,0.0841813135985199,0.25
pronostia,tcn_vib,Learning_set_Bearing2_1,43,15,911,,0.88,0.12,0.72736,0.0,0.2957037389278412,0.3319578766822815,1.6580384815778615e-05,0.448483943939209,0.5034694671630859,36.98598154956031,0.6658751111805774,-1,0,0.0,0.2005186378955841,0.1415969329373066,0.1415969329373066,-0.1415969329373066,0.0109890109890109,0.5993413830954994,0.1873713109128346,0.25
pronostia,tcn_transformer_vib,Learning_set_Bearing2_1,43,15,911,,0.88,0.12,0.72736,0.0,0.2895281016826629,0.3336928486824035,-0.0104634712457918,0.4391176104545593,0.5061008334159851,36.98308981721409,0.6843842100909207,-1,0,0.0,0.834571361541748,0.3156212375143123,0.3156212375143123,-0.3156212375143123,0.0384615384615384,0.5993413830954994,0.1873713109128346,0.25
pronostia,cnn_bilstm_attn_vib,Learning_set_Bearing2_1,43,15,911,,0.88,0.12,0.72736,0.0,0.3561812341213226,0.3954464495182037,-0.4190645158425194,0.5402081608772278,0.5997604131698608,41.34161742303935,0.6535448997678147,-1,0,0.0,0.3309333324432373,0.1797963505948195,0.1797963505948195,-0.1797963505948195,0.0,0.150384193194292,0.0653625954198473,0.25
pronostia,abl_no_idxhead,Learning_set_Bearing2_1,43,15,911,,0.88,0.12,0.72736,0.0,0.2912188172340393,0.3233237564563751,0.0513586534367166,0.4416818916797638,0.4903743863105774,36.04479083181771,0.6407961172560838,903,7,0.0,0.0680227652192115,0.3454624439344572,-0.3454624439344572,0.3454624439344572,0.0197802197802197,0.2063666300768386,0.1342864923747276,0.2730530339225991
pronostia,abl_cond_noaux,Learning_set_Bearing2_1,43,15,911,E_norm|C_norm|VTOI,0.88,0.12,0.72736,0.0,0.283983439207077,0.3241748809814453,0.0463575999149589,0.4307081997394562,0.491665244102478,36.122841857608506,0.6665993006138333,-1,0,0.0,0.3716324865818023,0.2073897702157923,0.2073897702157923,-0.2073897702157923,0.0241758241758241,0.1734357848518112,0.1916666666666666,0.3821802602348461
pronostia,abl_E_only,Learning_set_Bearing2_1,43,15,911,E_norm,0.88,0.12,0.72736,0.0,0.2925533652305603,0.3247672617435455,0.0428691049128052,0.4437059164047241,0.4925636947154999,36.20122187324173,0.6432235202093688,904,6,0.0,0.0768386721611023,0.1877816193332861,-0.1877816193332861,0.1877816193332861,0.0043956043956043,0.0406147091108671,0.0203270443588732,0.1911331422200987
pronostia,abl_no_smooth,Learning_set_Bearing2_1,43,15,911,E_norm|C_norm|VTOI,0.88,0.12,0.72736,0.0,0.2756401896476745,0.3213044106960296,0.0631713185469836,0.4180543124675751,0.4873116612434387,35.343585908377605,0.6587941897250957,901,9,0.0,0.0934597998857498,0.0225706150760741,-0.0225706150760741,0.0225706150760741,0.0043956043956043,0.6169045005488474,0.3204004068304694,0.3419334288899506
pronostia,abl_no_mono,Learning_set_Bearing2_1,43,15,911,E_norm|C_norm|VTOI,0.88,0.12,0.72736,0.0,0.2840685844421386,0.3267756402492523,0.0309946489438907,0.430837333202362,0.4956097304821014,34.96641499937813,0.6150721353856984,881,29,0.0,0.101447507739067,0.2315719549651021,-0.2315719549651021,0.2315719549651021,0.0373626373626373,0.6004390779363337,0.3061440677966102,0.3898112756808409
pronostia,vtoi_static,Learning_set_Bearing2_2,43,15,797,E_norm|C_norm|VTOI,0.88,0.12,0.746969,0.0,0.3617737889289856,0.4248060286045074,-0.6371828362403718,0.4799532890319824,0.5635760426521301,30.38659259458739,0.4904388511352419,290,506,0.2949790794979079,0.1600715219974517,0.7449507074868065,-0.7449507074868065,0.7449507074868065,0.0201005025125628,0.4855708908406524,0.3245489706700298,0.4544437975316439
pronostia,vtoi_traj,Learning_set_Bearing2_2,43,15,797,E_norm|C_norm|VTOI|VTOI_vel|VTOI_acc,0.88,0.12,0.746969,0.0,0.3352361619472503,0.3847951889038086,-0.3433064824909115,0.4447466731071472,0.5104950070381165,28.25010383482643,0.4638962206399182,311,485,0.2510460251046025,0.1404172629117965,0.7664037138375679,-0.7664037138375679,0.7664037138375679,0.0326633165829145,0.1442910915934755,0.102575151861274,0.2390723270440251
pronostia,transformer_vib,Learning_set_Bearing2_2,43,15,797,,0.88,0.12,0.746969,0.0,0.3480717837810516,0.4029337167739868,-0.4729332488704583,0.4617752730846405,0.5345587730407715,29.16119637255344,0.4705234076418777,290,506,0.2196652719665272,0.1979102343320846,0.7792807507604602,0.7792807507604602,-0.7792807507604602,0.0087939698492462,0.0501882057716436,0.0374531835205992,0.25
pronostia,tcn_vib,Learning_set_Bearing2_2,43,15,797,,0.88,0.12,0.746969,0.0,0.2934674322605133,0.3141093850135803,0.104887501209606,0.3893334567546844,0.4167184233665466,26.886384935305443,0.5246275852246203,787,9,0.0,0.4037392735481262,0.4850231665946129,0.4850231665946129,-0.4850231665946129,0.0025125628140703,0.560853199498118,0.1796623794212218,0.2337866108786611
pronostia,tcn_transformer_vib,Learning_set_Bearing2_2,43,15,797,,0.88,0.12,0.746969,0.0,0.2945599853992462,0.3321758210659027,-0.0010408895343916,0.3907829225063324,0.4406865835189819,28.209712107915884,0.5856624972227134,-1,0,0.0,0.2302934378385543,0.433830972343929,0.433830972343929,-0.433830972343929,0.007537688442211,0.5997490589711418,0.1874509803921568,0.25
pronostia,cnn_bilstm_attn_vib,Learning_set_Bearing2_2,43,15,797,,0.88,0.12,0.746969,0.0,0.3606145679950714,0.4031479060649872,-0.474499573804678,0.4784153699874878,0.5348429083824158,31.868048628567365,0.5750076091384405,-1,0,0.0,0.1985024660825729,0.5359164358509749,0.5359164358509749,-0.5359164358509749,0.0301507537688442,0.0363864491844416,0.0175544794188861,0.18125
pronostia,abl_no_idxhead,Learning_set_Bearing2_2,43,15,797,,0.88,0.12,0.746969,0.0,0.3244730234146118,0.3693125247955322,-0.23738223428084,0.4304675459861755,0.4899546205997467,27.96797596453775,0.4829570429909091,329,467,0.1841004184100418,0.1927624195814132,0.7017990557827322,-0.7017990557827322,0.7017990557827322,0.0,0.1091593475533249,0.0927067653355374,0.3312674337517434
pronostia,abl_cond_noaux,Learning_set_Bearing2_2,43,15,797,E_norm|C_norm|VTOI,0.88,0.12,0.746969,0.0,0.2974407076835632,0.3271567523479461,0.0289813785318115,0.3946046531200409,0.4340279400348663,25.95711365130424,0.463900979018187,332,464,0.0774058577405857,0.2360256463289261,0.7117096909223691,-0.7117096909223691,0.7117096909223691,0.0175879396984924,0.5545796737766625,0.2623760123760124,0.315428870292887
pronostia,abl_E_only,Learning_set_Bearing2_2,43,15,797,E_norm,0.88,0.12,0.746969,0.0,0.3568761646747589,0.4135234355926513,-0.5513725438112262,0.4734557271003723,0.5486078262329102,29.98569371139057,0.4861273880582887,275,521,0.3535564853556485,0.1587559580802917,0.7466434056044547,-0.7466434056044547,0.7466434056044547,0.0402010050251256,0.5671267252195734,0.3099224724310556,0.4032426778242678
pronostia,abl_no_smooth,Learning_set_Bearing2_2,43,15,797,E_norm|C_norm|VTOI,0.88,0.12,0.746969,0.0,0.3238755464553833,0.3665792942047119,-0.219134480141107,0.42967489361763,0.4863284826278686,27.745371743594472,0.4736646863303546,372,424,0.1694560669456067,0.1879505068063736,0.7313073271001116,-0.7313073271001116,0.7313073271001116,0.0,0.164366373902133,0.09165177051413,0.0815628207152443
pronostia,abl_no_mono,Learning_set_Bearing2_2,43,15,797,E_norm|C_norm|VTOI,0.88,0.12,0.746969,0.0,0.3851431608200073,0.4526170492172241,-0.8585644181124512,0.5109565854072571,0.6004719734191895,32.35780355910002,0.5197910831404506,236,560,0.4644351464435146,0.0922225266695022,0.7240691708315875,-0.7240691708315875,0.7240691708315875,0.0125628140703517,0.0589711417816813,0.0339187645382847,0.2536610878661088
pronostia,vtoi_static,Learning_set_Bearing3_1,43,15,515,E_norm|C_norm|VTOI,0.87,0.13,0.759917,0.0,0.2792896926403045,0.3114005327224731,0.1212475002859523,0.2392581701278686,0.2667664885520935,10.957291160371204,0.3508941629566975,498,16,0.0,0.0735045745968818,0.0484866927109621,0.0484866927109621,-0.0484866927109621,0.0311284046692607,0.2252427184466019,0.2520729684908789,0.375
pronostia,vtoi_traj,Learning_set_Bearing3_1,43,15,515,E_norm|C_norm|VTOI|VTOI_vel|VTOI_acc,0.87,0.13,0.759917,0.0,0.268911749124527,0.3028394877910614,0.1689008504228522,0.2303677499294281,0.2594324946403503,10.639191151386258,0.3452559381732445,496,18,0.0,0.0677004158496856,0.0571621941734662,0.0571621941734662,-0.0571621941734662,0.0233463035019455,0.1495145631067961,0.0651438240270727,0.25
pronostia,transformer_vib,Learning_set_Bearing3_1,43,15,515,,0.87,0.13,0.759917,0.0,0.26670703291893,0.3040882050991058,0.1620329095031761,0.2284789979457855,0.2605022490024566,10.596773581588184,0.34585905276257,493,21,0.0,0.2717092633247375,0.165413450933509,0.165413450933509,-0.165413450933509,0.0194552529182879,0.0077669902912621,0.0038610038610038,0.0384615384615384
pronostia,tcn_vib,Learning_set_Bearing3_1,43,15,515,,0.87,0.13,0.759917,0.0,0.2795976996421814,0.3096213936805725,0.1312601369563347,0.2395220249891281,0.265242338180542,10.916059550999186,0.3471957588667791,-1,0,0.0,0.4424886703491211,0.3736163898201281,-0.3736163898201281,0.3736163898201281,0.0389105058365758,0.596116504854369,0.186967113276492,0.2483818770226537
pronostia,tcn_transformer_vib,Learning_set_Bearing3_1,43,15,515,,0.87,0.13,0.759917,0.0,0.2966893017292022,0.3311278820037842,0.0063822819887322,0.2541638314723968,0.2836662232875824,11.663392587796876,0.3737569697282629,-1,0,0.0,0.3903102874755859,0.1015842699023459,0.1015842699023459,-0.1015842699023459,0.0038910505836575,0.1495145631067961,0.0650337837837837,0.25
pronostia,cnn_bilstm_attn_vib,Learning_set_Bearing3_1,43,15,515,,0.87,0.13,0.759917,0.0,0.3829478323459625,0.429472953081131,-0.6714732450483465,0.3280586898326874,0.3679151535034179,13.828662074924893,0.3792561597046125,-1,0,0.0,0.41031214594841,0.1024671654790019,-0.1024671654790019,0.1024671654790019,0.0077821011673151,0.6,0.1888753056234718,0.25
pronostia,abl_no_idxhead,Learning_set_Bearing3_1,43,15,515,,0.87,0.13,0.759917,0.0,0.2671156823635101,0.3033181428909302,0.1662715389748447,0.2288291007280349,0.2598425447940826,10.60247826807739,0.3455828552116251,493,21,0.0,0.077735312283039,0.0020144340589871,0.0020144340589871,-0.0020144340589871,0.0350194552529182,0.0077669902912621,0.0038535645472061,0.0384615384615384
pronostia,abl_cond_noaux,Learning_set_Bearing3_1,43,15,515,E_norm|C_norm|VTOI,0.87,0.13,0.759917,0.0,0.2621013522148132,0.3009756207466125,0.1790996066218217,0.2245334982872009,0.2578358054161072,10.495921257848394,0.3465321277828833,493,21,0.0,0.461674302816391,0.0130873156993317,-0.0130873156993317,0.0130873156993317,0.0077821011673151,0.0077669902912621,0.0038535645472061,0.0384615384615384
pronostia,abl_E_only,Learning_set_Bearing3_1,43,15,515,E_norm,0.87,0.13,0.759917,0.0,0.2692782878875732,0.3049682974815368,0.1571753844511407,0.2306817173957824,0.2612561881542206,10.692779362911216,0.3487161418197007,493,21,0.0,0.0722778737545013,0.1007239504415472,-0.1007239504415472,0.1007239504415472,0.0311284046692607,0.1980582524271844,0.0836065573770491,0.2475728155339805
pronostia,abl_no_smooth,Learning_set_Bearing3_1,43,15,515,E_norm|C_norm|VTOI,0.87,0.13,0.759917,0.0,0.2795530557632446,0.3104192912578583,0.1267768245807626,0.2394837588071823,0.2659258544445038,10.956015614891044,0.3503994485426658,496,18,0.0,0.0650954693555831,0.07564772495327,0.07564772495327,-0.07564772495327,0.0,0.1650485436893204,0.0918205971659919,0.2206870799103809
pronostia,abl_no_mono,Learning_set_Bearing3_1,43,15,515,E_norm|C_norm|VTOI,0.87,0.13,0.759917,0.0,0.268555223941803,0.3047745525836944,0.1582459847719279,0.2300623059272766,0.2610901892185211,10.711952055171956,0.3516476203235391,496,18,0.0,0.0660025477409362,0.1032822072358505,0.1032822072358505,-0.1032822072358505,0.0505836575875486,0.203883495145631,0.121547619047619,0.2692307692307692
pronostia,vtoi_static,Learning_set_Bearing3_2,43,15,1637,E_norm|C_norm|VTOI,0.89,0.11,0.722953,0.1111789859499083,0.2734760344028473,0.3272085189819336,0.0276504913006692,0.7456781268119812,0.892188549041748,118.3106259958449,1.2246561559092393,1613,23,0.0,0.0856782793998718,0.1012004201195935,-0.1012004201195935,0.1012004201195935,0.0097799511002444,0.1997556505803298,0.0839753466872111,0.25
pronostia,vtoi_traj,Learning_set_Bearing3_2,43,15,1637,E_norm|C_norm|VTOI|VTOI_vel|VTOI_acc,0.89,0.11,0.722953,0.1111789859499083,0.275027334690094,0.3316231667995453,0.0012358039283946,0.7499078512191772,0.9042259454727172,119.72615382074603,1.2459239836391938,1618,18,0.0,0.0790859833359718,0.0639516669444464,-0.0639516669444464,0.0639516669444464,0.0055012224938875,0.599877825290165,0.1876194115399312,0.25
pronostia,transformer_vib,Learning_set_Bearing3_2,43,15,1637,,0.89,0.11,0.722953,0.1111789859499083,0.2728146314620971,0.3294626772403717,0.0142072117806733,0.7438745498657227,0.8983349800109863,118.5516519221964,1.2315876429955144,1615,21,0.0,0.6157524585723877,0.0443680869627634,-0.0443680869627634,0.0443680869627634,0.0048899755501222,0.0354306658521686,0.0171091445427728,0.1768292682926829
pronostia,tcn_vib,Learning_set_Bearing3_2,43,15,1637,,0.89,0.11,0.722953,0.1111789859499083,0.2696192562580108,0.3243988752365112,0.044277229525458,0.7351619601249695,0.8845276832580566,116.27323704184984,1.198866911650628,1624,12,0.0,0.1398502737283706,0.1741814569672473,-0.1741814569672473,0.1741814569672473,0.0158924205378973,0.1563836285888821,0.1200529542920847,0.2804878048780488
pronostia,tcn_transformer_vib,Learning_set_Bearing3_2,43,15,1637,,0.89,0.11,0.722953,0.1111789859499083,0.296358048915863,0.3322444856166839,-0.0025103201395697,0.8080695867538452,0.9059200882911682,122.1902580887901,1.1949323984238482,-1,0,0.0,0.7931308746337891,0.0854388139691886,-0.0854388139691886,0.0854388139691886,0.0268948655256723,0.599877825290165,0.1874761359297442,0.25
pronostia,cnn_bilstm_attn_vib,Learning_set_Bearing3_2,43,15,1637,,0.89,0.11,0.722953,0.1111789859499083,0.3144575953483581,0.3465636074542999,-0.0907849329449881,0.8574211001396179,0.94496351480484,125.53367743850195,1.170482742593316,-1,0,0.0,0.4974462687969208,0.0158516532272793,0.0158516532272793,-0.0158516532272793,0.0036674816625916,0.0500916310323763,0.0238510762070971,0.25
pronostia,abl_no_idxhead,Learning_set_Bearing3_2,43,15,1637,,0.89,0.11,0.722953,0.1111789859499083,0.2803927063941955,0.3263701498508453,0.0326267499037845,0.7645374536514282,0.889902651309967,119.40981748634525,1.215773663756642,1620,16,0.0,0.0964792370796203,0.0629106672369814,-0.0629106672369814,0.0629106672369814,0.0171149144254278,0.599877825290165,0.1892829606784888,0.25
pronostia,abl_cond_noaux,Learning_set_Bearing3_2,43,15,1637,E_norm|C_norm|VTOI,0.89,0.11,0.722953,0.1111789859499083,0.2762480080127716,0.3261453211307525,0.0339591717968404,0.7532362937927246,0.8892896175384521,118.71423895028664,1.2208994341645534,1613,23,0.0,0.3769506216049194,0.0457667448777109,0.0457667448777109,-0.0457667448777109,0.0024449877750611,0.1997556505803298,0.0844961240310077,0.25
pronostia,abl_E_only,Learning_set_Bearing3_2,43,15,1637,E_norm,0.89,0.11,0.722953,0.1111789859499083,0.2766586542129516,0.3320996165275574,-0.0016361416251065,0.7543560266494751,0.9055250287055968,119.96877188052429,1.242637108787826,1621,15,0.0,0.0830952599644661,0.046509630113821,-0.046509630113821,0.046509630113821,0.0158924205378973,0.0390959071472205,0.0188124632569077,0.1951219512195122
pronostia,abl_no_smooth,Learning_set_Bearing3_2,43,15,1637,E_norm|C_norm|VTOI,0.89,0.11,0.722953,0.1111789859499083,0.2844764292240143,0.3242760300636291,0.0450009261929164,0.7756723761558533,0.8841927647590637,118.9727856927853,1.1867492315749124,1622,14,0.0,0.0746130347251892,0.0134033007407982,0.0134033007407982,-0.0134033007407982,0.0317848410757946,0.599877825290165,0.1886285055704955,0.25
pronostia,abl_no_mono,Learning_set_Bearing3_2,43,15,1637,E_norm|C_norm|VTOI,0.89,0.11,0.722953,0.1111789859499083,0.2792316675186157,0.3182308375835418,0.0802755185100485,0.7613718509674072,0.8677094578742981,116.81115026415245,1.1683216011151671,1615,21,0.0,0.1191489249467849,0.0549122268480218,-0.0549122268480218,0.0549122268480218,0.0024449877750611,0.2046426389737324,0.1280334014996591,0.274390243902439
pronostia,ctl_scalar,Full_Test_Set_Bearing1_3,43,15,2375,VTOI,0.86,0.14,0.691424,0.21642105263157896,0.1832583248615265,0.20717938244342804,0.6100569397729427,0.7250921726226807,0.819739818572998,156.93651317814002,1.0493892634740394,1773,601,0.0,0.32156309485435486,0.7974878166944586,-0.7974878166944586,0.7974878166944586,0.02358887952822241,0.6538947368421053,0.32129268691967644,0.33320224719101127
pronostia,ctl_EC,Full_Test_Set_Bearing1_3,43,15,2375,E_norm|C_norm,0.86,0.14,0.691424,0.21642105263157896,0.1500101089477539,0.1680804044008255,0.743349432866608,0.5935400724411011,0.6650381088256836,124.59843192891421,0.8137303761379107,1743,631,0.0,0.25861942768096924,0.8170329093604911,-0.8170329093604911,0.8170329093604911,0.007582139848357203,0.6286315789473684,0.42712407218580933,0.4564849748296716
pronostia,ctl_hc10,Full_Test_Set_Bearing1_3,43,15,2375,hc_RMS_x|hc_RMS_y|hc_Kurt_x|hc_Kurt_y|hc_CF_x|hc_CF_y|hc_SE_x|hc_SE_y|hc_ESE_x|hc_ESE_y,0.86,0.14,0.691424,0.21642105263157896,0.09776521474123001,0.12934094667434692,0.8480221756426243,0.386824369430542,0.5117590427398682,81.60035882047828,0.5407570920691972,1673,701,0.0,0.24911750853061676,0.873638586235353,-0.873638586235353,0.873638586235353,0.013479359730412805,0.6938947368421052,0.39918393231913035,0.39613259023301806
pronostia,ctl_random,Full_Test_Set_Bearing1_3,43,15,2375,VTOI_rand,0.86,0.14,0.691424,0.21642105263157896,0.12585677206516266,0.14246933162212372,0.8156042359643523,0.49797332286834717,0.563703715801239,100.58132103542914,0.6248444122901481,1687,687,0.0,0.22527575492858887,0.8479445725059485,-0.8479445725059485,0.8479445725059485,0.011794439764111205,0.6585263157894737,0.3544879314317365,0.5123387533605992
pronostia,ctl_shuffled,Full_Test_Set_Bearing1_3,43,15,2375,VTOI_shuf,0.86,0.14,0.691424,0.21642105263157896,0.15884703397750854,0.18545445799827576,0.687548481551669,0.628504753112793,0.7337814569473267,140.1398365762614,0.9849712381749168,1826,548,0.0,0.29010337591171265,0.8000389735800043,-0.8000389735800043,0.8000389735800043,0.005897219882055603,0.14442105263157895,0.19502432767732933,0.21940985974519908
pronostia,ctl_elapsed,Full_Test_Set_Bearing1_3,43,15,2375,elapsed_norm,0.86,0.14,0.691424,0.21642105263157896,0.1124783456325531,0.13626281917095184,0.8313202789844261,0.4450393617153168,0.5391465425491333,93.17014322584697,0.6120976085641274,1705,669,0.0,0.20327457785606384,0.8207385603604824,-0.8207385603604824,0.8207385603604824,0.007582139848357203,0.06273684210526316,0.09598047614156771,0.2670298515621506
pronostia,ctl_lifefrac,Full_Test_Set_Bearing1_3,43,15,2375,Deg_oracle,0.86,0.14,0.691424,0.21642105263157896,0.06273417919874191,0.08440441638231277,0.9352800127690336,0.24821823835372925,0.3339601457118988,47.934205555125445,0.28029416489542314,1690,684,0.0,0.25262656807899475,0.8330936657908308,-0.8330936657908308,0.8330936657908308,0.005054759898904802,0.6378947368421053,0.3347376422618563,0.4343520566121185
pronostia,ctl_nodeg,Full_Test_Set_Bearing1_3,43,15,2375,VTOI_mono,0.86,0.14,0.691424,0.21642105263157896,0.16918690502643585,0.18895143270492554,0.6756540600328443,0.6694162487983704,0.747617781162262,140.0216772345506,0.9001526300101296,1743,631,0.0,0.26809197664260864,0.8526633776224742,-0.8526633776224742,0.8526633776224742,0.007582139848357203,0.21263157894736842,0.22948881309832414,0.43938332695585625
pronostia,ctl_scalar,Full_Test_Set_Bearing1_4,43,15,1428,VTOI,0.87,0.13,0.700434,0.1953781512605042,0.205378919839859,0.2316296249628067,0.51281057027118,0.4884595274925232,0.5508924722671509,57.41983372669087,0.5603039412738374,1089,338,0.0,0.15797749161720276,0.46933029455621217,-0.46933029455621217,0.46933029455621217,0.013314646110721794,0.16036414565826332,0.08351568198395332,0.20087719298245615
pronostia,ctl_EC,Full_Test_Set_Bearing1_4,43,15,1428,E_norm|C_norm,0.87,0.13,0.700434,0.1953781512605042,0.19854526221752167,0.22482603788375854,0.5410104011056618,0.47220683097839355,0.5347113013267517,56.211120209980464,0.5630805545189113,1087,340,0.0,0.187591552734375,0.5342769377455615,-0.5342769377455615,0.5342769377455615,0.03153468815697267,0.0350140056022409,0.01815541031227306,0.05841121495327103
pronostia,ctl_hc10,Full_Test_Set_Bearing1_4,43,15,1428,hc_RMS_x|hc_RMS_y|hc_Kurt_x|hc_Kurt_y|hc_CF_x|hc_CF_y|hc_SE_x|hc_SE_y|hc_ESE_x|hc_ESE_y,0.87,0.13,0.700434,0.1953781512605042,0.2161732316017151,0.23725545406341553,0.48885741047787656,0.514132022857666,0.5642725825309753,60.190031886809585,0.5823253014431294,1087,340,0.0,0.24151374399662018,0.5500725577339522,-0.5500725577339522,0.5500725577339522,0.013314646110721794,0.20378151260504201,0.23272552325969115,0.2645734958941755
pronostia,ctl_random,Full_Test_Set_Bearing1_4,43,15,1428,VTOI_rand,0.87,0.13,0.700434,0.1953781512605042,0.19926832616329193,0.22444091737270355,0.542581576573348,0.47392648458480835,0.5337952971458435,55.8719805296111,0.5493427220698059,1088,339,0.0,0.13597990572452545,0.5290496291425084,-0.5290496291425084,0.5290496291425084,0.023125437981779958,0.2850140056022409,0.2635681640507547,0.4070749303164453
pronostia,ctl_shuffled,Full_Test_Set_Bearing1_4,43,15,1428,VTOI_shuf,0.87,0.13,0.700434,0.1953781512605042,0.21309952437877655,0.24121446907520294,0.4716565333731778,0.5068217515945435,0.5736884474754333,59.37760238565919,0.5736984468993916,1088,339,0.0,0.20954188704490662,0.4675497044497191,-0.4675497044497191,0.4675497044497191,0.0161177295024527,0.6505602240896359,0.30809163070051004,0.5
pronostia,ctl_elapsed,Full_Test_Set_Bearing1_4,43,15,1428,elapsed_norm,0.87,0.13,0.700434,0.1953781512605042,0.18501143157482147,0.20700061321258545,0.6109074799403922,0.44001880288124084,0.49231645464897156,55.773295677207514,0.6246391938834944,1098,329,0.0,0.28127673268318176,0.4846833521902195,-0.4846833521902195,0.4846833521902195,0.000700770847932726,0.06092436974789916,0.052183382844658774,0.09086735530414822
pronostia,ctl_lifefrac,Full_Test_Set_Bearing1_4,43,15,1428,Deg_oracle,0.87,0.13,0.700434,0.1953781512605042,0.059186287224292755,0.0698075070977211,0.9557499375729501,0.14076471328735352,0.16602551937103271,16.412277601771045,0.16574534210206873,1085,342,0.0,0.22401641309261322,0.4961488458193634,-0.4961488458193634,0.4961488458193634,0.0161177295024527,0.14985994397759103,0.06516443361753958,0.25
pronostia,ctl_nodeg,Full_Test_Set_Bearing1_4,43,15,1428,VTOI_mono,0.87,0.13,0.700434,0.1953781512605042,0.19523701071739197,0.2197921872138977,0.5613338264736516,0.4643387198448181,0.5227391123771667,55.19143225474804,0.552194892210985,1087,340,0.0,0.18371231853961945,0.45900161841543935,-0.45900161841543935,0.45900161841543935,0.03153468815697267,0.0896358543417367,0.14073803991364678,0.23478063343717548
pronostia,ctl_scalar,Full_Test_Set_Bearing1_5,43,15,2463,VTOI,0.88,0.12,0.710895,0.001218026796589525,0.2869511842727661,0.32555335760116577,0.03714003857310133,1.1774563789367676,1.335853934288025,278.3903629870092,1.7960825981698942,2448,14,0.0,0.05015537515282631,0.11857834306484258,0.11857834306484258,-0.11857834306484258,0.025995125913891144,0.6073893625659764,0.2517565243615658,0.2862903225806452
pronostia,ctl_EC,Full_Test_Set_Bearing1_5,43,15,2463,E_norm|C_norm,0.88,0.12,0.710895,0.001218026796589525,0.2886916697025299,0.32494091987609863,0.040759244248802506,1.1845982074737549,1.3333410024642944,277.9078665688786,1.7790901358738478,2448,14,0.0,0.056911651045084,0.058676252720240435,0.058676252720240435,-0.058676252720240435,0.00040617384240454913,0.15022330491270808,0.06956503198294244,0.25201612903225806
pronostia,ctl_hc10,Full_Test_Set_Bearing1_5,43,15,2463,hc_RMS_x|hc_RMS_y|hc_Kurt_x|hc_Kurt_y|hc_CF_x|hc_CF_y|hc_SE_x|hc_SE_y|hc_ESE_x|hc_ESE_y,0.88,0.12,0.710895,0.001218026796589525,0.28644222021102905,0.32517266273498535,0.03939059356718411,1.175368070602417,1.334291934967041,278.3479463355337,1.7998509569503094,2448,14,0.0,0.0628131702542305,0.1286149138951198,0.1286149138951198,-0.1286149138951198,0.002437043054427295,0.15022330491270808,0.06599642925031099,0.25016914749661706
pronostia,ctl_random,Full_Test_Set_Bearing1_5,43,15,2463,VTOI_rand,0.88,0.12,0.710895,0.001218026796589525,0.28654080629348755,0.32524555921554565,0.038959908911767815,1.1757725477218628,1.3345909118652344,277.8938927898698,1.792175777969066,2448,14,0.0,0.05412042886018753,0.20508452079761758,0.20508452079761758,-0.20508452079761758,0.01462225832656377,0.1997563946406821,0.0837874659400545,0.25
pronostia,ctl_shuffled,Full_Test_Set_Bearing1_5,43,15,2463,VTOI_shuf,0.88,0.12,0.710895,0.001218026796589525,0.29082128405570984,0.3270195424556732,0.028447833908184395,1.1933367252349854,1.3418701887130737,279.6672007653172,1.7863870211873147,2448,14,0.0,0.051280952990055084,0.08646546120279806,0.08646546120279806,-0.08646546120279806,0.003249390739236393,0.6000812017864393,0.18813645621181263,0.25
pronostia,ctl_elapsed,Full_Test_Set_Bearing1_5,43,15,2463,elapsed_norm,0.88,0.12,0.710895,0.001218026796589525,0.23013105988502502,0.27164706587791443,0.3296080261800425,0.9443044066429138,1.1146585941314697,222.2740935792142,1.4577818775140778,2442,20,0.0,0.052142076194286346,0.4751980345120938,-0.4751980345120938,0.4751980345120938,0.0016246953696181965,0.17904993909866018,0.13744822010951044,0.24610410684621054
pronostia,ctl_lifefrac,Full_Test_Set_Bearing1_5,43,15,2463,Deg_oracle,0.88,0.12,0.710895,0.001218026796589525,0.14437465369701385,0.18380120396614075,0.6930868457340194,0.5924173593521118,0.7541977167129517,143.59951377962477,1.0212883848443226,2446,16,0.0,0.05455414578318596,0.2922910855859348,-0.2922910855859348,0.2922910855859348,0.012185215272136474,0.1997563946406821,0.08327691266079891,0.25
pronostia,ctl_nodeg,Full_Test_Set_Bearing1_5,43,15,2463,VTOI_mono,0.88,0.12,0.710895,0.001218026796589525,0.290595680475235,0.32696449756622314,0.028774737951957396,1.1924110651016235,1.3416444063186646,279.540199104948,1.786100348110764,2448,14,0.0,0.06714564561843872,0.21976312372760626,0.21976312372760626,-0.21976312372760626,0.008935824532900082,0.05034510759236703,0.02396598376497874,0.25
pronostia,ctl_scalar,Full_Test_Set_Bearing1_6,43,15,2448,VTOI,0.88,0.12,0.707944,0.0,0.27753961086273193,0.33403337001800537,-0.01367029728011615,1.131899118423462,1.3622994422912598,276.8630393494426,1.8593175002106304,1637,810,0.0,0.11558391898870468,0.07516736539745943,0.07516736539745943,-0.07516736539745943,0.004495300367797303,0.19607843137254902,0.08275862068965517,0.24539877300613497
pronostia,ctl_EC,Full_Test_Set_Bearing1_6,43,15,2448,E_norm|C_norm,0.88,0.12,0.707944,0.0,0.2770281434059143,0.33047038316726685,0.00783918344389456,1.1298131942749023,1.3477683067321777,274.0356988281123,1.8280618986523074,1650,797,0.0,0.11839184910058975,0.21435319941528705,0.21435319941528705,-0.21435319941528705,0.0004086636697997548,0.6037581699346405,0.19883555069558348,0.25494229063912544
pronostia,ctl_hc10,Full_Test_Set_Bearing1_6,43,15,2448,hc_RMS_x|hc_RMS_y|hc_Kurt_x|hc_Kurt_y|hc_CF_x|hc_CF_y|hc_SE_x|hc_SE_y|hc_ESE_x|hc_ESE_y,0.88,0.12,0.707944,0.0,0.2864246368408203,0.32140660285949707,0.06151658513494773,1.1681350469589233,1.3108032941818237,269.96317227992745,1.7250523777015498,1646,801,0.0,0.11457016319036484,0.1001083508031902,-0.1001083508031902,0.1001083508031902,0.015529219452390683,0.2062908496732026,0.1689705296415464,0.3038181455434186
pronostia,ctl_random,Full_Test_Set_Bearing1_6,43,15,2448,VTOI_rand,0.88,0.12,0.707944,0.0,0.2842506468296051,0.32351166009902954,0.049183074647392244,1.159269094467163,1.3193883895874023,271.4486023972509,1.7561485791281002,1650,797,0.0,0.11920907348394394,0.15549376552242355,-0.15549376552242355,0.15549376552242355,0.01021659174499387,0.6033496732026143,0.19684018232515704,0.25408997955010226
pronostia,ctl_shuffled,Full_Test_Set_Bearing1_6,43,15,2448,VTOI_shuf,0.88,0.12,0.707944,0.0,0.2784276604652405,0.33031022548675537,0.008800533347358086,1.1355208158493042,1.3471152782440186,274.710310350673,1.8288586878096396,2420,27,0.0,0.11860893666744232,0.09047877811841211,0.09047877811841211,-0.09047877811841211,0.006129955046996322,0.14991830065359477,0.06518650088809946,0.25
pronostia,ctl_elapsed,Full_Test_Set_Bearing1_6,43,15,2448,elapsed_norm,0.88,0.12,0.707944,0.0,0.27868378162384033,0.30985093116760254,0.12778687273529,1.1365652084350586,1.2636754512786865,257.78407700652645,1.6201514625502218,1649,798,0.0,0.1095929890871048,0.0034486631494587503,0.0034486631494587503,-0.0034486631494587503,0.011033919084593379,0.6119281045751634,0.2793375294337738,0.3108054259575952
pronostia,ctl_lifefrac,Full_Test_Set_Bearing1_6,43,15,2448,Deg_oracle,0.88,0.12,0.707944,0.0,0.13674505054950714,0.1607489138841629,0.7652459280113368,0.5576918721199036,0.6555876731872559,127.30504995033404,0.8673876473503994,1637,810,0.0,0.1210823506116867,0.12826235760429622,0.12826235760429622,-0.12826235760429622,0.0004086636697997548,0.14950980392156862,0.06561491574040874,0.24931880108991825
pronostia,ctl_nodeg,Full_Test_Set_Bearing1_6,43,15,2448,VTOI_mono,0.88,0.12,0.707944,0.0,0.2839938998222351,0.3239505887031555,0.046601316655786484,1.15822172164917,1.3211784362792969,272.0698087744378,1.7661341115814448,1637,810,0.0,0.11265715211629868,0.009720103016222658,0.009720103016222658,-0.009720103016222658,0.0053126277073968125,0.19975490196078433,0.08324821246169561,0.25
pronostia,ctl_scalar,Full_Test_Set_Bearing1_7,43,15,2259,VTOI,0.88,0.12,0.721486,0.0004426737494466578,0.27829182147979736,0.32689645886421204,0.029237173443512954,1.0473048686981201,1.2302203178405762,232.02820936248426,1.6891653472679284,-1,0,0.0,0.12771926820278168,0.20103809382998847,-0.20103809382998847,0.20103809382998847,0.01948627103631532,0.045595396193005754,0.02180355630821338,0.22787610619469026
pronostia,ctl_EC,Full_Test_Set_Bearing1_7,43,15,2259,E_norm|C_norm,0.88,0.12,0.721486,0.0004426737494466578,0.2991349399089813,0.3275281488895416,0.025481749201325732,1.1257445812225342,1.2325975894927979,232.04739637273423,1.5601411409160322,2230,28,0.0,0.09357388317584991,0.2683756076977018,-0.2683756076977018,0.2683756076977018,0.001771479185119575,0.1943337760070828,0.14205586638868287,0.3160034941057375
pronostia,ctl_hc10,Full_Test_Set_Bearing1_7,43,15,2259,hc_RMS_x|hc_RMS_y|hc_Kurt_x|hc_Kurt_y|hc_CF_x|hc_CF_y|hc_SE_x|hc_SE_y|hc_ESE_x|hc_ESE_y,0.88,0.12,0.721486,0.0004426737494466578,0.27332186698913574,0.3204600512981415,0.06708846741504959,1.0286012887954712,1.2059979438781738,227.01618941183088,1.6506079854713707,2256,2,0.0,0.11446764320135117,0.36433868533819547,-0.36433868533819547,0.36433868533819547,0.03277236492471213,0.20008853474988933,0.08354898336414047,0.25
pronostia,ctl_random,Full_Test_Set_Bearing1_7,43,15,2259,VTOI_rand,0.88,0.12,0.721486,0.0004426737494466578,0.2723860740661621,0.31917494535446167,0.07455565027667177,1.0250797271728516,1.2011617422103882,225.2584211490016,1.6298490007397244,2214,44,0.0,0.1327509731054306,0.6221672247229384,-0.6221672247229384,0.6221672247229384,0.008857395925597875,0.6007082779991146,0.19174296875220986,0.25110619469026546
pronostia,ctl_shuffled,Full_Test_Set_Bearing1_7,43,15,2259,VTOI_shuf,0.88,0.12,0.721486,0.0004426737494466578,0.27777671813964844,0.32416433095932007,0.045396225377398736,1.0453664064407349,1.2199383974075317,230.08450520966858,1.665544042598964,2229,29,0.0,0.11841029673814774,0.29991943267249815,-0.29991943267249815,0.29991943267249815,0.00354295837023915,0.621071270473661,0.33905710593145055,0.3561946902654867
pronostia,ctl_elapsed,Full_Test_Set_Bearing1_7,43,15,2259,elapsed_norm,0.88,0.12,0.721486,0.0004426737494466578,0.22516918182373047,0.24733401834964752,0.44427445043779545,0.8473865985870361,0.9308002591133118,169.90150387907855,1.1348413478695647,2212,46,0.0,0.07040093094110489,0.7094872819503163,-0.7094872819503163,0.7094872819503163,0.011071744906997343,0.20008853474988933,0.08357988165680473,0.25
pronostia,ctl_lifefrac,Full_Test_Set_Bearing1_7,43,15,2259,Deg_oracle,0.88,0.12,0.721486,0.0004426737494466578,0.13770492374897003,0.15389074385166168,0.7848617248484215,0.5182294845581055,0.579142153263092,99.571033031789,0.6496758695138143,1852,406,0.0,0.08963136374950409,0.6640172669463239,-0.6640172669463239,0.6640172669463239,0.0044286979627989375,0.20008853474988933,0.08483483483483484,0.25
pronostia,ctl_nodeg,Full_Test_Set_Bearing1_7,43,15,2259,VTOI_mono,0.88,0.12,0.721486,0.0004426737494466578,0.2769964635372162,0.3290358781814575,0.016488851757394896,1.0424299240112305,1.238271713256836,232.60626052027837,1.703027795546949,-1,0,0.0,0.11039697378873825,0.2264842418929637,-0.2264842418929637,0.2264842418929637,0.021257750221434897,0.15803452855245684,0.11609340234269828,0.27765568363648235
pronostia,ctl_scalar,Full_Test_Set_Bearing2_3,43,15,1955,VTOI,0.87,0.13,0.740734,0.0,0.2993004620075226,0.3404749631881714,-0.05296565792640995,0.9747219085693359,1.1088136434555054,178.71087008891467,1.453685828728263,265,1689,0.008525149190110827,0.0699484646320343,0.2844101110611249,0.2844101110611249,-0.2844101110611249,0.009211873080859774,0.0649616368286445,0.03798848719515892,0.2328018163787254
pronostia,ctl_EC,Full_Test_Set_Bearing2_3,43,15,1955,E_norm|C_norm,0.87,0.13,0.740734,0.0,0.3019074499607086,0.34479570388793945,-0.0798602050412569,0.983211874961853,1.122884750366211,179.9108352142293,1.4568763719773983,265,1689,0.0196078431372549,0.077961266040802,0.17678854523603085,0.17678854523603085,-0.17678854523603085,0.0010235414534288639,0.15038363171355498,0.07636226901953022,0.25403494236394664
pronostia,ctl_hc10,Full_Test_Set_Bearing2_3,43,15,1955,hc_RMS_x|hc_RMS_y|hc_Kurt_x|hc_Kurt_y|hc_CF_x|hc_CF_y|hc_SE_x|hc_SE_y|hc_ESE_x|hc_ESE_y,0.87,0.13,0.740734,0.0,0.30837494134902954,0.3502551019191742,-0.11432729990896262,1.0042743682861328,1.1406641006469727,183.50345693397517,1.4793633067139598,1946,8,0.0,0.1148342713713646,0.0959463990567436,0.0959463990567436,-0.0959463990567436,0.01330603889457523,0.15038363171355498,0.06585436600575056,0.25021312872975277
pronostia,ctl_random,Full_Test_Set_Bearing2_3,43,15,1955,VTOI_rand,0.87,0.13,0.740734,0.0,0.30212536454200745,0.3446562886238098,-0.07898708179354719,0.9839217066764832,1.122430682182312,179.6937338863085,1.4520860289190145,264,1690,0.0196078431372549,0.07637801766395569,0.030521649028452433,-0.030521649028452433,0.030521649028452433,0.01330603889457523,0.5048593350383632,0.17888357315927408,0.22204751465803713
pronostia,ctl_shuffled,Full_Test_Set_Bearing2_3,43,15,1955,VTOI_shuf,0.87,0.13,0.740734,0.0,0.29663822054862976,0.33737003803253174,-0.03384832397736259,0.9660518765449524,1.09870183467865,177.56957312037724,1.4504001319305995,266,1688,0.0025575447570332483,0.06604693084955215,0.2192975199799312,0.2192975199799312,-0.2192975199799312,0.006141248720573183,0.049104859335038366,0.026733400590087514,0.22938523235381109
pronostia,ctl_elapsed,Full_Test_Set_Bearing2_3,43,15,1955,elapsed_norm,0.87,0.13,0.740734,0.0,0.28457555174827576,0.320499986410141,0.06696081757390648,0.9267677664756775,1.0437617301940918,168.08943852559943,1.3603629563901753,1946,8,0.0,0.07840047031641006,0.26281730893297256,0.26281730893297256,-0.26281730893297256,0.02354145342886387,0.15498721227621484,0.10437424283514274,0.27317231240322215
pronostia,ctl_lifefrac,Full_Test_Set_Bearing2_3,43,15,1955,Deg_oracle,0.87,0.13,0.740734,0.0,0.136337548494339,0.15884503722190857,0.7708123939493479,0.44400593638420105,0.5173053741455078,79.09921314979574,0.6678763294209014,1792,162,0.0,0.06270599365234375,0.2189253281195955,0.2189253281195955,-0.2189253281195955,0.012282497441146366,0.15294117647058825,0.07300112748073034,0.2536166640569271
pronostia,ctl_nodeg,Full_Test_Set_Bearing2_3,43,15,1955,VTOI_mono,0.87,0.13,0.740734,0.0,0.30230042338371277,0.3445977568626404,-0.07862056443120768,0.984491765499115,1.1222400665283203,179.81445428808212,1.4532249978410028,267,1687,0.0076726342710997444,0.0715462937951088,0.3137952383285616,0.3137952383285616,-0.3137952383285616,0.006141248720573183,0.15447570332480817,0.10222191573996109,0.2729591836734694
pronostia,ctl_scalar,Full_Test_Set_Bearing2_4,43,15,751,VTOI,0.88,0.12,0.752921,0.0,0.2865186631679535,0.325794517993927,0.03717379625082995,0.35814833641052246,0.40724313259124756,24.53523258689141,0.5483523388256811,743,7,0.0,0.09738490730524063,0.07544714667938551,0.07544714667938551,-0.07544714667938551,0.032,0.041278295605858856,0.019820971867007674,0.20394736842105263
pronostia,ctl_EC,Full_Test_Set_Bearing2_4,43,15,751,E_norm|C_norm,0.88,0.12,0.752921,0.0,0.2865890860557556,0.3265926241874695,0.032450546725635854,0.3582363426685333,0.40824079513549805,24.61360808977084,0.5522630730632707,-1,0,0.0,0.10423779487609863,0.0344016699004058,0.0344016699004058,-0.0344016699004058,0.042666666666666665,0.21171770972037285,0.1722378006044801,0.30318713450292395
pronostia,ctl_hc10,Full_Test_Set_Bearing2_4,43,15,751,hc_RMS_x|hc_RMS_y|hc_Kurt_x|hc_Kurt_y|hc_CF_x|hc_CF_y|hc_SE_x|hc_SE_y|hc_ESE_x|hc_ESE_y,0.88,0.12,0.752921,0.0,0.2916558086872101,0.33065956830978394,0.008203455160674222,0.3645697832107544,0.4133244752883911,25.080121443495088,0.5634473404356002,748,2,0.0,0.10020942986011505,0.042887224900794094,0.042887224900794094,-0.042887224900794094,0.018666666666666668,0.2569906790945406,0.1433336622251324,0.22833333333333333
pronostia,ctl_random,Full_Test_Set_Bearing2_4,43,15,751,VTOI_rand,0.88,0.12,0.752921,0.0,0.28967779874801636,0.33057183027267456,0.008729611505708501,0.36209729313850403,0.4132148027420044,24.884383300159715,0.5580806621913358,-1,0,0.0,0.10752372443675995,0.0572342786375615,-0.0572342786375615,0.0572342786375615,0.0026666666666666666,0.045272969374167776,0.02165605095541401,0.2236842105263158
pronostia,ctl_shuffled,Full_Test_Set_Bearing2_4,43,15,751,VTOI_shuf,0.88,0.12,0.752921,0.0,0.2894277274608612,0.3264871835708618,0.03307531080475978,0.3617846667766571,0.40810897946357727,24.636772235799533,0.5461122233342484,743,7,0.0,0.09540320187807083,0.07961673126314953,0.07961673126314953,-0.07961673126314953,0.005333333333333333,0.6005326231691078,0.2014206804651063,0.2565789473684211
pronostia,ctl_elapsed,Full_Test_Set_Bearing2_4,43,15,751,elapsed_norm,0.88,0.12,0.752921,0.0,0.26685404777526855,0.32892391085624695,0.01858813704128226,0.3335675001144409,0.4111548960208893,23.876163628980525,0.5638976167799401,743,7,0.0,0.10076616704463959,0.015734456882062153,-0.015734456882062153,0.015734456882062153,0.0026666666666666666,0.15046604527296936,0.06600467289719626,0.25
pronostia,ctl_lifefrac,Full_Test_Set_Bearing2_4,43,15,751,Deg_oracle,0.88,0.12,0.752921,0.0,0.07649339735507965,0.08910965919494629,0.9279705836110217,0.09561674296855927,0.11138706654310226,6.06690377040211,0.12502540934262935,590,160,0.0,0.09150966256856918,0.08096101104795514,0.08096101104795514,-0.08096101104795514,0.012,0.15046604527296936,0.06539351851851852,0.25
pronostia,ctl_nodeg,Full_Test_Set_Bearing2_4,43,15,751,VTOI_mono,0.88,0.12,0.752921,0.0,0.2885584831237793,0.3259313404560089,0.03636491249154328,0.36069807410240173,0.40741416811943054,24.590046776659005,0.5459567264829838,743,7,0.0,0.0933607667684555,0.056753063682312276,0.056753063682312276,-0.056753063682312276,0.013333333333333334,0.03994673768308921,0.019206145966709345,0.19736842105263158
pronostia,ctl_scalar,Full_Test_Set_Bearing2_5,43,15,2311,VTOI,0.86,0.14,0.738253,0.0,0.3038969933986664,0.34356021881103516,-0.07227335627154541,1.1700035333633423,1.322706937789917,254.98357920563808,1.7220366209850588,14,2296,0.006493506493506494,0.09440542012453079,0.13386218832605662,0.13386218832605662,-0.13386218832605662,0.013852813852813853,0.581133708351363,0.19274878510477336,0.248168258944121
pronostia,ctl_EC,Full_Test_Set_Bearing2_5,43,15,2311,E_norm|C_norm,0.86,0.14,0.738253,0.0,0.3074709177017212,0.347931832075119,-0.09973513100865739,1.1837631464004517,1.3395376205444336,257.98432253580467,1.739401280951103,86,2224,0.010101010101010102,0.10623107105493546,0.3168207798456293,0.3168207798456293,-0.3168207798456293,0.008658008658008658,0.19948074426655127,0.08636193330835519,0.24945887445887446
pronostia,ctl_hc10,Full_Test_Set_Bearing2_5,43,15,2311,hc_RMS_x|hc_RMS_y|hc_Kurt_x|hc_Kurt_y|hc_CF_x|hc_CF_y|hc_SE_x|hc_SE_y|hc_ESE_x|hc_ESE_y,0.86,0.14,0.738253,0.0,0.3141496181488037,0.356442928314209,-0.1541963927714458,1.2094759941101074,1.3723052740097046,263.970312025962,1.7763975273283004,14,2296,0.013708513708513708,0.11629380285739899,0.3367766413151979,0.3367766413151979,-0.3367766413151979,0.021645021645021644,0.5374296841194288,0.1838909708916082,0.23389996019306364
pronostia,ctl_random,Full_Test_Set_Bearing2_5,43,15,2311,VTOI_rand,0.86,0.14,0.738253,0.0,0.30823764204978943,0.35423803329467773,-0.13996128299341848,1.1867151260375977,1.363816499710083,261.49878345822896,1.7788858967639782,14,2296,0.020923520923520924,0.09894661605358124,0.09245086151402263,0.09245086151402263,-0.09245086151402263,0.01818181818181818,0.2245781047165729,0.12410194523819945,0.27230121411155894
pronostia,ctl_shuffled,Full_Test_Set_Bearing2_5,43,15,2311,VTOI_shuf,0.86,0.14,0.738253,0.0,0.30692100524902344,0.35148710012435913,-0.12232462176658143,1.1816459894180298,1.3532253503799438,259.91851488301177,1.766978323002024,86,2224,0.01443001443001443,0.1013004407286644,0.25029902367136264,0.25029902367136264,-0.25029902367136264,0.025108225108225107,0.5997403721332757,0.1874492832025967,0.25
pronostia,ctl_elapsed,Full_Test_Set_Bearing2_5,43,15,2311,elapsed_norm,0.86,0.14,0.738253,0.0,0.2488156408071518,0.275900274515152,0.30848114886566613,0.9579402208328247,1.0622161626815796,203.01611079579772,1.367155548693086,-1,0,0.0,0.08354394137859344,0.04625798098683102,-0.04625798098683102,0.04625798098683102,0.0004329004329004329,0.19991345737775854,0.08345375722543352,0.25
pronostia,ctl_lifefrac,Full_Test_Set_Bearing2_5,43,15,2311,Deg_oracle,0.86,0.14,0.738253,0.0,0.13757725059986115,0.1606946438550949,0.7654137611386682,0.5296724438667297,0.6186744570732117,111.60557185774216,0.7859432295527775,2138,172,0.0,0.07108385860919952,0.024949046054886667,0.024949046054886667,-0.024949046054886667,0.011255411255411256,0.05106014712245781,0.025150159278262772,0.2444363586604966
pronostia,ctl_nodeg,Full_Test_Set_Bearing2_5,43,15,2311,VTOI_mono,0.86,0.14,0.738253,0.0,0.3105878233909607,0.35880106687545776,-0.16951877310140784,1.1957632303237915,1.3813841342926025,260.6447810502913,1.7458394957810708,13,2297,0.025252525252525252,0.1204875111579895,0.005667082765704997,-0.005667082765704997,0.005667082765704997,0.003896103896103896,0.2033751622674167,0.11008323943150014,0.27046947305568
pronostia,ctl_scalar,Full_Test_Set_Bearing2_6,43,15,701,VTOI,0.88,0.12,0.719201,0.0,0.2807616889476776,0.31828176975250244,0.08120975465914648,0.3275552988052368,0.37132877111434937,20.738609844322912,0.4919557460755131,687,13,0.0,0.09085953235626221,0.37305202687567895,0.37305202687567895,-0.37305202687567895,0.002857142857142857,0.14978601997146934,0.06628787878787878,0.25
pronostia,ctl_EC,Full_Test_Set_Bearing2_6,43,15,701,E_norm|C_norm,0.88,0.12,0.719201,0.0,0.2753947973251343,0.32152095437049866,0.062413393078811996,0.3212939500808716,0.3751077950000763,20.82424788642906,0.5097304003010271,689,11,0.0,0.053083524107933044,0.10327261430475183,0.10327261430475183,-0.10327261430475183,0.03142857142857143,0.19971469329529243,0.08454106280193237,0.25
pronostia,ctl_hc10,Full_Test_Set_Bearing2_6,43,15,701,hc_RMS_x|hc_RMS_y|hc_Kurt_x|hc_Kurt_y|hc_CF_x|hc_CF_y|hc_SE_x|hc_SE_y|hc_ESE_x|hc_ESE_y,0.88,0.12,0.719201,0.0,0.2790443003177643,0.3162384629249573,0.09296892619107022,0.32555168867111206,0.3689448833465576,20.702636694712176,0.49446249429997424,687,13,0.0,0.05515851452946663,0.1600586427049216,-0.1600586427049216,0.1600586427049216,0.02,0.21540656205420827,0.2016645655921171,0.3263888888888889
pronostia,ctl_random,Full_Test_Set_Bearing2_6,43,15,701,VTOI_rand,0.88,0.12,0.719201,0.0,0.2797580361366272,0.31742796301841736,0.08613253746655058,0.32638439536094666,0.3703326880931854,20.664550754925365,0.4902262306425417,687,13,0.0,0.05308200791478157,0.15838069430168344,0.15838069430168344,-0.15838069430168344,0.017142857142857144,0.21968616262482168,0.22464328899637243,0.3472222222222222
pronostia,ctl_shuffled,Full_Test_Set_Bearing2_6,43,15,701,VTOI_shuf,0.88,0.12,0.719201,0.0,0.2849870026111603,0.31804579496383667,0.0825716341458228,0.3324848711490631,0.3710534870624542,20.82383265894404,0.4865738783608298,687,13,0.0,0.08484680950641632,0.19399332950834772,-0.19399332950834772,0.19399332950834772,0.011428571428571429,0.09272467902995721,0.05963199734196374,0.11488095238095238
pronostia,ctl_elapsed,Full_Test_Set_Bearing2_6,43,15,701,elapsed_norm,0.88,0.12,0.719201,0.0,0.27694883942604065,0.32230809330940247,0.057817096499169995,0.3231070041656494,0.3760261535644531,20.92484911798579,0.5116453133244466,692,8,0.0,0.06285011023283005,0.20173662824382335,0.20173662824382335,-0.20173662824382335,0.025714285714285714,0.6134094151212554,0.2980554357627318,0.3194444444444444
pronostia,ctl_lifefrac,Full_Test_Set_Bearing2_6,43,15,701,Deg_oracle,0.88,0.12,0.719201,0.0,0.060790933668613434,0.07133743911981583,0.9538440382258381,0.07092276215553284,0.0832270085811615,4.498518987967505,0.11130315254969833,569,131,0.0,0.0777607262134552,0.23107393987432032,-0.23107393987432032,0.23107393987432032,0.022857142857142857,0.16262482168330955,0.16587202007528232,0.3125
pronostia,ctl_nodeg,Full_Test_Set_Bearing2_6,43,15,701,VTOI_mono,0.88,0.12,0.719201,0.0,0.2770095467567444,0.32107752561569214,0.06499779355468482,0.3231778144836426,0.3745904564857483,20.85287036252549,0.5074689954442215,689,11,0.0,0.05393495038151741,0.18822776647788825,0.18822776647788825,-0.18822776647788825,0.022857142857142857,0.6005706134094151,0.20304419943409113,0.2569444444444444
pronostia,ctl_scalar,Full_Test_Set_Bearing2_7,43,15,230,VTOI,0.88,0.12,0.726412,0.0,0.2669789791107178,0.31404557824134827,0.10976442251459484,0.1018969938158989,0.11986073106527328,2.1296232810599283,0.16067347438682034,225,4,0.0,0.15983806550502777,0.33014935356319663,-0.33014935356319663,0.33014935356319663,0.048034934497816595,0.6086956521739131,0.2615112160566706,0.2916666666666667
pronostia,ctl_EC,Full_Test_Set_Bearing2_7,43,15,230,E_norm|C_norm,0.88,0.12,0.726412,0.0,0.28582194447517395,0.31616702675819397,0.09769624965621992,0.1090887039899826,0.12067041546106339,2.183650971401228,0.15437161089528514,225,4,0.0,0.15217716991901398,0.3290386612034403,-0.3290386612034403,0.3290386612034403,0.004366812227074236,0.6217391304347826,0.33714146815751095,0.3541666666666667
pronostia,ctl_hc10,Full_Test_Set_Bearing2_7,43,15,230,hc_RMS_x|hc_RMS_y|hc_Kurt_x|hc_Kurt_y|hc_CF_x|hc_CF_y|hc_SE_x|hc_SE_y|hc_ESE_x|hc_ESE_y,0.88,0.12,0.726412,0.0,0.2610603868961334,0.3091956675052643,0.13704821426540015,0.09963805973529816,0.11800969392061234,2.0875360510913126,0.15808082579068192,225,4,0.0,0.15741994976997375,0.11556399743884639,-0.11556399743884639,0.11556399743884639,0.013100436681222707,0.034782608695652174,0.025468806346916697,0.151268115942029
pronostia,ctl_random,Full_Test_Set_Bearing2_7,43,15,230,VTOI_rand,0.88,0.12,0.726412,0.0,0.2662932872772217,0.3020823001861572,0.1762978710147488,0.10163529217243195,0.11529474705457687,2.0789362722554205,0.15209329377292938,223,6,0.0,0.16428352892398834,0.2866412043849656,-0.2866412043849656,0.2866412043849656,0.048034934497816595,0.1782608695652174,0.2557672833711536,0.4073955669224211
pronostia,ctl_shuffled,Full_Test_Set_Bearing2_7,43,15,230,VTOI_shuf,0.88,0.12,0.726412,0.0,0.2689463496208191,0.3094618022441864,0.13556207301346823,0.10264784842729568,0.1181112751364708,2.1284082071639503,0.1588292302928217,224,5,0.0,0.15126384794712067,0.2422517991570774,-0.2422517991570774,0.2422517991570774,0.039301310043668124,0.6304347826086957,0.3566263190564867,0.38235294117647056
pronostia,ctl_elapsed,Full_Test_Set_Bearing2_7,43,15,230,elapsed_norm,0.88,0.12,0.726412,0.0,0.26841580867767334,0.3191601634025574,0.08053106040360603,0.10244537144899368,0.12181280553340912,2.1623843644095633,0.16540990069751507,225,4,0.0,0.14257289469242096,0.13563087987064495,-0.13563087987064495,0.13563087987064495,0.013100436681222707,0.19130434782608696,0.08239700374531835,0.2391304347826087
pronostia,ctl_lifefrac,Full_Test_Set_Bearing2_7,43,15,230,Deg_oracle,0.88,0.12,0.726412,0.0,0.05720752105116844,0.06884833425283432,0.9572135197775111,0.021834207698702812,0.026277117431163788,0.44631070342917134,0.033019148829676534,185,44,0.0,0.16006092727184296,0.44398640023799774,-0.44398640023799774,0.44398640023799774,0.004366812227074236,0.1608695652173913,0.16563706563706565,0.3125
pronostia,ctl_nodeg,Full_Test_Set_Bearing2_7,43,15,230,VTOI_mono,0.88,0.12,0.726412,0.0,0.2624586224555969,0.32924821972846985,0.02148710785553032,0.10017172247171402,0.12566307187080383,2.166591709748468,0.17117993167156112,225,4,0.0,0.168615460395813,0.14587359946612688,0.14587359946612688,-0.14587359946612688,0.004366812227074236,0.6,0.19008264462809918,0.25
pronostia,ctl_scalar,Full_Test_Set_Bearing3_3,43,15,434,VTOI,0.88,0.12,0.702101,0.0,0.26789841055870056,0.33674943447113037,-0.027030595736101226,0.19333332777023315,0.24302084743976593,8.002401616990365,0.3354366022357417,425,8,0.0,0.14651186764240265,0.5526638801709011,-0.5526638801709011,0.5526638801709011,0.025404157043879907,0.22350230414746544,0.23680926916221035,0.36363636363636365
pronostia,ctl_EC,Full_Test_Set_Bearing3_3,43,15,434,E_norm|C_norm,0.88,0.12,0.702101,0.0,0.2659941613674164,0.2958262264728546,0.20742034471550164,0.19195912778377533,0.21348793804645538,7.36735292288337,0.27960342614834244,423,10,0.0,0.12543971836566925,0.05776899572138377,-0.05776899572138377,0.05776899572138377,0.03926096997690531,0.12672811059907835,0.1383442265795207,0.2791958041958042
pronostia,ctl_hc10,Full_Test_Set_Bearing3_3,43,15,434,hc_RMS_x|hc_RMS_y|hc_Kurt_x|hc_Kurt_y|hc_CF_x|hc_CF_y|hc_SE_x|hc_SE_y|hc_ESE_x|hc_ESE_y,0.88,0.12,0.702101,0.0,0.2608458697795868,0.32295656204223633,0.05537849176710885,0.1882437914609909,0.23306700587272644,7.775864395792357,0.3257354912637789,425,8,0.0,0.13063928484916687,0.5917994949423361,-0.5917994949423361,0.5917994949423361,0.006928406466512702,0.6105990783410138,0.22251143855603991,0.2692307692307692
pronostia,ctl_random,Full_Test_Set_Bearing3_3,43,15,434,VTOI_rand,0.88,0.12,0.702101,0.0,0.2764946222305298,0.35066306591033936,-0.11365235791039585,0.19953696429729462,0.25306183099746704,8.299504491513119,0.3494936796345143,-1,0,0.0,0.1596212536096573,0.5323559599300933,-0.5323559599300933,0.5323559599300933,0.006928406466512702,0.20046082949308755,0.08413926499032882,0.25
pronostia,ctl_shuffled,Full_Test_Set_Bearing3_3,43,15,434,VTOI_shuf,0.88,0.12,0.702101,0.0,0.2798064649105072,0.3531554639339447,-0.12953946905772828,0.20192699134349823,0.254860520362854,8.384044185143138,0.35219512618584603,-1,0,0.0,0.17038458585739136,0.5081087980109509,-0.5081087980109509,0.5081087980109509,0.09006928406466513,0.2119815668202765,0.17689491817398795,0.3068181818181818
pronostia,ctl_elapsed,Full_Test_Set_Bearing3_3,43,15,434,elapsed_norm,0.88,0.12,0.702101,0.0,0.2751173675060272,0.33789533376693726,-0.034031981827133295,0.19854304194450378,0.2438477873802185,8.144376341287732,0.33753592455394843,-1,0,0.0,0.14966005086898804,0.5419428326727963,-0.5419428326727963,0.5419428326727963,0.0023094688221709007,0.027649769585253458,0.013452914798206279,0.13636363636363635
pronostia,ctl_lifefrac,Full_Test_Set_Bearing3_3,43,15,434,Deg_oracle,0.88,0.12,0.702101,0.0,0.09855610877275467,0.12034265697002411,0.8688377713817871,0.07112465053796768,0.08684728294610977,2.8944253472177124,0.12149455171391746,391,42,0.0,0.1290648728609085,0.511677440981976,-0.511677440981976,0.511677440981976,0.03002309468822171,0.07373271889400922,0.13289783679588776,0.13811188811188813
pronostia,ctl_nodeg,Full_Test_Set_Bearing3_3,43,15,434,VTOI_mono,0.88,0.12,0.702101,0.0,0.2659589946269989,0.3294529914855957,0.016993102885656808,0.191933736205101,0.23775525391101837,7.909165918742994,0.3300051959671406,424,9,0.0,0.13814547657966614,0.5872271181256374,-0.5872271181256374,0.5872271181256374,0.025404157043879907,0.2119815668202765,0.1775535300925926,0.3068181818181818
pronostia,ctl_scalar,Learning_set_Bearing1_1,43,15,2803,VTOI,0.88,0.12,0.715734,0.07670353193007493,0.19647188484668732,0.22783607244491577,0.5283728883897953,0.9175236821174622,1.0639945268630981,219.29267126588653,1.0841341103961053,1317,1485,0.002379535990481856,0.15766963362693787,0.8652370577133888,-0.8652370577133888,0.8652370577133888,0.0028551034975017845,0.1344987513378523,0.07143795718420849,0.16413442755223373
pronostia,ctl_EC,Learning_set_Bearing1_1,43,15,2803,E_norm|C_norm,0.88,0.12,0.715734,0.07670353193007493,0.21180374920368195,0.23637667298316956,0.49235163328901854,0.989123523235321,1.1038790941238403,225.33094290314014,1.0130794982263394,1743,1059,0.0,0.21056663990020752,0.8895019855900763,-0.8895019855900763,0.8895019855900763,0.007137758743754461,0.7238672850517303,0.37547770122542556,0.4891498216409037
pronostia,ctl_hc10,Learning_set_Bearing1_1,43,15,2803,hc_RMS_x|hc_RMS_y|hc_Kurt_x|hc_Kurt_y|hc_CF_x|hc_CF_y|hc_SE_x|hc_SE_y|hc_ESE_x|hc_ESE_y,0.88,0.12,0.715734,0.07670353193007493,0.23324327170848846,0.25983673334121704,0.38658429549268725,1.0892459154129028,1.213437557220459,287.915405632202,1.6286888337769532,2748,54,0.0,0.11667340248823166,0.8714967821950428,-0.8714967821950428,0.8714967821950428,0.011420413990007138,0.05708169818052087,0.09570394799678632,0.14823961499493415
pronostia,ctl_random,Learning_set_Bearing1_1,43,15,2803,VTOI_rand,0.88,0.12,0.715734,0.07670353193007493,0.19001859426498413,0.2126571238040924,0.5891212394725296,0.8873869180679321,0.9931088089942932,219.17261551714464,1.1621373911832449,2263,539,0.0,0.1230253353714943,0.8730411558300937,-0.8730411558300937,0.8730411558300937,0.004282655246252677,0.196931858722797,0.15839184723623667,0.27827380952380953
pronostia,ctl_shuffled,Learning_set_Bearing1_1,43,15,2803,VTOI_shuf,0.88,0.12,0.715734,0.07670353193007493,0.19317126274108887,0.2189042568206787,0.5646263032057952,0.9021098017692566,1.0222829580307007,219.58711516916202,1.1316368378714774,2157,645,0.0,0.12433090806007385,0.8410871187659844,-0.8410871187659844,0.8410871187659844,0.0014275517487508922,0.6057795219407778,0.24858060510645674,0.2818067321674034
pronostia,ctl_elapsed,Learning_set_Bearing1_1,43,15,2803,elapsed_norm,0.88,0.12,0.715734,0.07670353193007493,0.20847965776920319,0.2348185032606125,0.499022253295642,0.9736000895500183,1.0966025590896606,236.62116082415267,1.206789121963416,1317,1485,0.002379535990481856,0.1290694624185562,0.7693390547419422,-0.7693390547419422,0.7693390547419422,0.009279086366880799,0.02033535497681056,0.012491756610425016,0.03095131929109337
pronostia,ctl_lifefrac,Learning_set_Bearing1_1,43,15,2803,Deg_oracle,0.88,0.12,0.715734,0.07670353193007493,0.08618917316198349,0.10147561132907867,0.9064428156758713,0.40250346064567566,0.47389110922813416,89.3775558918964,0.41308495709742343,1947,855,0.0,0.19260123372077942,0.9020426313452825,-0.9020426313452825,0.9020426313452825,0.009992862241256246,0.09311452015697468,0.05664907291456746,0.15799772036474163
pronostia,ctl_nodeg,Learning_set_Bearing1_1,43,15,2803,VTOI_mono,0.88,0.12,0.715734,0.07670353193007493,0.20558246970176697,0.24151203036308289,0.4700544258021446,0.9600702524185181,1.1278611421585083,224.96321610822676,1.0609317990833953,1988,814,0.0,0.17223264276981354,0.8357067528314263,-0.8357067528314263,0.8357067528314263,0.004282655246252677,0.026757046022119157,0.04759953498684954,0.027824019024970274
pronostia,ctl_scalar,Learning_set_Bearing1_2,43,15,871,VTOI,0.88,0.12,0.733679,0.0,0.2790789306163788,0.3109229505062103,0.1228042449281217,0.4046644866466522,0.4508382976055145,31.037296667158568,0.5653424431050216,832,38,0.0,0.08764351159334183,0.1115816020595108,-0.1115816020595108,0.1115816020595108,0.03908045977011494,0.19747416762342135,0.1428472941231983,0.2843739115290839
pronostia,ctl_EC,Learning_set_Bearing1_2,43,15,871,E_norm|C_norm,0.88,0.12,0.733679,0.0,0.266208678483963,0.3113868236541748,0.12018491820242949,0.3860026001930237,0.4515109360218048,31.070083608631563,0.6054586102350922,826,44,0.0,0.05815012753009796,0.1418447435589655,-0.1418447435589655,0.1418447435589655,0.034482758620689655,0.20091848450057406,0.08812865497076022,0.25190839694656486
pronostia,ctl_hc10,Learning_set_Bearing1_2,43,15,871,hc_RMS_x|hc_RMS_y|hc_Kurt_x|hc_Kurt_y|hc_CF_x|hc_CF_y|hc_SE_x|hc_SE_y|hc_ESE_x|hc_ESE_y,0.88,0.12,0.733679,0.0,0.2729162573814392,0.3171231150627136,0.08747087796920006,0.39572858810424805,0.45982852578163147,31.430518962328883,0.6006300086556505,830,40,0.0,0.07254571467638016,0.18902598775490784,-0.18902598775490784,0.18902598775490784,0.01839080459770115,0.016073478760045924,0.031351752537828,0.02624594191453891
pronostia,ctl_random,Learning_set_Bearing1_2,43,15,871,VTOI_rand,0.88,0.12,0.733679,0.0,0.2688426375389099,0.31919124722480774,0.07552979510899849,0.3898217976093292,0.4628273546695709,31.751856637454,0.6274163128191179,832,38,0.0,0.0695187896490097,0.05947807890743976,-0.05947807890743976,0.05947807890743976,0.006896551724137931,0.012629161882893225,0.016225335809846832,0.031826889585510276
pronostia,ctl_shuffled,Learning_set_Bearing1_2,43,15,871,VTOI_shuf,0.88,0.12,0.733679,0.0,0.2860570251941681,0.31841185688972473,0.080039065090737,0.41478270292282104,0.46169719099998474,31.846562795185033,0.5804033269202198,829,41,0.0,0.08690562844276428,0.18401722044748908,-0.18401722044748908,0.18401722044748908,0.01839080459770115,0.2296211251435132,0.23246241171627885,0.47413793103448276
pronostia,ctl_elapsed,Learning_set_Bearing1_2,43,15,871,elapsed_norm,0.88,0.12,0.733679,0.0,0.276459276676178,0.3106445372104645,0.12437461115356774,0.40086597204208374,0.4504345655441284,30.576735525106017,0.5519539661556867,827,43,0.0,0.09231361746788025,0.22311294503684204,-0.22311294503684204,0.22311294503684204,0.004597701149425287,0.20551090700344432,0.09259587020648967,0.24664750957854406
pronostia,ctl_lifefrac,Learning_set_Bearing1_2,43,15,871,Deg_oracle,0.88,0.12,0.733679,0.0,0.2623960077762604,0.31094229221343994,0.12269525487781352,0.38047417998313904,0.45086634159088135,30.547658469963803,0.5928463504262628,829,41,0.0,0.06955184042453766,0.13874205691245386,-0.13874205691245386,0.13874205691245386,0.011494252873563218,0.6211251435132032,0.36393499507720384,0.4336685823754789
pronostia,ctl_nodeg,Learning_set_Bearing1_2,43,15,871,VTOI_mono,0.88,0.12,0.733679,0.0,0.27673032879829407,0.31294214725494385,0.11137405213229346,0.40125900506973267,0.4537661075592041,30.973360588774597,0.5691355684848051,826,44,0.0,0.08456583321094513,0.06801818736486953,-0.06801818736486953,0.06801818736486953,0.004597701149425287,0.19402985074626866,0.09445965387804271,0.22940613026819923
pronostia,ctl_scalar,Learning_set_Bearing2_1,43,15,911,VTOI,0.88,0.12,0.72736,0.0,0.29866236448287964,0.3265385627746582,0.03240025883015307,0.45297127962112427,0.4952501654624939,36.26586990611449,0.6268462224425921,895,15,0.0,0.07270379364490509,0.002110371215662214,0.002110371215662214,-0.002110371215662214,0.02197802197802198,0.026344676180021953,0.012861736334405145,0.13043478260869565
pronostia,ctl_EC,Learning_set_Bearing2_1,43,15,911,E_norm|C_norm,0.88,0.12,0.72736,0.0,0.2960369288921356,0.3273172378540039,0.027779972586502666,0.44898927211761475,0.4964311420917511,36.42581887042418,0.6416076559549899,901,9,0.0,0.06973686069250107,0.20318185388225446,-0.20318185388225446,0.20318185388225446,0.035164835164835165,0.16355653128430298,0.16787849013346434,0.31521739130434784
pronostia,ctl_hc10,Learning_set_Bearing2_1,43,15,911,hc_RMS_x|hc_RMS_y|hc_Kurt_x|hc_Kurt_y|hc_CF_x|hc_CF_y|hc_SE_x|hc_SE_y|hc_ESE_x|hc_ESE_y,0.88,0.12,0.72736,0.0,0.27413153648376465,0.3193470239639282,0.07455078729262254,0.4157661199569702,0.484343022108078,35.09040981425962,0.6533386941296871,904,6,0.0,0.07289650291204453,0.025438767004496446,-0.025438767004496446,0.025438767004496446,0.024175824175824177,0.19978046103183314,0.08333333333333333,0.25
pronostia,ctl_random,Learning_set_Bearing2_1,43,15,911,VTOI_rand,0.88,0.12,0.72736,0.0,0.292296439409256,0.32211482524871826,0.05843951297862626,0.443316251039505,0.48854079842567444,36.01350363627878,0.6365162712311255,-1,0,0.0,0.07091028243303299,0.25337381692066663,-0.25337381692066663,0.25337381692066663,0.015384615384615385,0.03951701427003293,0.01900739176346357,0.1956521739130435
pronostia,ctl_shuffled,Learning_set_Bearing2_1,43,15,911,VTOI_shuf,0.88,0.12,0.72736,0.0,0.28213146328926086,0.32144808769226074,0.06233336342011375,0.42789939045906067,0.48752957582473755,35.89083819790673,0.6627608825969914,-1,0,0.0,0.06827954947948456,0.07713233189972173,-0.07713233189972173,0.07713233189972173,0.002197802197802198,0.5642151481888035,0.214034640228353,0.24907088045774176
pronostia,ctl_elapsed,Learning_set_Bearing2_1,43,15,911,elapsed_norm,0.88,0.12,0.72736,0.0,0.3036707937717438,0.3344748616218567,-0.015204959505938032,0.4605673551559448,0.5072868466377258,37.116666661824766,0.6464520774369714,-1,0,0.0,0.12324123084545135,0.1001058582241328,-0.1001058582241328,0.1001058582241328,0.013186813186813187,0.04720087815587267,0.022536687631027254,0.23369565217391305
pronostia,ctl_lifefrac,Learning_set_Bearing2_1,43,15,911,Deg_oracle,0.88,0.12,0.72736,0.0,0.13163956999778748,0.15708313882350922,0.776083601411393,0.19965337216854095,0.2382427453994751,16.412634830960766,0.3043785658470763,874,36,0.0,0.08848946541547775,0.2849859884022813,-0.2849859884022813,0.2849859884022813,0.004395604395604396,0.150384193194292,0.06684983750600786,0.24863305793962728
pronostia,ctl_nodeg,Learning_set_Bearing2_1,43,15,911,VTOI_mono,0.88,0.12,0.72736,0.0,0.2930825352668762,0.3251049816608429,0.04087738272563557,0.44450852274894714,0.4930759370326996,35.616574150027546,0.6159450080819248,892,18,0.0,0.06915853917598724,0.02218381417958577,0.02218381417958577,-0.02218381417958577,0.01098901098901099,0.17453347969264543,0.15293012134071543,0.3536527737575024
pronostia,ctl_scalar,Learning_set_Bearing2_2,43,15,797,VTOI,0.88,0.12,0.746969,0.0,0.35192304849624634,0.41055750846862793,-0.5291983803165983,0.46688464283943176,0.544672966003418,29.799020896409715,0.49152181202538753,268,528,0.35564853556485354,0.12032181024551392,0.679564337427058,-0.679564337427058,0.679564337427058,0.005025125628140704,0.19071518193224593,0.14714909337986237,0.12617875187495065
pronostia,ctl_EC,Learning_set_Bearing2_2,43,15,797,E_norm|C_norm,0.88,0.12,0.746969,0.0,0.34602177143096924,0.3952789306640625,-0.4175001645938867,0.4590555429458618,0.5244033932685852,29.78043115112453,0.5105039928718429,285,511,0.3284518828451883,0.1438511162996292,0.6237569015380232,-0.6237569015380232,0.6237569015380232,0.032663316582914576,0.2823086574654956,0.18346729710038717,0.1747972092839662
pronostia,ctl_hc10,Learning_set_Bearing2_2,43,15,797,hc_RMS_x|hc_RMS_y|hc_Kurt_x|hc_Kurt_y|hc_CF_x|hc_CF_y|hc_SE_x|hc_SE_y|hc_ESE_x|hc_ESE_y,0.88,0.12,0.746969,0.0,0.35140734910964966,0.41198116540908813,-0.5398221148269571,0.46620047092437744,0.5465617179870605,29.435937153020546,0.47354728254925466,275,521,0.3807531380753138,0.10599511861801147,0.7580718980160035,-0.7580718980160035,0.7580718980160035,0.002512562814070352,0.24968632371392724,0.1497988497988498,0.2709205020920502
pronostia,ctl_random,Learning_set_Bearing2_2,43,15,797,VTOI_rand,0.88,0.12,0.746969,0.0,0.2886934280395508,0.3192789554595947,0.07518167987245428,0.3829999566078186,0.4235767722129822,27.114351542597074,0.5485421698505393,476,320,0.0041841004184100415,0.31555506587028503,0.6324957334539286,-0.6324957334539286,0.6324957334539286,0.02763819095477387,0.08030112923462986,0.06509372979961216,0.28773584905660377
pronostia,ctl_shuffled,Learning_set_Bearing2_2,43,15,797,VTOI_shuf,0.88,0.12,0.746969,0.0,0.3824799954891205,0.4485274851322174,-0.8251304364710206,0.507423460483551,0.5950464606285095,32.214821644104376,0.5208891554580186,237,559,0.40376569037656906,0.1453380435705185,0.6876643423105607,-0.6876643423105607,0.6876643423105607,0.03015075376884422,0.060225846925972396,0.04963585026841653,0.26257861635220126
pronostia,ctl_elapsed,Learning_set_Bearing2_2,43,15,797,elapsed_norm,0.88,0.12,0.746969,0.0,0.33549439907073975,0.4050042927265167,-0.48811025289811427,0.44508928060531616,0.5373057126998901,28.436290944482103,0.4692057625260882,267,529,0.38702928870292885,0.10872399061918259,0.6502480614188949,-0.6502480614188949,0.6502480614188949,0.01256281407035176,0.2521957340025094,0.18153213713221988,0.1827243033078077
pronostia,ctl_lifefrac,Learning_set_Bearing2_2,43,15,797,Deg_oracle,0.88,0.12,0.746969,0.0,0.16406026482582092,0.23105205595493317,0.5156765467709894,0.2176532745361328,0.30652904510498047,13.634001095042827,0.22119461446229272,403,393,0.14435146443514643,0.21872350573539734,0.7529347902359811,-0.7529347902359811,0.7529347902359811,0.01507537688442211,0.053952321204516936,0.07070572806317749,0.13653801873634902
pronostia,ctl_nodeg,Learning_set_Bearing2_2,43,15,797,VTOI_mono,0.88,0.12,0.746969,0.0,0.3227694034576416,0.3714369237422943,-0.25165880668132123,0.4282074272632599,0.49277299642562866,27.431424399546025,0.45970871945822067,353,443,0.18410041841004185,0.15579929947853088,0.7368150770288341,-0.7368150770288341,0.7368150770288341,0.005025125628140704,0.5683814303638645,0.3009823352003447,0.3976377266387726
pronostia,ctl_scalar,Learning_set_Bearing3_1,43,15,515,VTOI,0.87,0.13,0.759917,0.0,0.27503257989883423,0.3103961944580078,0.126906854832736,0.23561127483844757,0.26590609550476074,10.915465061022022,0.3555241017385377,496,18,0.0,0.07717166841030121,0.03234565785316513,0.03234565785316513,-0.03234565785316513,0.0038910505836575876,0.05242718446601942,0.037255392384559494,0.06587627582773214
pronostia,ctl_EC,Learning_set_Bearing3_1,43,15,515,E_norm|C_norm,0.87,0.13,0.759917,0.0,0.2737395763397217,0.30961158871650696,0.13131509981709832,0.23450356721878052,0.26523393392562866,10.875891599451723,0.35482738119396334,498,16,0.0,0.07646136730909348,0.06714793670308446,-0.06714793670308446,0.06714793670308446,0.01556420233463035,0.5980582524271845,0.19154228855721392,0.24919093851132687
pronostia,ctl_hc10,Learning_set_Bearing3_1,43,15,515,hc_RMS_x|hc_RMS_y|hc_Kurt_x|hc_Kurt_y|hc_CF_x|hc_CF_y|hc_SE_x|hc_SE_y|hc_ESE_x|hc_ESE_y,0.87,0.13,0.759917,0.0,0.2603359818458557,0.3035089373588562,0.1652224659297925,0.22302116453647614,0.26000601053237915,10.500081682531173,0.34995175652947386,493,21,0.0,0.07280083000659943,0.09550847245625707,-0.09550847245625707,0.09550847245625707,0.03501945525291829,0.625242718446602,0.38898956971879406,0.46791760019915357
pronostia,ctl_random,Learning_set_Bearing3_1,43,15,515,VTOI_rand,0.87,0.13,0.759917,0.0,0.27568235993385315,0.31056666374206543,0.12594757535402357,0.23616787791252136,0.26605212688446045,10.908672991510446,0.35374688612550353,498,16,0.0,0.07970502227544785,0.12363822027928024,0.12363822027928024,-0.12363822027928024,0.027237354085603113,0.6019417475728155,0.21549673281180884,0.26123350759273095
pronostia,ctl_shuffled,Learning_set_Bearing3_1,43,15,515,VTOI_shuf,0.87,0.13,0.759917,0.0,0.2703855037689209,0.3081997334957123,0.13921962602006754,0.23163025081157684,0.2640244662761688,10.739004368393562,0.3501471247930912,498,16,0.0,0.06700777262449265,0.06340393401929884,-0.06340393401929884,0.06340393401929884,0.019455252918287938,0.009708737864077669,0.004816955684007707,0.04807692307692308
pronostia,ctl_elapsed,Learning_set_Bearing3_1,43,15,515,elapsed_norm,0.87,0.13,0.759917,0.0,0.23628762364387512,0.29142212867736816,0.23038615812638819,0.2024197280406952,0.24965162575244904,9.791321113947099,0.33868009523371034,493,21,0.0,0.07156100124120712,0.10461633448844813,-0.10461633448844813,0.10461633448844813,0.03501945525291829,0.6446601941747573,0.42757777268210656,0.47115384615384615
pronostia,ctl_lifefrac,Learning_set_Bearing3_1,43,15,515,Deg_oracle,0.87,0.13,0.759917,0.0,0.07302993535995483,0.0865480899810791,0.932119847327356,0.06256231665611267,0.07414286583662033,2.92726024971115,0.09927935593137607,432,82,0.0,0.062471214681863785,0.05847591139673609,0.05847591139673609,-0.05847591139673609,0.027237354085603113,0.011650485436893204,0.005758157389635317,0.057692307692307696
pronostia,ctl_nodeg,Learning_set_Bearing3_1,43,15,515,VTOI_mono,0.87,0.13,0.759917,0.0,0.27543920278549194,0.3071426451206207,0.14511423734492201,0.23595960438251495,0.2631188631057739,10.817004547872777,0.34710149279008934,498,16,0.0,0.07107935845851898,0.04709154801148062,-0.04709154801148062,0.04709154801148062,0.007782101167315175,0.013592233009708738,0.006704980842911878,0.0673076923076923
pronostia,ctl_scalar,Learning_set_Bearing3_2,43,15,1637,VTOI,0.89,0.11,0.722953,0.11117898594990837,0.2711412012577057,0.32397475838661194,0.04677463394495163,0.7393116354942322,0.8833712339401245,117.02955672682437,1.2095247626631187,1610,26,0.0,0.11105769872665405,0.12993882046527033,-0.12993882046527033,0.12993882046527033,0.0,0.5913255956017105,0.24697065049487957,0.30231980527544583
pronostia,ctl_EC,Learning_set_Bearing3_2,43,15,1637,E_norm|C_norm,0.89,0.11,0.722953,0.11117898594990837,0.2733316123485565,0.32613494992256165,0.034020488064867016,0.7452841997146606,0.8892614245414734,118.22273374602365,1.2244439737600483,1618,18,0.0,0.11212460696697235,0.16718222119302356,-0.16718222119302356,0.16718222119302356,0.017114914425427872,0.20219914477703116,0.10762113903088776,0.2621951219512195
pronostia,ctl_hc10,Learning_set_Bearing3_2,43,15,1637,hc_RMS_x|hc_RMS_y|hc_Kurt_x|hc_Kurt_y|hc_CF_x|hc_CF_y|hc_SE_x|hc_SE_y|hc_ESE_x|hc_ESE_y,0.89,0.11,0.722953,0.11117898594990837,0.2701430320739746,0.31583070755004883,0.09409651373626038,0.7365900278091431,0.8611651659011841,115.05029746339561,1.175581393470429,1612,24,0.0,0.07714579254388809,0.06529146561689426,-0.06529146561689426,0.06529146561689426,0.014058679706601468,0.03726328649969456,0.017962308598351,0.18597560975609756
pronostia,ctl_random,Learning_set_Bearing3_2,43,15,1637,VTOI_rand,0.89,0.11,0.722953,0.11117898594990837,0.27515727281570435,0.33393335342407227,-0.012728090785142143,0.7502622008323669,0.9105250239372253,120.12622141237992,1.252452123736668,1623,13,0.0,0.07702986150979996,0.15837041840098343,-0.15837041840098343,0.15837041840098343,0.011002444987775062,0.6120952962736713,0.285802359093205,0.31097560975609756
pronostia,ctl_shuffled,Learning_set_Bearing3_2,43,15,1637,VTOI_shuf,0.89,0.11,0.722953,0.11117898594990837,0.27547401189804077,0.3339073657989502,-0.012570626914282457,0.7511258721351624,0.9104542136192322,120.16599117220652,1.2517397977296825,1619,17,0.0,0.06628528237342834,0.009523201782562205,-0.009523201782562205,0.009523201782562205,0.0024449877750611247,0.0354306658521686,0.01710914454277286,0.17682926829268292
pronostia,ctl_elapsed,Learning_set_Bearing3_2,43,15,1637,elapsed_norm,0.89,0.11,0.722953,0.11117898594990837,0.2602708339691162,0.3391994535923004,-0.04492117761281533,0.7096719145774841,0.9248839020729065,117.51168909817356,1.264134834126826,1619,17,0.0,0.08947618305683136,0.01954877002817868,-0.01954877002817868,0.01954877002817868,0.012224938875305624,0.20158827122785583,0.0904686676122313,0.2530487804878049
pronostia,ctl_lifefrac,Learning_set_Bearing3_2,43,15,1637,Deg_oracle,0.89,0.11,0.722953,0.11117898594990837,0.13249172270298004,0.15838612616062164,0.772171750309961,0.3612608015537262,0.43186622858047485,55.4946900501106,0.5882489303770949,1579,57,0.0,0.11214110255241394,0.18479954546220845,-0.18479954546220845,0.18479954546220845,0.007334963325183374,0.6096518020769701,0.27026115863172007,0.29878048780487804
pronostia,ctl_nodeg,Learning_set_Bearing3_2,43,15,1637,VTOI_mono,0.89,0.11,0.722953,0.11117898594990837,0.274613618850708,0.3265688717365265,0.03144828009301315,0.7487798929214478,0.8904445767402649,118.43312851814485,1.2224682480041063,1618,18,0.0,0.1286635547876358,0.13527772755376247,-0.13527772755376247,0.13527772755376247,0.012224938875305624,0.1472205253512523,0.1021179429169744,0.26321138211382117
