dataset,config,seed,holdout,rul_mae,rul_mae_hours,mtoi_spearman_signed,vtoi_a,vtoi_b,vtoi_sat_frac_test
pronostia,abl_E_only,42,Full_Test_Set_Bearing1_3,0.2428852766752243,0.9610161185264589,-0.6847059709805396,0.86,0.14,0.2164210526315789
pronostia,abl_E_only,43,Full_Test_Set_Bearing1_3,0.180492952466011,0.7141503691673279,-0.8273929881124221,0.86,0.14,0.2164210526315789
pronostia,abl_E_only,44,Full_Test_Set_Bearing1_3,0.1949007660150528,0.7711573839187622,-0.8281443904382755,0.86,0.14,0.2164210526315789
pronostia,abl_E_only,42,Full_Test_Set_Bearing1_4,0.2133009880781173,0.507300853729248,-0.5757151991085747,0.87,0.13,0.1953781512605042
pronostia,abl_E_only,43,Full_Test_Set_Bearing1_4,0.198716327548027,0.4726136326789856,-0.5563295294631089,0.87,0.13,0.1953781512605042
pronostia,abl_E_only,44,Full_Test_Set_Bearing1_4,0.200784295797348,0.4775319993495941,-0.5041043863597424,0.87,0.13,0.1953781512605042
pronostia,abl_E_only,42,Full_Test_Set_Bearing1_5,0.2864381670951843,1.17535138130188,-0.0770308683874357,0.88,0.12,0.0012180267965895
pronostia,abl_E_only,43,Full_Test_Set_Bearing1_5,0.2233920842409134,0.9166523218154908,-0.5000781968662446,0.88,0.12,0.0012180267965895
pronostia,abl_E_only,44,Full_Test_Set_Bearing1_5,0.2154473066329956,0.884052038192749,0.0114530172288021,0.88,0.12,0.0012180267965895
pronostia,abl_E_only,42,Full_Test_Set_Bearing1_6,0.2976648211479187,1.213976263999939,0.3229102187966134,0.88,0.12,0.0
pronostia,abl_E_only,43,Full_Test_Set_Bearing1_6,0.2900914847850799,1.1830898523330688,-0.0403889824087297,0.88,0.12,0.0
pronostia,abl_E_only,44,Full_Test_Set_Bearing1_6,0.282099187374115,1.1504944562911987,0.1192769331804666,0.88,0.12,0.0
pronostia,abl_E_only,42,Full_Test_Set_Bearing1_7,0.2810580134391784,1.0577150583267212,-0.2498208979367567,0.88,0.12,0.0004426737494466
pronostia,abl_E_only,43,Full_Test_Set_Bearing1_7,0.3025792837142944,1.1387066841125488,-0.2448882870715947,0.88,0.12,0.0004426737494466
pronostia,abl_E_only,44,Full_Test_Set_Bearing1_7,0.2804772555828094,1.0555293560028076,-0.5605950735913925,0.88,0.12,0.0004426737494466
pronostia,abl_E_only,42,Full_Test_Set_Bearing2_3,0.2965987026691437,0.9659231901168824,0.0605735960645329,0.87,0.13,0.0
pronostia,abl_E_only,43,Full_Test_Set_Bearing2_3,0.3054088950157165,0.9946149587631226,0.0825976105645632,0.87,0.13,0.0
pronostia,abl_E_only,44,Full_Test_Set_Bearing2_3,0.3031814992427826,0.9873612523078918,-0.1226363653708472,0.87,0.13,0.0
pronostia,abl_E_only,42,Full_Test_Set_Bearing2_4,0.288365364074707,0.3604567348957062,0.0350441466139324,0.88,0.12,0.0
pronostia,abl_E_only,43,Full_Test_Set_Bearing2_4,0.2920711040496826,0.3650889098644256,-0.1045586003903824,0.88,0.12,0.0
pronostia,abl_E_only,44,Full_Test_Set_Bearing2_4,0.284869521856308,0.3560869097709656,-0.0602878206622918,0.88,0.12,0.0
pronostia,abl_E_only,42,Full_Test_Set_Bearing2_5,0.3107305467128753,1.1963127851486206,0.2478013456044941,0.86,0.14,0.0
pronostia,abl_E_only,43,Full_Test_Set_Bearing2_5,0.3096528053283691,1.1921634674072266,0.2510591587953669,0.86,0.14,0.0
pronostia,abl_E_only,44,Full_Test_Set_Bearing2_5,0.3012414276599884,1.159779667854309,0.1972280494734562,0.86,0.14,0.0
pronostia,abl_E_only,42,Full_Test_Set_Bearing2_6,0.2766659557819366,0.3227769434452057,0.1351130230856497,0.88,0.12,0.0
pronostia,abl_E_only,43,Full_Test_Set_Bearing2_6,0.2765666246414184,0.3226611018180847,0.0999110856515183,0.88,0.12,0.0
pronostia,abl_E_only,44,Full_Test_Set_Bearing2_6,0.2803758382797241,0.3271051347255707,-0.2252373724512241,0.88,0.12,0.0
pronostia,abl_E_only,42,Full_Test_Set_Bearing2_7,0.2866470217704773,0.1094036102294921,-0.1892514777525045,0.88,0.12,0.0
pronostia,abl_E_only,43,Full_Test_Set_Bearing2_7,0.2735332250595093,0.1043985113501548,-0.2802110143352516,0.88,0.12,0.0
pronostia,abl_E_only,44,Full_Test_Set_Bearing2_7,0.2737574875354767,0.1044841259717941,-0.3599943160536625,0.88,0.12,0.0
pronostia,abl_E_only,42,Full_Test_Set_Bearing3_3,0.2701741755008697,0.1949757039546966,-0.5428829824580839,0.88,0.12,0.0
pronostia,abl_E_only,43,Full_Test_Set_Bearing3_3,0.2666243016719818,0.1924138814210891,-0.562769080810263,0.88,0.12,0.0
pronostia,abl_E_only,44,Full_Test_Set_Bearing3_3,0.2435414642095565,0.1757557839155197,-0.6527806065251233,0.88,0.12,0.0
pronostia,abl_E_only,42,Learning_set_Bearing1_1,0.2624320387840271,1.2255576848983765,-0.6998504402929744,0.88,0.12,0.0767035319300749
pronostia,abl_E_only,43,Learning_set_Bearing1_1,0.2258314788341522,1.0546330213546753,-0.855587072661139,0.88,0.12,0.0767035319300749
pronostia,abl_E_only,44,Learning_set_Bearing1_1,0.1819828003644943,0.8498597145080566,-0.8942400154729278,0.88,0.12,0.0767035319300749
pronostia,abl_E_only,42,Learning_set_Bearing1_2,0.2795829474925995,0.4053952991962433,-0.1076848073847963,0.88,0.12,0.0
pronostia,abl_E_only,43,Learning_set_Bearing1_2,0.2691968977451324,0.3903355300426483,-0.132483687026221,0.88,0.12,0.0
pronostia,abl_E_only,44,Learning_set_Bearing1_2,0.2703102827072143,0.3919498920440674,-0.3835907576682886,0.88,0.12,0.0
pronostia,abl_E_only,42,Learning_set_Bearing2_1,0.3071171045303345,0.4657942354679107,-0.2696663753991925,0.88,0.12,0.0
pronostia,abl_E_only,43,Learning_set_Bearing2_1,0.2925533652305603,0.4437059164047241,-0.1877816193332861,0.88,0.12,0.0
pronostia,abl_E_only,44,Learning_set_Bearing2_1,0.284023642539978,0.4307691752910614,-0.2580130838407184,0.88,0.12,0.0
pronostia,abl_E_only,42,Learning_set_Bearing2_2,0.3019578456878662,0.4005973935127258,-0.6462296256126144,0.88,0.12,0.0
pronostia,abl_E_only,43,Learning_set_Bearing2_2,0.3568761646747589,0.4734557271003723,-0.7466434056044547,0.88,0.12,0.0
pronostia,abl_E_only,44,Learning_set_Bearing2_2,0.2959702908992767,0.3926539421081543,-0.5808688187215724,0.88,0.12,0.0
pronostia,abl_E_only,42,Learning_set_Bearing3_1,0.2701002359390259,0.2313858717679977,-0.0387430439103897,0.87,0.13,0.0
pronostia,abl_E_only,43,Learning_set_Bearing3_1,0.2692782878875732,0.2306817173957824,-0.1007239504415472,0.87,0.13,0.0
pronostia,abl_E_only,44,Learning_set_Bearing3_1,0.2707365751266479,0.2319310009479522,0.1384662910777309,0.87,0.13,0.0
pronostia,abl_E_only,42,Learning_set_Bearing3_2,0.2842900454998016,0.7751643061637878,-0.0561950653567837,0.89,0.11,0.1111789859499083
pronostia,abl_E_only,43,Learning_set_Bearing3_2,0.2766586542129516,0.7543560266494751,-0.046509630113821,0.89,0.11,0.1111789859499083
pronostia,abl_E_only,44,Learning_set_Bearing3_2,0.2784171402454376,0.7591508626937866,-0.0490866082770385,0.89,0.11,0.1111789859499083
pronostia,abl_cond_noaux,42,Full_Test_Set_Bearing1_3,0.1901841610670089,0.752495288848877,0.7592845934120632,0.86,0.14,0.2164210526315789
pronostia,abl_cond_noaux,43,Full_Test_Set_Bearing1_3,0.1599049121141433,0.6326904892921448,-0.8078500825176382,0.86,0.14,0.2164210526315789
pronostia,abl_cond_noaux,44,Full_Test_Set_Bearing1_3,0.2293319553136825,0.9073901176452636,-0.4856350085400209,0.86,0.14,0.2164210526315789
pronostia,abl_cond_noaux,42,Full_Test_Set_Bearing1_4,0.2202014625072479,0.5237123966217041,-0.5117904495007509,0.87,0.13,0.1953781512605042
pronostia,abl_cond_noaux,43,Full_Test_Set_Bearing1_4,0.1893463134765625,0.4503286778926849,0.5072059633484056,0.87,0.13,0.1953781512605042
pronostia,abl_cond_noaux,44,Full_Test_Set_Bearing1_4,0.1984742283821106,0.4720378518104553,-0.5476500909093739,0.87,0.13,0.1953781512605042
pronostia,abl_cond_noaux,42,Full_Test_Set_Bearing1_5,0.283523827791214,1.1633927822113037,0.0483972890836997,0.88,0.12,0.0012180267965895
pronostia,abl_cond_noaux,43,Full_Test_Set_Bearing1_5,0.2891612648963928,1.1865252256393433,0.003957959749257,0.88,0.12,0.0012180267965895
pronostia,abl_cond_noaux,44,Full_Test_Set_Bearing1_5,0.2223310768604278,0.912298619747162,0.6068062305002527,0.88,0.12,0.0012180267965895
pronostia,abl_cond_noaux,42,Full_Test_Set_Bearing1_6,0.2910660207271576,1.187064290046692,-0.0122686618056287,0.88,0.12,0.0
pronostia,abl_cond_noaux,43,Full_Test_Set_Bearing1_6,0.2806496620178222,1.144582986831665,-0.1002867170219429,0.88,0.12,0.0
pronostia,abl_cond_noaux,44,Full_Test_Set_Bearing1_6,0.2751974165439605,1.1223468780517578,0.1441420654674987,0.88,0.12,0.0
pronostia,abl_cond_noaux,42,Full_Test_Set_Bearing1_7,0.2963207066059112,1.115153670310974,-0.082175649278764,0.88,0.12,0.0004426737494466
pronostia,abl_cond_noaux,43,Full_Test_Set_Bearing1_7,0.2776777148246765,1.044993877410889,0.047158889022914,0.88,0.12,0.0004426737494466
pronostia,abl_cond_noaux,44,Full_Test_Set_Bearing1_7,0.2976327538490295,1.120091199874878,0.5176550448986513,0.88,0.12,0.0004426737494466
pronostia,abl_cond_noaux,42,Full_Test_Set_Bearing2_3,0.2943451106548309,0.9585839509963988,0.2128515427762541,0.87,0.13,0.0
pronostia,abl_cond_noaux,43,Full_Test_Set_Bearing2_3,0.3046327531337738,0.9920873641967772,0.1525774808158348,0.87,0.13,0.0
pronostia,abl_cond_noaux,44,Full_Test_Set_Bearing2_3,0.3037899136543274,0.9893426895141602,-0.1808366934825851,0.87,0.13,0.0
pronostia,abl_cond_noaux,42,Full_Test_Set_Bearing2_4,0.2935553789138794,0.3669442236423492,0.0401684187745734,0.88,0.12,0.0
pronostia,abl_cond_noaux,43,Full_Test_Set_Bearing2_4,0.3029599189758301,0.3786998987197876,0.0103486977665431,0.88,0.12,0.0
pronostia,abl_cond_noaux,44,Full_Test_Set_Bearing2_4,0.2874844372272491,0.3593555390834808,-0.0046338783969496,0.88,0.12,0.0
pronostia,abl_cond_noaux,42,Full_Test_Set_Bearing2_5,0.3094105720520019,1.1912308931350708,-0.0737212678974219,0.86,0.14,0.0
pronostia,abl_cond_noaux,43,Full_Test_Set_Bearing2_5,0.2998839318752289,1.1545530557632446,-0.1401451733925919,0.86,0.14,0.0
pronostia,abl_cond_noaux,44,Full_Test_Set_Bearing2_5,0.3000123798847198,1.1550477743148804,0.3032446617353143,0.86,0.14,0.0
pronostia,abl_cond_noaux,42,Full_Test_Set_Bearing2_6,0.282588392496109,0.3296864926815033,-0.0364435073490167,0.88,0.12,0.0
pronostia,abl_cond_noaux,43,Full_Test_Set_Bearing2_6,0.2803250551223755,0.3270459175109863,0.2791733962036541,0.88,0.12,0.0
pronostia,abl_cond_noaux,44,Full_Test_Set_Bearing2_6,0.2807103991508484,0.3274954855442047,-0.0259797770975843,0.88,0.12,0.0
pronostia,abl_cond_noaux,42,Full_Test_Set_Bearing2_7,0.2719902098178863,0.1038096025586128,-0.0861024238191245,0.88,0.12,0.0
pronostia,abl_cond_noaux,43,Full_Test_Set_Bearing2_7,0.2773363292217254,0.1058500185608863,0.0758410715114418,0.88,0.12,0.0
pronostia,abl_cond_noaux,44,Full_Test_Set_Bearing2_7,0.2654629349708557,0.101318359375,-0.258332630366602,0.88,0.12,0.0
pronostia,abl_cond_noaux,42,Full_Test_Set_Bearing3_3,0.2140895724296569,0.1545013040304184,0.5621643457515879,0.88,0.12,0.0
pronostia,abl_cond_noaux,43,Full_Test_Set_Bearing3_3,0.26469287276268,0.191020056605339,-0.509732007533324,0.88,0.12,0.0
pronostia,abl_cond_noaux,44,Full_Test_Set_Bearing3_3,0.226518452167511,0.1634708195924759,-0.4563658624993467,0.88,0.12,0.0
pronostia,abl_cond_noaux,42,Learning_set_Bearing1_1,0.1823177337646484,0.8514238595962524,0.7246206205949274,0.88,0.12,0.0767035319300749
pronostia,abl_cond_noaux,43,Learning_set_Bearing1_1,0.1972506940364837,0.9211607575416564,-0.8321276860935859,0.88,0.12,0.0767035319300749
pronostia,abl_cond_noaux,44,Learning_set_Bearing1_1,0.2370939999818802,1.1072288751602173,0.8423881887293969,0.88,0.12,0.0767035319300749
pronostia,abl_cond_noaux,42,Learning_set_Bearing1_2,0.2788550853729248,0.4043398201465606,0.2311340124242439,0.88,0.12,0.0
pronostia,abl_cond_noaux,43,Learning_set_Bearing1_2,0.2878007590770721,0.4173111319541931,-0.0598387963118731,0.88,0.12,0.0
pronostia,abl_cond_noaux,44,Learning_set_Bearing1_2,0.2585648000240326,0.3749189376831054,0.3400545113902132,0.88,0.12,0.0
pronostia,abl_cond_noaux,42,Learning_set_Bearing2_1,0.2901923656463623,0.4401250779628753,-0.1200041512759847,0.88,0.12,0.0
pronostia,abl_cond_noaux,43,Learning_set_Bearing2_1,0.283983439207077,0.4307081997394562,0.2073897702157923,0.88,0.12,0.0
pronostia,abl_cond_noaux,44,Learning_set_Bearing2_1,0.2730529010295868,0.4141302704811096,0.0893727825703054,0.88,0.12,0.0
pronostia,abl_cond_noaux,42,Learning_set_Bearing2_2,0.3079639971256256,0.4085655808448791,-0.7654256090141242,0.88,0.12,0.0
pronostia,abl_cond_noaux,43,Learning_set_Bearing2_2,0.2974407076835632,0.3946046531200409,-0.7117096909223691,0.88,0.12,0.0
pronostia,abl_cond_noaux,44,Learning_set_Bearing2_2,0.3166389465332031,0.4200743436813354,0.6022953886699363,0.88,0.12,0.0
pronostia,abl_cond_noaux,42,Learning_set_Bearing3_1,0.2728542685508728,0.2337451726198196,0.1130044768958046,0.87,0.13,0.0
pronostia,abl_cond_noaux,43,Learning_set_Bearing3_1,0.2621013522148132,0.2245334982872009,-0.0130873156993317,0.87,0.13,0.0
pronostia,abl_cond_noaux,44,Learning_set_Bearing3_1,0.2617939412593841,0.224270150065422,-0.1276422834978822,0.87,0.13,0.0
pronostia,abl_cond_noaux,42,Learning_set_Bearing3_2,0.2788092494010925,0.7602199912071228,0.0265494709449283,0.89,0.11,0.1111789859499083
pronostia,abl_cond_noaux,43,Learning_set_Bearing3_2,0.2762480080127716,0.7532362937927246,0.0457667448777109,0.89,0.11,0.1111789859499083
pronostia,abl_cond_noaux,44,Learning_set_Bearing3_2,0.2688624858856201,0.7330984473228455,0.2270238033396393,0.89,0.11,0.1111789859499083
pronostia,abl_no_idxhead,42,Full_Test_Set_Bearing1_3,0.1902481466531753,0.7527484893798828,-0.8731051146514542,0.86,0.14,0.2164210526315789
pronostia,abl_no_idxhead,43,Full_Test_Set_Bearing1_3,0.1815190762281417,0.7182104587554932,-0.8274338023663016,0.86,0.14,0.2164210526315789
pronostia,abl_no_idxhead,44,Full_Test_Set_Bearing1_3,0.185152530670166,0.7325868606567383,-0.8011994667330858,0.86,0.14,0.2164210526315789
pronostia,abl_no_idxhead,42,Full_Test_Set_Bearing1_4,0.2100287973880767,0.499518483877182,-0.5118125222042973,0.87,0.13,0.1953781512605042
pronostia,abl_no_idxhead,43,Full_Test_Set_Bearing1_4,0.2068382650613784,0.4919303357601166,-0.5265103896700492,0.87,0.13,0.1953781512605042
pronostia,abl_no_idxhead,44,Full_Test_Set_Bearing1_4,0.2009555846452713,0.4779393374919891,-0.524563049665328,0.87,0.13,0.1953781512605042
pronostia,abl_no_idxhead,42,Full_Test_Set_Bearing1_5,0.2845463752746582,1.167588472366333,0.312836460882258,0.88,0.12,0.0012180267965895
pronostia,abl_no_idxhead,43,Full_Test_Set_Bearing1_5,0.2881796658039093,1.182497501373291,0.0963459475431787,0.88,0.12,0.0012180267965895
pronostia,abl_no_idxhead,44,Full_Test_Set_Bearing1_5,0.2902237474918365,1.1908848285675049,0.211397705124577,0.88,0.12,0.0012180267965895
pronostia,abl_no_idxhead,42,Full_Test_Set_Bearing1_6,0.2883054316043854,1.175805687904358,0.2682691106320895,0.88,0.12,0.0
pronostia,abl_no_idxhead,43,Full_Test_Set_Bearing1_6,0.2828775942325592,1.1536691188812256,0.0859724490289802,0.88,0.12,0.0
pronostia,abl_no_idxhead,44,Full_Test_Set_Bearing1_6,0.2847884893417358,1.1614623069763184,0.0777539948420418,0.88,0.12,0.0
pronostia,abl_no_idxhead,42,Full_Test_Set_Bearing1_7,0.2875871658325195,1.082286357879639,-0.053723177642534,0.88,0.12,0.0004426737494466
pronostia,abl_no_idxhead,43,Full_Test_Set_Bearing1_7,0.2932548224925995,1.1036157608032229,-0.1288289030906948,0.88,0.12,0.0004426737494466
pronostia,abl_no_idxhead,44,Full_Test_Set_Bearing1_7,0.2806445062160492,1.0561587810516355,-0.6137929239297681,0.88,0.12,0.0004426737494466
pronostia,abl_no_idxhead,42,Full_Test_Set_Bearing2_3,0.3043430149555206,0.9911438822746276,0.1514250455357912,0.87,0.13,0.0
pronostia,abl_no_idxhead,43,Full_Test_Set_Bearing2_3,0.3043553233146667,0.991183876991272,0.2078727172423345,0.87,0.13,0.0
pronostia,abl_no_idxhead,44,Full_Test_Set_Bearing2_3,0.2973652780056,0.9684195518493652,0.1856892112267931,0.87,0.13,0.0
pronostia,abl_no_idxhead,42,Full_Test_Set_Bearing2_4,0.2966592609882355,0.3708240985870361,0.0817929124209405,0.88,0.12,0.0
pronostia,abl_no_idxhead,43,Full_Test_Set_Bearing2_4,0.2886082828044891,0.360760360956192,0.030536016797552,0.88,0.12,0.0
pronostia,abl_no_idxhead,44,Full_Test_Set_Bearing2_4,0.2879704535007477,0.3599630296230316,0.0387003665722733,0.88,0.12,0.0
pronostia,abl_no_idxhead,42,Full_Test_Set_Bearing2_5,0.2975004613399505,1.1453768014907837,0.1448422827093063,0.86,0.14,0.0
pronostia,abl_no_idxhead,43,Full_Test_Set_Bearing2_5,0.3053280711174011,1.1755130290985107,0.1955756630725863,0.86,0.14,0.0
pronostia,abl_no_idxhead,44,Full_Test_Set_Bearing2_5,0.3086379468441009,1.1882561445236206,0.3884904889114684,0.86,0.14,0.0
pronostia,abl_no_idxhead,42,Full_Test_Set_Bearing2_6,0.2863629460334778,0.3340901732444763,-0.06293091982344,0.88,0.12,0.0
pronostia,abl_no_idxhead,43,Full_Test_Set_Bearing2_6,0.2844197452068329,0.3318230807781219,0.0714267067514583,0.88,0.12,0.0
pronostia,abl_no_idxhead,44,Full_Test_Set_Bearing2_6,0.2848077118396759,0.3322756588459015,-0.1279649994210956,0.88,0.12,0.0
pronostia,abl_no_idxhead,42,Full_Test_Set_Bearing2_7,0.2722238004207611,0.1038987562060356,-0.2900145692481449,0.88,0.12,0.0
pronostia,abl_no_idxhead,43,Full_Test_Set_Bearing2_7,0.2673567831516266,0.1020411625504493,-0.2809750932004535,0.88,0.12,0.0
pronostia,abl_no_idxhead,44,Full_Test_Set_Bearing2_7,0.2787340879440307,0.1063835322856903,-0.1879990121998988,0.88,0.12,0.0
pronostia,abl_no_idxhead,42,Full_Test_Set_Bearing3_3,0.273546427488327,0.1974093317985534,-0.0404355856436873,0.88,0.12,0.0
pronostia,abl_no_idxhead,43,Full_Test_Set_Bearing3_3,0.2698225080966949,0.194721907377243,-0.326778940047828,0.88,0.12,0.0
pronostia,abl_no_idxhead,44,Full_Test_Set_Bearing3_3,0.2483316957950592,0.1792127192020416,-0.6512547833935656,0.88,0.12,0.0
pronostia,abl_no_idxhead,42,Learning_set_Bearing1_1,0.2085934728384018,0.9741314649581908,-0.8931419562811527,0.88,0.12,0.0767035319300749
pronostia,abl_no_idxhead,43,Learning_set_Bearing1_1,0.2066746205091476,0.9651703834533693,-0.8202864820793081,0.88,0.12,0.0767035319300749
pronostia,abl_no_idxhead,44,Learning_set_Bearing1_1,0.2167440056800842,1.0121945142745972,-0.9002115315210918,0.88,0.12,0.0767035319300749
pronostia,abl_no_idxhead,42,Learning_set_Bearing1_2,0.2715907692909241,0.3938066661357879,-0.0458430431904775,0.88,0.12,0.0
pronostia,abl_no_idxhead,43,Learning_set_Bearing1_2,0.2786987423896789,0.4041132032871246,-0.0784588618345214,0.88,0.12,0.0
pronostia,abl_no_idxhead,44,Learning_set_Bearing1_2,0.2483031898736953,0.360039621591568,-0.4697677381887973,0.88,0.12,0.0
pronostia,abl_no_idxhead,42,Learning_set_Bearing2_1,0.3036107122898102,0.4604762494564056,-0.3190180475287169,0.88,0.12,0.0
pronostia,abl_no_idxhead,43,Learning_set_Bearing2_1,0.2912188172340393,0.4416818916797638,-0.3454624439344572,0.88,0.12,0.0
pronostia,abl_no_idxhead,44,Learning_set_Bearing2_1,0.3037370145320892,0.4606677591800689,-0.3314839973024438,0.88,0.12,0.0
pronostia,abl_no_idxhead,42,Learning_set_Bearing2_2,0.3106531202793121,0.4121331572532654,-0.7120446246529716,0.88,0.12,0.0
pronostia,abl_no_idxhead,43,Learning_set_Bearing2_2,0.3244730234146118,0.4304675459861755,-0.7017990557827322,0.88,0.12,0.0
pronostia,abl_no_idxhead,44,Learning_set_Bearing2_2,0.3871691226959228,0.5136443972587585,-0.7474066146534217,0.88,0.12,0.0
pronostia,abl_no_idxhead,42,Learning_set_Bearing3_1,0.2717826068401336,0.2328271120786667,-0.051509419841295,0.87,0.13,0.0
pronostia,abl_no_idxhead,43,Learning_set_Bearing3_1,0.2671156823635101,0.2288291007280349,0.0020144340589871,0.87,0.13,0.0
pronostia,abl_no_idxhead,44,Learning_set_Bearing3_1,0.2716007530689239,0.232671320438385,-0.0153738227516881,0.87,0.13,0.0
pronostia,abl_no_idxhead,42,Learning_set_Bearing3_2,0.2735214233398437,0.7458018660545349,0.0385903772627166,0.89,0.11,0.1111789859499083
pronostia,abl_no_idxhead,43,Learning_set_Bearing3_2,0.2803927063941955,0.7645374536514282,-0.0629106672369814,0.89,0.11,0.1111789859499083
pronostia,abl_no_idxhead,44,Learning_set_Bearing3_2,0.2697612345218658,0.7355490326881409,-0.078567154260813,0.89,0.11,0.1111789859499083
pronostia,abl_no_mono,42,Full_Test_Set_Bearing1_3,0.1842949986457824,0.7291938662528992,-0.8326128417421429,0.86,0.14,0.2164210526315789
pronostia,abl_no_mono,43,Full_Test_Set_Bearing1_3,0.1149247512221336,0.4547189474105835,-0.8267260905276377,0.86,0.14,0.2164210526315789
pronostia,abl_no_mono,44,Full_Test_Set_Bearing1_3,0.2022923231124878,0.8004032969474792,-0.8272274278430138,0.86,0.14,0.2164210526315789
pronostia,abl_no_mono,42,Full_Test_Set_Bearing1_4,0.222174659371376,0.5284053683280945,-0.5611101978558796,0.87,0.13,0.1953781512605042
pronostia,abl_no_mono,43,Full_Test_Set_Bearing1_4,0.1957043409347534,0.4654501676559448,-0.5335267038811304,0.87,0.13,0.1953781512605042
pronostia,abl_no_mono,44,Full_Test_Set_Bearing1_4,0.2006987184286117,0.4773285090923309,-0.5526508527671778,0.87,0.13,0.1953781512605042
pronostia,abl_no_mono,42,Full_Test_Set_Bearing1_5,0.2854722142219543,1.1713876724243164,-0.1331761384401828,0.88,0.12,0.0012180267965895
pronostia,abl_no_mono,43,Full_Test_Set_Bearing1_5,0.2326613068580627,0.9546868801116944,-0.4455764229049423,0.88,0.12,0.0012180267965895
pronostia,abl_no_mono,44,Full_Test_Set_Bearing1_5,0.2885797321796417,1.1841390132904053,0.1354570965523802,0.88,0.12,0.0012180267965895
pronostia,abl_no_mono,42,Full_Test_Set_Bearing1_6,0.2778411507606506,1.1331288814544678,0.0972377998191886,0.88,0.12,0.0
pronostia,abl_no_mono,43,Full_Test_Set_Bearing1_6,0.2761316299438476,1.1261566877365112,0.0944226975879389,0.88,0.12,0.0
pronostia,abl_no_mono,44,Full_Test_Set_Bearing1_6,0.2748055458068847,1.1207486391067505,0.0091128419584469,0.88,0.12,0.0
pronostia,abl_no_mono,42,Full_Test_Set_Bearing1_7,0.2778949439525604,1.0458112955093384,-0.2154385042715604,0.88,0.12,0.0004426737494466
pronostia,abl_no_mono,43,Full_Test_Set_Bearing1_7,0.2928548455238342,1.1021103858947754,-0.5603172697805116,0.88,0.12,0.0004426737494466
pronostia,abl_no_mono,44,Full_Test_Set_Bearing1_7,0.2968909442424774,1.1172996759414673,-0.5869048827115093,0.88,0.12,0.0004426737494466
pronostia,abl_no_mono,42,Full_Test_Set_Bearing2_3,0.2976959943771362,0.9694966673851012,0.2491590481899087,0.87,0.13,0.0
pronostia,abl_no_mono,43,Full_Test_Set_Bearing2_3,0.2953554093837738,0.9618740677833556,0.1906678053939699,0.87,0.13,0.0
pronostia,abl_no_mono,44,Full_Test_Set_Bearing2_3,0.2975464463233948,0.9690096974372864,0.1754764930495441,0.87,0.13,0.0
pronostia,abl_no_mono,42,Full_Test_Set_Bearing2_4,0.2860958874225616,0.3576198220252991,0.0774761957534509,0.88,0.12,0.0
pronostia,abl_no_mono,43,Full_Test_Set_Bearing2_4,0.3069051504135132,0.3836314678192138,0.0298937039955391,0.88,0.12,0.0
pronostia,abl_no_mono,44,Full_Test_Set_Bearing2_4,0.2880015969276428,0.3600020110607147,0.0299366425367155,0.88,0.12,0.0
pronostia,abl_no_mono,42,Full_Test_Set_Bearing2_5,0.3014996647834778,1.1607738733291626,0.188156092995762,0.86,0.14,0.0
pronostia,abl_no_mono,43,Full_Test_Set_Bearing2_5,0.303108811378479,1.1669689416885376,0.239174893178394,0.86,0.14,0.0
pronostia,abl_no_mono,44,Full_Test_Set_Bearing2_5,0.3110991716384887,1.1977320909500122,0.4092706402464771,0.86,0.14,0.0
pronostia,abl_no_mono,42,Full_Test_Set_Bearing2_6,0.2801291942596435,0.3268173933029175,0.1363019632107658,0.88,0.12,0.0
pronostia,abl_no_mono,43,Full_Test_Set_Bearing2_6,0.2790204584598541,0.3255238831043243,0.2926369142127786,0.88,0.12,0.0
pronostia,abl_no_mono,44,Full_Test_Set_Bearing2_6,0.2794672846794128,0.3260451853275299,-0.0826959665681356,0.88,0.12,0.0
pronostia,abl_no_mono,42,Full_Test_Set_Bearing2_7,0.2709599733352661,0.1034164130687713,-0.3436280309698225,0.88,0.12,0.0
pronostia,abl_no_mono,43,Full_Test_Set_Bearing2_7,0.2659495174884796,0.1015040650963783,-0.2468025707174671,0.88,0.12,0.0
pronostia,abl_no_mono,44,Full_Test_Set_Bearing2_7,0.2618175745010376,0.0999270379543304,-0.0685005113127949,0.88,0.12,0.0
pronostia,abl_no_mono,42,Full_Test_Set_Bearing3_3,0.2501630187034607,0.1805343329906463,-0.5014066281049769,0.88,0.12,0.0
pronostia,abl_no_mono,43,Full_Test_Set_Bearing3_3,0.2729446589946747,0.1969750821590423,-0.5593405930435967,0.88,0.12,0.0
pronostia,abl_no_mono,44,Full_Test_Set_Bearing3_3,0.201065719127655,0.1451024115085601,-0.6796079739399029,0.88,0.12,0.0
pronostia,abl_no_mono,42,Learning_set_Bearing1_1,0.2396915256977081,1.1193593740463257,-0.7740044448757812,0.88,0.12,0.0767035319300749
pronostia,abl_no_mono,43,Learning_set_Bearing1_1,0.2080243676900863,0.9714738130569458,-0.8563310416717546,0.88,0.12,0.0767035319300749
pronostia,abl_no_mono,44,Learning_set_Bearing1_1,0.1835076957941055,0.8569809794425964,-0.8952039112879422,0.88,0.12,0.0767035319300749
pronostia,abl_no_mono,42,Learning_set_Bearing1_2,0.272216647863388,0.3947141766548157,-0.1713660538086006,0.88,0.12,0.0
pronostia,abl_no_mono,43,Learning_set_Bearing1_2,0.2844958007335663,0.4125189483165741,-0.1012197307243509,0.88,0.12,0.0
pronostia,abl_no_mono,44,Learning_set_Bearing1_2,0.2480410635471344,0.3596595823764801,-0.4158095516341035,0.88,0.12,0.0
pronostia,abl_no_mono,42,Learning_set_Bearing2_1,0.2918248176574707,0.4426009654998779,-0.3045945122513822,0.88,0.12,0.0
pronostia,abl_no_mono,43,Learning_set_Bearing2_1,0.2840685844421386,0.430837333202362,-0.2315719549651021,0.88,0.12,0.0
pronostia,abl_no_mono,44,Learning_set_Bearing2_1,0.2828172147274017,0.4289394021034241,-0.269405081253839,0.88,0.12,0.0
pronostia,abl_no_mono,42,Learning_set_Bearing2_2,0.3535573482513428,0.469052791595459,-0.5727632730032926,0.88,0.12,0.0
pronostia,abl_no_mono,43,Learning_set_Bearing2_2,0.3851431608200073,0.5109565854072571,-0.7240691708315875,0.88,0.12,0.0
pronostia,abl_no_mono,44,Learning_set_Bearing2_2,0.3493249416351318,0.4634377658367157,-0.8008566114442441,0.88,0.12,0.0
pronostia,abl_no_mono,42,Learning_set_Bearing3_1,0.2650187015533447,0.2270327061414718,-0.1301752841594207,0.87,0.13,0.0
pronostia,abl_no_mono,43,Learning_set_Bearing3_1,0.268555223941803,0.2300623059272766,0.1032822072358505,0.87,0.13,0.0
pronostia,abl_no_mono,44,Learning_set_Bearing3_1,0.2695199251174927,0.2308887541294098,0.0479018669491359,0.87,0.13,0.0
pronostia,abl_no_mono,42,Learning_set_Bearing3_2,0.2735233306884765,0.7458069324493408,0.0029833982812067,0.89,0.11,0.1111789859499083
pronostia,abl_no_mono,43,Learning_set_Bearing3_2,0.2792316675186157,0.7613718509674072,-0.0549122268480218,0.89,0.11,0.1111789859499083
pronostia,abl_no_mono,44,Learning_set_Bearing3_2,0.2739016115665436,0.7468385696411133,-0.0440527079488991,0.89,0.11,0.1111789859499083
pronostia,abl_no_smooth,42,Full_Test_Set_Bearing1_3,0.1946864277124405,0.770309329032898,-0.5263074669099703,0.86,0.14,0.2164210526315789
pronostia,abl_no_smooth,43,Full_Test_Set_Bearing1_3,0.1659985482692718,0.6568009853363037,-0.8454846258467649,0.86,0.14,0.2164210526315789
pronostia,abl_no_smooth,44,Full_Test_Set_Bearing1_3,0.1704496592283249,0.6744125485420227,-0.7817047376242395,0.86,0.14,0.2164210526315789
pronostia,abl_no_smooth,42,Full_Test_Set_Bearing1_4,0.1883135437965393,0.4478724002838135,-0.5278310719159146,0.87,0.13,0.1953781512605042
pronostia,abl_no_smooth,43,Full_Test_Set_Bearing1_4,0.1941726207733154,0.4618072211742401,-0.5078759701218893,0.87,0.13,0.1953781512605042
pronostia,abl_no_smooth,44,Full_Test_Set_Bearing1_4,0.202570766210556,0.4817808270454407,-0.557750043838926,0.87,0.13,0.1953781512605042
pronostia,abl_no_smooth,42,Full_Test_Set_Bearing1_5,0.28664430975914,1.1761972904205322,0.1413241590312055,0.88,0.12,0.0012180267965895
pronostia,abl_no_smooth,43,Full_Test_Set_Bearing1_5,0.2319898903369903,0.9519317746162416,0.3296147836908611,0.88,0.12,0.0012180267965895
pronostia,abl_no_smooth,44,Full_Test_Set_Bearing1_5,0.2893978357315063,1.1874958276748655,0.1635910644330398,0.88,0.12,0.0012180267965895
pronostia,abl_no_smooth,42,Full_Test_Set_Bearing1_6,0.27798593044281,1.1337192058563232,0.0456738128169278,0.88,0.12,0.0
pronostia,abl_no_smooth,43,Full_Test_Set_Bearing1_6,0.2748053073883056,1.120747685432434,0.0322566369410734,0.88,0.12,0.0
pronostia,abl_no_smooth,44,Full_Test_Set_Bearing1_6,0.2797252535820007,1.1408129930496216,0.1279629011974786,0.88,0.12,0.0
pronostia,abl_no_smooth,42,Full_Test_Set_Bearing1_7,0.2781639099121094,1.046823501586914,-0.2327072040214621,0.88,0.12,0.0004426737494466
pronostia,abl_no_smooth,43,Full_Test_Set_Bearing1_7,0.286984235048294,1.0800172090530396,-0.411009945860592,0.88,0.12,0.0004426737494466
pronostia,abl_no_smooth,44,Full_Test_Set_Bearing1_7,0.2787582874298095,1.049060344696045,-0.6317491023840143,0.88,0.12,0.0004426737494466
pronostia,abl_no_smooth,42,Full_Test_Set_Bearing2_3,0.2975236773490906,0.9689354300498962,-0.0797169378387895,0.87,0.13,0.0
pronostia,abl_no_smooth,43,Full_Test_Set_Bearing2_3,0.3038318753242492,0.9894793033599854,0.2216418446123492,0.87,0.13,0.0
pronostia,abl_no_smooth,44,Full_Test_Set_Bearing2_3,0.2986822724342346,0.9727086424827576,0.0519994726730001,0.87,0.13,0.0
pronostia,abl_no_smooth,42,Full_Test_Set_Bearing2_4,0.2903469502925873,0.3629336953163147,0.1799565428986436,0.88,0.12,0.0
pronostia,abl_no_smooth,43,Full_Test_Set_Bearing2_4,0.2873260378837585,0.3591575026512146,0.05515436792931,0.88,0.12,0.0
pronostia,abl_no_smooth,44,Full_Test_Set_Bearing2_4,0.2859636545181274,0.3574545383453369,0.0431819968728811,0.88,0.12,0.0
pronostia,abl_no_smooth,42,Full_Test_Set_Bearing2_5,0.3038855791091919,1.169959545135498,0.1016151940481927,0.86,0.14,0.0
pronostia,abl_no_smooth,43,Full_Test_Set_Bearing2_5,0.2991666495800018,1.1517916917800903,0.182990111187285,0.86,0.14,0.0
pronostia,abl_no_smooth,44,Full_Test_Set_Bearing2_5,0.299717903137207,1.153913974761963,0.2113280514361992,0.86,0.14,0.0
pronostia,abl_no_smooth,42,Full_Test_Set_Bearing2_6,0.2769925892353058,0.3231580853462219,0.339993814552758,0.88,0.12,0.0
pronostia,abl_no_smooth,43,Full_Test_Set_Bearing2_6,0.2836782038211822,0.3309579193592071,0.2401313125036336,0.88,0.12,0.0
pronostia,abl_no_smooth,44,Full_Test_Set_Bearing2_6,0.2789210081100464,0.3254078328609466,-0.1176982097234632,0.88,0.12,0.0
pronostia,abl_no_smooth,42,Full_Test_Set_Bearing2_7,0.2716846764087677,0.1036929935216903,-0.1479269935899671,0.88,0.12,0.0
pronostia,abl_no_smooth,43,Full_Test_Set_Bearing2_7,0.2609953284263611,0.099613219499588,-0.4029871210894689,0.88,0.12,0.0
pronostia,abl_no_smooth,44,Full_Test_Set_Bearing2_7,0.2733249068260193,0.1043190136551857,-0.1621137599776459,0.88,0.12,0.0
pronostia,abl_no_smooth,42,Full_Test_Set_Bearing3_3,0.2597953379154205,0.1874856352806091,-0.3453389729515038,0.88,0.12,0.0
pronostia,abl_no_smooth,43,Full_Test_Set_Bearing3_3,0.2731255292892456,0.1971056163311004,-0.4569848564461606,0.88,0.12,0.0
pronostia,abl_no_smooth,44,Full_Test_Set_Bearing3_3,0.223414197564125,0.161230593919754,-0.5546169619301462,0.88,0.12,0.0
pronostia,abl_no_smooth,42,Learning_set_Bearing1_1,0.1987732797861099,0.928271234035492,-0.8081362081317489,0.88,0.12,0.0767035319300749
pronostia,abl_no_smooth,43,Learning_set_Bearing1_1,0.2223545759916305,1.038395881652832,-0.8406066232258019,0.88,0.12,0.0767035319300749
pronostia,abl_no_smooth,44,Learning_set_Bearing1_1,0.1849333494901657,0.863638699054718,-0.8049392420860227,0.88,0.12,0.0767035319300749
pronostia,abl_no_smooth,42,Learning_set_Bearing1_2,0.276171863079071,0.4004492163658142,-0.1146478263069257,0.88,0.12,0.0
pronostia,abl_no_smooth,43,Learning_set_Bearing1_2,0.2769475877285003,0.4015739858150482,-0.1767256171761304,0.88,0.12,0.0
pronostia,abl_no_smooth,44,Learning_set_Bearing1_2,0.276072233915329,0.4003047347068786,-0.3276240982743701,0.88,0.12,0.0
pronostia,abl_no_smooth,42,Learning_set_Bearing2_1,0.3004865348339081,0.4557378888130188,-0.3065103059585214,0.88,0.12,0.0
pronostia,abl_no_smooth,43,Learning_set_Bearing2_1,0.2756401896476745,0.4180543124675751,-0.0225706150760741,0.88,0.12,0.0
pronostia,abl_no_smooth,44,Learning_set_Bearing2_1,0.2956277132034302,0.4483686089515686,-0.2672392587306069,0.88,0.12,0.0
pronostia,abl_no_smooth,42,Learning_set_Bearing2_2,0.2931960225105285,0.3889733850955963,-0.3505507008077391,0.88,0.12,0.0
pronostia,abl_no_smooth,43,Learning_set_Bearing2_2,0.3238755464553833,0.42967489361763,-0.7313073271001116,0.88,0.12,0.0
pronostia,abl_no_smooth,44,Learning_set_Bearing2_2,0.3412739038467407,0.4527566432952881,-0.6564082470623415,0.88,0.12,0.0
pronostia,abl_no_smooth,42,Learning_set_Bearing3_1,0.2595595419406891,0.2223559767007827,-0.1099113676344883,0.87,0.13,0.0
pronostia,abl_no_smooth,43,Learning_set_Bearing3_1,0.2795530557632446,0.2394837588071823,0.07564772495327,0.87,0.13,0.0
pronostia,abl_no_smooth,44,Learning_set_Bearing3_1,0.2670615613460541,0.2287827134132385,0.0095196052528672,0.87,0.13,0.0
pronostia,abl_no_smooth,42,Learning_set_Bearing3_2,0.2683339715003967,0.7316573858261108,-0.2147071843062744,0.89,0.11,0.1111789859499083
pronostia,abl_no_smooth,43,Learning_set_Bearing3_2,0.2844764292240143,0.7756723761558533,0.0134033007407982,0.89,0.11,0.1111789859499083
pronostia,abl_no_smooth,44,Learning_set_Bearing3_2,0.2812593579292297,0.7669005990028381,-0.0154068267535499,0.89,0.11,0.1111789859499083
pronostia,cnn_bilstm_attn_vib,42,Full_Test_Set_Bearing1_3,0.3886471092700958,1.537747144699097,-0.6170737457102776,0.86,0.14,0.2164210526315789
pronostia,cnn_bilstm_attn_vib,43,Full_Test_Set_Bearing1_3,0.3652500510215759,1.445172667503357,-0.5838082210519507,0.86,0.14,0.2164210526315789
pronostia,cnn_bilstm_attn_vib,44,Full_Test_Set_Bearing1_3,0.3878237903118133,1.534489393234253,0.5375703377420803,0.86,0.14,0.2164210526315789
pronostia,cnn_bilstm_attn_vib,42,Full_Test_Set_Bearing1_4,0.1892024874687194,0.4499865472316742,0.8839719587697211,0.87,0.13,0.1953781512605042
pronostia,cnn_bilstm_attn_vib,43,Full_Test_Set_Bearing1_4,0.2887409329414367,0.6867222189903259,0.8329888559510441,0.87,0.13,0.1953781512605042
pronostia,cnn_bilstm_attn_vib,44,Full_Test_Set_Bearing1_4,0.1870938837528228,0.4449716806411743,-0.9039761196061564,0.87,0.13,0.1953781512605042
pronostia,cnn_bilstm_attn_vib,42,Full_Test_Set_Bearing1_5,0.3123311996459961,1.281599044799805,0.6715378613791781,0.88,0.12,0.0012180267965895
pronostia,cnn_bilstm_attn_vib,43,Full_Test_Set_Bearing1_5,0.3379662334918976,1.3867881298065186,0.5510225602802976,0.88,0.12,0.0012180267965895
pronostia,cnn_bilstm_attn_vib,44,Full_Test_Set_Bearing1_5,0.2853569984436035,1.170914888381958,0.5371227929658026,0.88,0.12,0.0012180267965895
pronostia,cnn_bilstm_attn_vib,42,Full_Test_Set_Bearing1_6,0.3441510796546936,1.4035630226135254,0.0392176532302136,0.88,0.12,0.0
pronostia,cnn_bilstm_attn_vib,43,Full_Test_Set_Bearing1_6,0.3307220935821533,1.3487948179244995,-0.1715050533934903,0.88,0.12,0.0
pronostia,cnn_bilstm_attn_vib,44,Full_Test_Set_Bearing1_6,0.2972869575023651,1.212435245513916,-0.2473392087458339,0.88,0.12,0.0
pronostia,cnn_bilstm_attn_vib,42,Full_Test_Set_Bearing1_7,0.3405515849590301,1.281609058380127,-0.2189898617543318,0.88,0.12,0.0004426737494466
pronostia,cnn_bilstm_attn_vib,43,Full_Test_Set_Bearing1_7,0.3287357687950134,1.2371423244476318,0.0601909252403038,0.88,0.12,0.0004426737494466
pronostia,cnn_bilstm_attn_vib,44,Full_Test_Set_Bearing1_7,0.3482830226421356,1.3107049465179443,0.2377847674623857,0.88,0.12,0.0004426737494466
pronostia,cnn_bilstm_attn_vib,42,Full_Test_Set_Bearing2_3,0.358733057975769,1.1682740449905396,0.4534018115197429,0.87,0.13,0.0
pronostia,cnn_bilstm_attn_vib,43,Full_Test_Set_Bearing2_3,0.3336162865161896,1.0864771604537964,0.4844180748996267,0.87,0.13,0.0
pronostia,cnn_bilstm_attn_vib,44,Full_Test_Set_Bearing2_3,0.3054772913455963,0.9948377013206482,0.4578363881020524,0.87,0.13,0.0
pronostia,cnn_bilstm_attn_vib,42,Full_Test_Set_Bearing2_4,0.4294067025184631,0.5367584228515625,-0.1696799625846556,0.88,0.12,0.0
pronostia,cnn_bilstm_attn_vib,43,Full_Test_Set_Bearing2_4,0.4312086701393127,0.5390108227729797,0.6064139347462789,0.88,0.12,0.0
pronostia,cnn_bilstm_attn_vib,44,Full_Test_Set_Bearing2_4,0.3599741458892822,0.449967622756958,0.302073440237328,0.88,0.12,0.0
pronostia,cnn_bilstm_attn_vib,42,Full_Test_Set_Bearing2_5,0.403363436460495,1.55294930934906,-0.1222071141912548,0.86,0.14,0.0
pronostia,cnn_bilstm_attn_vib,43,Full_Test_Set_Bearing2_5,0.3494403064250946,1.3453452587127686,0.1826368158787578,0.86,0.14,0.0
pronostia,cnn_bilstm_attn_vib,44,Full_Test_Set_Bearing2_5,0.3510921895503998,1.3517049551010132,-0.4095156042802696,0.86,0.14,0.0
pronostia,cnn_bilstm_attn_vib,42,Full_Test_Set_Bearing2_6,0.3684851825237274,0.4298993349075317,0.167562268782471,0.88,0.12,0.0
pronostia,cnn_bilstm_attn_vib,43,Full_Test_Set_Bearing2_6,0.3248606324195862,0.3790040612220764,0.3957584988539502,0.88,0.12,0.0
pronostia,cnn_bilstm_attn_vib,44,Full_Test_Set_Bearing2_6,0.3638646900653839,0.4245088398456573,0.2169063746405586,0.88,0.12,0.0
pronostia,cnn_bilstm_attn_vib,42,Full_Test_Set_Bearing2_7,0.3008733689785003,0.1148333325982093,0.0450641127229514,0.88,0.12,0.0
pronostia,cnn_bilstm_attn_vib,43,Full_Test_Set_Bearing2_7,0.484103262424469,0.1847660839557647,0.0128565698368242,0.88,0.12,0.0
pronostia,cnn_bilstm_attn_vib,44,Full_Test_Set_Bearing2_7,0.4097316563129425,0.1563809216022491,-0.0045972288035001,0.88,0.12,0.0
pronostia,cnn_bilstm_attn_vib,42,Full_Test_Set_Bearing3_3,0.3744281828403473,0.2702123820781708,-0.1868531950753121,0.88,0.12,0.0
pronostia,cnn_bilstm_attn_vib,43,Full_Test_Set_Bearing3_3,0.3302593231201172,0.2383371889591217,0.5000013653378603,0.88,0.12,0.0
pronostia,cnn_bilstm_attn_vib,44,Full_Test_Set_Bearing3_3,0.3443228006362915,0.2484863102436065,-0.5557905686709016,0.88,0.12,0.0
pronostia,cnn_bilstm_attn_vib,42,Learning_set_Bearing1_1,0.3190329074859619,1.4898838996887207,-0.1075131287136223,0.88,0.12,0.0767035319300749
pronostia,cnn_bilstm_attn_vib,43,Learning_set_Bearing1_1,0.3552709817886352,1.6591155529022217,0.2826161142641215,0.88,0.12,0.0767035319300749
pronostia,cnn_bilstm_attn_vib,44,Learning_set_Bearing1_1,0.298681229352951,1.3948413133621216,0.1454285686724586,0.88,0.12,0.0767035319300749
pronostia,cnn_bilstm_attn_vib,42,Learning_set_Bearing1_2,0.356048434972763,0.5162702202796936,0.0420751747406044,0.88,0.12,0.0
pronostia,cnn_bilstm_attn_vib,43,Learning_set_Bearing1_2,0.3357174396514892,0.486790269613266,0.2887070027261514,0.88,0.12,0.0
pronostia,cnn_bilstm_attn_vib,44,Learning_set_Bearing1_2,0.3409436047077179,0.4943682253360748,0.0006508596432613,0.88,0.12,0.0
pronostia,cnn_bilstm_attn_vib,42,Learning_set_Bearing2_1,0.3504420816898346,0.5315038561820984,0.0104232665128855,0.88,0.12,0.0
pronostia,cnn_bilstm_attn_vib,43,Learning_set_Bearing2_1,0.3561812341213226,0.5402081608772278,0.1797963505948195,0.88,0.12,0.0
pronostia,cnn_bilstm_attn_vib,44,Learning_set_Bearing2_1,0.3517437875270843,0.5334780216217041,0.0693411885118983,0.88,0.12,0.0
pronostia,cnn_bilstm_attn_vib,42,Learning_set_Bearing2_2,0.3584141433238983,0.4754960834980011,0.3713786837680114,0.88,0.12,0.0
pronostia,cnn_bilstm_attn_vib,43,Learning_set_Bearing2_2,0.3606145679950714,0.4784153699874878,0.5359164358509749,0.88,0.12,0.0
pronostia,cnn_bilstm_attn_vib,44,Learning_set_Bearing2_2,0.3635497391223907,0.4823093712329864,-0.0285449585946696,0.88,0.12,0.0
pronostia,cnn_bilstm_attn_vib,42,Learning_set_Bearing3_1,0.3648115992546081,0.3125219345092773,0.2019949720711042,0.87,0.13,0.0
pronostia,cnn_bilstm_attn_vib,43,Learning_set_Bearing3_1,0.3829478323459625,0.3280586898326874,-0.1024671654790019,0.87,0.13,0.0
pronostia,cnn_bilstm_attn_vib,44,Learning_set_Bearing3_1,0.3818046152591705,0.3270792961120605,0.1105062272186792,0.87,0.13,0.0
pronostia,cnn_bilstm_attn_vib,42,Learning_set_Bearing3_2,0.3090956211090088,0.8428008556365967,-0.029981536505377,0.89,0.11,0.1111789859499083
pronostia,cnn_bilstm_attn_vib,43,Learning_set_Bearing3_2,0.3144575953483581,0.8574211001396179,0.0158516532272793,0.89,0.11,0.1111789859499083
pronostia,cnn_bilstm_attn_vib,44,Learning_set_Bearing3_2,0.345491349697113,0.9420397877693176,0.0782802928374604,0.89,0.11,0.1111789859499083
pronostia,ctl_EC,42,Full_Test_Set_Bearing1_3,0.1842484772205352,0.7290098071098328,-0.7750043310684523,0.86,0.14,0.2164210526315789
pronostia,ctl_EC,43,Full_Test_Set_Bearing1_3,0.1500101089477539,0.5935400724411011,-0.8170329093604911,0.86,0.14,0.2164210526315789
pronostia,ctl_EC,44,Full_Test_Set_Bearing1_3,0.1875275820493698,0.7419840693473816,-0.8219646686225763,0.86,0.14,0.2164210526315789
pronostia,ctl_EC,42,Full_Test_Set_Bearing1_4,0.2099398225545883,0.4993068873882293,-0.5580811838612183,0.87,0.13,0.1953781512605042
pronostia,ctl_EC,43,Full_Test_Set_Bearing1_4,0.1985452622175216,0.4722068309783935,-0.5342769377455615,0.87,0.13,0.1953781512605042
pronostia,ctl_EC,44,Full_Test_Set_Bearing1_4,0.2134429812431335,0.5076385140419006,-0.5073818083811233,0.87,0.13,0.1953781512605042
pronostia,ctl_EC,42,Full_Test_Set_Bearing1_5,0.2883687913417816,1.183273196220398,-0.1319486680179957,0.88,0.12,0.0012180267965895
pronostia,ctl_EC,43,Full_Test_Set_Bearing1_5,0.2886916697025299,1.1845982074737549,0.0586762527202404,0.88,0.12,0.0012180267965895
pronostia,ctl_EC,44,Full_Test_Set_Bearing1_5,0.2891106605529785,1.1863174438476562,-0.0647862114242154,0.88,0.12,0.0012180267965895
pronostia,ctl_EC,42,Full_Test_Set_Bearing1_6,0.2790724635124206,1.138150691986084,0.1491500738410556,0.88,0.12,0.0
pronostia,ctl_EC,43,Full_Test_Set_Bearing1_6,0.2770281434059143,1.1298131942749023,0.214353199415287,0.88,0.12,0.0
pronostia,ctl_EC,44,Full_Test_Set_Bearing1_6,0.2835021317005157,1.1562161445617676,0.0074524662745441,0.88,0.12,0.0
pronostia,ctl_EC,42,Full_Test_Set_Bearing1_7,0.2867709994316101,1.0792149305343628,-0.2523699893940181,0.88,0.12,0.0004426737494466
pronostia,ctl_EC,43,Full_Test_Set_Bearing1_7,0.2991349399089813,1.1257445812225342,-0.2683756076977018,0.88,0.12,0.0004426737494466
pronostia,ctl_EC,44,Full_Test_Set_Bearing1_7,0.3057667315006256,1.1507022380828855,-0.2379418268990372,0.88,0.12,0.0004426737494466
pronostia,ctl_EC,42,Full_Test_Set_Bearing2_3,0.3021270632743835,0.9839271903038024,0.0235449675727652,0.87,0.13,0.0
pronostia,ctl_EC,43,Full_Test_Set_Bearing2_3,0.3019074499607086,0.983211874961853,0.1767885452360308,0.87,0.13,0.0
pronostia,ctl_EC,44,Full_Test_Set_Bearing2_3,0.2998120784759521,0.9763880372047424,0.0568677725013496,0.87,0.13,0.0
pronostia,ctl_EC,42,Full_Test_Set_Bearing2_4,0.2957691252231598,0.3697114288806915,0.0567623191930376,0.88,0.12,0.0
pronostia,ctl_EC,43,Full_Test_Set_Bearing2_4,0.2865890860557556,0.3582363426685333,0.0344016699004058,0.88,0.12,0.0
pronostia,ctl_EC,44,Full_Test_Set_Bearing2_4,0.2878047227859497,0.3597559332847595,-0.0748231314019801,0.88,0.12,0.0
pronostia,ctl_EC,42,Full_Test_Set_Bearing2_5,0.3078133165836334,1.1850813627243042,0.1955938559740773,0.86,0.14,0.0
pronostia,ctl_EC,43,Full_Test_Set_Bearing2_5,0.3074709177017212,1.1837631464004517,0.3168207798456293,0.86,0.14,0.0
pronostia,ctl_EC,44,Full_Test_Set_Bearing2_5,0.3045916557312011,1.1726778745651243,0.2953575460635348,0.86,0.14,0.0
pronostia,ctl_EC,42,Full_Test_Set_Bearing2_6,0.2766178250312805,0.3227207958698272,0.0688075581104987,0.88,0.12,0.0
pronostia,ctl_EC,43,Full_Test_Set_Bearing2_6,0.2753947973251343,0.3212939500808716,0.1032726143047518,0.88,0.12,0.0
pronostia,ctl_EC,44,Full_Test_Set_Bearing2_6,0.2808517813682556,0.3276604115962982,-0.0420341847759252,0.88,0.12,0.0
pronostia,ctl_EC,42,Full_Test_Set_Bearing2_7,0.2755142152309418,0.1051546037197113,-0.1699706343023977,0.88,0.12,0.0
pronostia,ctl_EC,43,Full_Test_Set_Bearing2_7,0.2858219444751739,0.1090887039899826,-0.3290386612034403,0.88,0.12,0.0
pronostia,ctl_EC,44,Full_Test_Set_Bearing2_7,0.2750252187252044,0.1049679666757583,-0.1756876761494218,0.88,0.12,0.0
pronostia,ctl_EC,42,Full_Test_Set_Bearing3_3,0.2538463473320007,0.1831924468278885,-0.3076472440524545,0.88,0.12,0.0
pronostia,ctl_EC,43,Full_Test_Set_Bearing3_3,0.2659941613674164,0.1919591277837753,-0.0577689957213837,0.88,0.12,0.0
pronostia,ctl_EC,44,Full_Test_Set_Bearing3_3,0.2273307591676712,0.1640570312738418,-0.6117687878869691,0.88,0.12,0.0
pronostia,ctl_EC,42,Learning_set_Bearing1_1,0.1939134001731872,0.9055755734443665,-0.8337972773114762,0.88,0.12,0.0767035319300749
pronostia,ctl_EC,43,Learning_set_Bearing1_1,0.2118037492036819,0.989123523235321,-0.8895019855900763,0.88,0.12,0.0767035319300749
pronostia,ctl_EC,44,Learning_set_Bearing1_1,0.1980350166559219,0.9248235821723938,-0.8979532965081272,0.88,0.12,0.0767035319300749
pronostia,ctl_EC,42,Learning_set_Bearing1_2,0.2648648023605346,0.3840539455413818,-0.0486905000795553,0.88,0.12,0.0
pronostia,ctl_EC,43,Learning_set_Bearing1_2,0.266208678483963,0.3860026001930237,-0.1418447435589655,0.88,0.12,0.0
pronostia,ctl_EC,44,Learning_set_Bearing1_2,0.254028171300888,0.3683408498764038,-0.34325768619519,0.88,0.12,0.0
pronostia,ctl_EC,42,Learning_set_Bearing2_1,0.297736257314682,0.451566606760025,-0.2823275904059482,0.88,0.12,0.0
pronostia,ctl_EC,43,Learning_set_Bearing2_1,0.2960369288921356,0.4489892721176147,-0.2031818538822544,0.88,0.12,0.0
pronostia,ctl_EC,44,Learning_set_Bearing2_1,0.3017808198928833,0.4577009677886963,-0.1037181675457016,0.88,0.12,0.0
pronostia,ctl_EC,42,Learning_set_Bearing2_2,0.3657880127429962,0.4852788150310516,-0.673080054605086,0.88,0.12,0.0
pronostia,ctl_EC,43,Learning_set_Bearing2_2,0.3460217714309692,0.4590555429458618,-0.6237569015380232,0.88,0.12,0.0
pronostia,ctl_EC,44,Learning_set_Bearing2_2,0.3679676353931427,0.4881703853607178,-0.7182637536607432,0.88,0.12,0.0
pronostia,ctl_EC,42,Learning_set_Bearing3_1,0.2673110067844391,0.2289964109659195,-0.0281372223234687,0.87,0.13,0.0
pronostia,ctl_EC,43,Learning_set_Bearing3_1,0.2737395763397217,0.2345035672187805,-0.0671479367030844,0.87,0.13,0.0
pronostia,ctl_EC,44,Learning_set_Bearing3_1,0.2641082406044006,0.2262527346611023,0.0126759921538579,0.87,0.13,0.0
pronostia,ctl_EC,42,Learning_set_Bearing3_2,0.2814977467060089,0.7675505876541138,-0.1414505305487892,0.89,0.11,0.1111789859499083
pronostia,ctl_EC,43,Learning_set_Bearing3_2,0.2733316123485565,0.7452841997146606,-0.1671822211930235,0.89,0.11,0.1111789859499083
pronostia,ctl_EC,44,Learning_set_Bearing3_2,0.2897197306156158,0.7899692058563232,-0.0016510254481746,0.89,0.11,0.1111789859499083
pronostia,ctl_elapsed,42,Full_Test_Set_Bearing1_3,0.1332551687955856,0.5272462964057922,-0.7343189077422537,0.86,0.14,0.2164210526315789
pronostia,ctl_elapsed,43,Full_Test_Set_Bearing1_3,0.1124783456325531,0.4450393617153168,-0.8207385603604824,0.86,0.14,0.2164210526315789
pronostia,ctl_elapsed,44,Full_Test_Set_Bearing1_3,0.161353051662445,0.6384202837944031,-0.8110350351747663,0.86,0.14,0.2164210526315789
pronostia,ctl_elapsed,42,Full_Test_Set_Bearing1_4,0.1496842354536056,0.3559989929199219,-0.5698959640588728,0.87,0.13,0.1953781512605042
pronostia,ctl_elapsed,43,Full_Test_Set_Bearing1_4,0.1850114315748214,0.4400188028812408,-0.4846833521902195,0.87,0.13,0.1953781512605042
pronostia,ctl_elapsed,44,Full_Test_Set_Bearing1_4,0.2123555392026901,0.5050522685050964,-0.5140083707903862,0.87,0.13,0.1953781512605042
pronostia,ctl_elapsed,42,Full_Test_Set_Bearing1_5,0.2571864426136017,1.0553216934204102,0.1308459149322051,0.88,0.12,0.0012180267965895
pronostia,ctl_elapsed,43,Full_Test_Set_Bearing1_5,0.230131059885025,0.9443044066429138,-0.4751980345120938,0.88,0.12,0.0012180267965895
pronostia,ctl_elapsed,44,Full_Test_Set_Bearing1_5,0.2392618805170059,0.9817712306976318,-0.1878797020765321,0.88,0.12,0.0012180267965895
pronostia,ctl_elapsed,42,Full_Test_Set_Bearing1_6,0.2101272642612457,0.8569689989089966,0.1694325427747306,0.88,0.12,0.0
pronostia,ctl_elapsed,43,Full_Test_Set_Bearing1_6,0.2786837816238403,1.1365652084350586,0.0034486631494587,0.88,0.12,0.0
pronostia,ctl_elapsed,44,Full_Test_Set_Bearing1_6,0.2820073664188385,1.1501199007034302,0.0791480241502358,0.88,0.12,0.0
pronostia,ctl_elapsed,42,Full_Test_Set_Bearing1_7,0.2320186197757721,0.8731634616851807,0.0506636891984037,0.88,0.12,0.0004426737494466
pronostia,ctl_elapsed,43,Full_Test_Set_Bearing1_7,0.2251691818237304,0.8473865985870361,-0.7094872819503163,0.88,0.12,0.0004426737494466
pronostia,ctl_elapsed,44,Full_Test_Set_Bearing1_7,0.2892252504825592,1.0884511470794678,-0.4446891346595704,0.88,0.12,0.0004426737494466
pronostia,ctl_elapsed,42,Full_Test_Set_Bearing2_3,0.2903607785701751,0.9456083178520204,0.0452027921737747,0.87,0.13,0.0
pronostia,ctl_elapsed,43,Full_Test_Set_Bearing2_3,0.2845755517482757,0.9267677664756776,0.2628173089329725,0.87,0.13,0.0
pronostia,ctl_elapsed,44,Full_Test_Set_Bearing2_3,0.2391436547040939,0.7788112163543701,0.0834801570856113,0.87,0.13,0.0
pronostia,ctl_elapsed,42,Full_Test_Set_Bearing2_4,0.3011055290699005,0.3763819336891174,0.2035833381121147,0.88,0.12,0.0
pronostia,ctl_elapsed,43,Full_Test_Set_Bearing2_4,0.2668540477752685,0.3335675001144409,-0.0157344568820621,0.88,0.12,0.0
pronostia,ctl_elapsed,44,Full_Test_Set_Bearing2_4,0.2540512681007385,0.3175640702247619,-0.1407442909625951,0.88,0.12,0.0
pronostia,ctl_elapsed,42,Full_Test_Set_Bearing2_5,0.2365467548370361,0.9107049703598022,0.1649012335713847,0.86,0.14,0.0
pronostia,ctl_elapsed,43,Full_Test_Set_Bearing2_5,0.2488156408071518,0.9579402208328248,-0.046257980986831,0.86,0.14,0.0
pronostia,ctl_elapsed,44,Full_Test_Set_Bearing2_5,0.2360384464263916,0.9087480306625366,0.0544115585942122,0.86,0.14,0.0
pronostia,ctl_elapsed,42,Full_Test_Set_Bearing2_6,0.2692725658416748,0.3141513466835022,-0.1614547751993064,0.88,0.12,0.0
pronostia,ctl_elapsed,43,Full_Test_Set_Bearing2_6,0.2769488394260406,0.3231070041656494,0.2017366282438233,0.88,0.12,0.0
pronostia,ctl_elapsed,44,Full_Test_Set_Bearing2_6,0.2775976955890655,0.3238639831542969,-0.0607320261536107,0.88,0.12,0.0
pronostia,ctl_elapsed,42,Full_Test_Set_Bearing2_7,0.2692207098007202,0.1027525663375854,-0.2804459978955305,0.88,0.12,0.0
pronostia,ctl_elapsed,43,Full_Test_Set_Bearing2_7,0.2684158086776733,0.1024453714489936,-0.1356308798706449,0.88,0.12,0.0
pronostia,ctl_elapsed,44,Full_Test_Set_Bearing2_7,0.276197224855423,0.1054152771830558,-0.3187627882017954,0.88,0.12,0.0
pronostia,ctl_elapsed,42,Full_Test_Set_Bearing3_3,0.2254056334495544,0.1626677513122558,-0.3436723227093048,0.88,0.12,0.0
pronostia,ctl_elapsed,43,Full_Test_Set_Bearing3_3,0.2751173675060272,0.1985430419445037,-0.5419428326727963,0.88,0.12,0.0
pronostia,ctl_elapsed,44,Full_Test_Set_Bearing3_3,0.2558972835540771,0.184672549366951,-0.5013623867184744,0.88,0.12,0.0
pronostia,ctl_elapsed,42,Learning_set_Bearing1_1,0.1938649713993072,0.9053493738174438,-0.7425925390390866,0.88,0.12,0.0767035319300749
pronostia,ctl_elapsed,43,Learning_set_Bearing1_1,0.2084796577692031,0.9736000895500184,-0.7693390547419422,0.88,0.12,0.0767035319300749
pronostia,ctl_elapsed,44,Learning_set_Bearing1_1,0.2273997962474823,1.0619570016860962,-0.6455276304016918,0.88,0.12,0.0767035319300749
pronostia,ctl_elapsed,42,Learning_set_Bearing1_2,0.2711628973484039,0.3931862115859985,-0.1709346600224038,0.88,0.12,0.0
pronostia,ctl_elapsed,43,Learning_set_Bearing1_2,0.276459276676178,0.4008659720420837,-0.223112945036842,0.88,0.12,0.0
pronostia,ctl_elapsed,44,Learning_set_Bearing1_2,0.2631649076938629,0.3815891444683075,-0.0458221178672147,0.88,0.12,0.0
pronostia,ctl_elapsed,42,Learning_set_Bearing2_1,0.2999312579631805,0.4548957645893097,-0.3292420336311678,0.88,0.12,0.0
pronostia,ctl_elapsed,43,Learning_set_Bearing2_1,0.3036707937717438,0.4605673551559448,-0.1001058582241328,0.88,0.12,0.0
pronostia,ctl_elapsed,44,Learning_set_Bearing2_1,0.2883027195930481,0.4372590780258178,-0.3025062198795268,0.88,0.12,0.0
pronostia,ctl_elapsed,42,Learning_set_Bearing2_2,0.293001651763916,0.3887155652046203,-0.7455476634037308,0.88,0.12,0.0
pronostia,ctl_elapsed,43,Learning_set_Bearing2_2,0.3354943990707397,0.4450892806053161,-0.6502480614188949,0.88,0.12,0.0
pronostia,ctl_elapsed,44,Learning_set_Bearing2_2,0.3441343903541565,0.4565516710281372,-0.7657515066259439,0.88,0.12,0.0
pronostia,ctl_elapsed,42,Learning_set_Bearing3_1,0.2466575056314468,0.2113032639026641,-0.0760198004182812,0.87,0.13,0.0
pronostia,ctl_elapsed,43,Learning_set_Bearing3_1,0.2362876236438751,0.2024197280406952,-0.1046163344884481,0.87,0.13,0.0
pronostia,ctl_elapsed,44,Learning_set_Bearing3_1,0.2383419275283813,0.2041795998811721,-0.0402479538970579,0.87,0.13,0.0
pronostia,ctl_elapsed,42,Learning_set_Bearing3_2,0.2368228137493133,0.6457369923591614,-0.3220516687313777,0.89,0.11,0.1111789859499083
pronostia,ctl_elapsed,43,Learning_set_Bearing3_2,0.2602708339691162,0.7096719145774841,-0.0195487700281786,0.89,0.11,0.1111789859499083
pronostia,ctl_elapsed,44,Learning_set_Bearing3_2,0.2825186848640442,0.7703343629837036,-0.0598951374367254,0.89,0.11,0.1111789859499083
pronostia,ctl_hc10,42,Full_Test_Set_Bearing1_3,0.1785905510187149,0.7066232562065125,-0.8119215167601083,0.86,0.14,0.2164210526315789
pronostia,ctl_hc10,43,Full_Test_Set_Bearing1_3,0.09776521474123,0.386824369430542,-0.873638586235353,0.86,0.14,0.2164210526315789
pronostia,ctl_hc10,44,Full_Test_Set_Bearing1_3,0.1880381256341934,0.7440041899681091,-0.7751823847270322,0.86,0.14,0.2164210526315789
pronostia,ctl_hc10,42,Full_Test_Set_Bearing1_4,0.2185056209564209,0.5196792483329773,-0.5318184822467027,0.87,0.13,0.1953781512605042
pronostia,ctl_hc10,43,Full_Test_Set_Bearing1_4,0.2161732316017151,0.514132022857666,-0.5500725577339522,0.87,0.13,0.1953781512605042
pronostia,ctl_hc10,44,Full_Test_Set_Bearing1_4,0.2127925753593444,0.5060916543006897,-0.5785419352067761,0.87,0.13,0.1953781512605042
pronostia,ctl_hc10,42,Full_Test_Set_Bearing1_5,0.284246414899826,1.1663579940795898,0.1817450069997302,0.88,0.12,0.0012180267965895
pronostia,ctl_hc10,43,Full_Test_Set_Bearing1_5,0.286442220211029,1.175368070602417,0.1286149138951198,0.88,0.12,0.0012180267965895
pronostia,ctl_hc10,44,Full_Test_Set_Bearing1_5,0.2856683135032654,1.1721923351287842,0.2861053986271958,0.88,0.12,0.0012180267965895
pronostia,ctl_hc10,42,Full_Test_Set_Bearing1_6,0.2757055759429931,1.1244192123413086,0.0698583489029048,0.88,0.12,0.0
pronostia,ctl_hc10,43,Full_Test_Set_Bearing1_6,0.2864246368408203,1.1681350469589231,-0.1001083508031902,0.88,0.12,0.0
pronostia,ctl_hc10,44,Full_Test_Set_Bearing1_6,0.2756499052047729,1.1241923570632937,0.1230420308321337,0.88,0.12,0.0
pronostia,ctl_hc10,42,Full_Test_Set_Bearing1_7,0.2700544893741607,1.0163050889968872,-0.2896442303124039,0.88,0.12,0.0004426737494466
pronostia,ctl_hc10,43,Full_Test_Set_Bearing1_7,0.2733218669891357,1.0286012887954712,-0.3643386853381954,0.88,0.12,0.0004426737494466
pronostia,ctl_hc10,44,Full_Test_Set_Bearing1_7,0.2707129120826721,1.0187829732894895,-0.7184896239956656,0.88,0.12,0.0004426737494466
pronostia,ctl_hc10,42,Full_Test_Set_Bearing2_3,0.3167764842510223,1.0316354036331177,0.0753707262657643,0.87,0.13,0.0
pronostia,ctl_hc10,43,Full_Test_Set_Bearing2_3,0.3083749413490295,1.0042743682861328,0.0959463990567436,0.87,0.13,0.0
pronostia,ctl_hc10,44,Full_Test_Set_Bearing2_3,0.3127347826957702,1.0184730291366575,-0.0132609752770298,0.87,0.13,0.0
pronostia,ctl_hc10,42,Full_Test_Set_Bearing2_4,0.2958639860153198,0.3698299825191498,0.1298943289755618,0.88,0.12,0.0
pronostia,ctl_hc10,43,Full_Test_Set_Bearing2_4,0.2916558086872101,0.3645697832107544,0.042887224900794,0.88,0.12,0.0
pronostia,ctl_hc10,44,Full_Test_Set_Bearing2_4,0.2934947907924652,0.3668684959411621,0.0294136630685505,0.88,0.12,0.0
pronostia,ctl_hc10,42,Full_Test_Set_Bearing2_5,0.298177033662796,1.1479816436767578,-0.0415022357740624,0.86,0.14,0.0
pronostia,ctl_hc10,43,Full_Test_Set_Bearing2_5,0.3141496181488037,1.2094759941101074,0.3367766413151979,0.86,0.14,0.0
pronostia,ctl_hc10,44,Full_Test_Set_Bearing2_5,0.3116592168807983,1.1998881101608276,0.2595230836862565,0.86,0.14,0.0
pronostia,ctl_hc10,42,Full_Test_Set_Bearing2_6,0.2804638147354126,0.3272078037261963,-0.1127855254785249,0.88,0.12,0.0
pronostia,ctl_hc10,43,Full_Test_Set_Bearing2_6,0.2790443003177643,0.325551688671112,-0.1600586427049216,0.88,0.12,0.0
pronostia,ctl_hc10,44,Full_Test_Set_Bearing2_6,0.2824518382549286,0.3295271694660187,0.0014518441317917,0.88,0.12,0.0
pronostia,ctl_hc10,42,Full_Test_Set_Bearing2_7,0.2645058035850525,0.1009530499577522,-0.2428078501927261,0.88,0.12,0.0
pronostia,ctl_hc10,43,Full_Test_Set_Bearing2_7,0.2610603868961334,0.0996380597352981,-0.1155639974388463,0.88,0.12,0.0
pronostia,ctl_hc10,44,Full_Test_Set_Bearing2_7,0.2693443596363067,0.1027997657656669,-0.3099958177577594,0.88,0.12,0.0
pronostia,ctl_hc10,42,Full_Test_Set_Bearing3_3,0.2513030767440796,0.1813570708036422,-0.4298798029919362,0.88,0.12,0.0
pronostia,ctl_hc10,43,Full_Test_Set_Bearing3_3,0.2608458697795868,0.1882437914609909,-0.5917994949423361,0.88,0.12,0.0
pronostia,ctl_hc10,44,Full_Test_Set_Bearing3_3,0.2058788239955902,0.1485758870840072,-0.6056449448546681,0.88,0.12,0.0
pronostia,ctl_hc10,42,Learning_set_Bearing1_1,0.2407949864864349,1.1245126724243164,-0.8605084102657314,0.88,0.12,0.0767035319300749
pronostia,ctl_hc10,43,Learning_set_Bearing1_1,0.2332432717084884,1.0892459154129028,-0.8714967821950428,0.88,0.12,0.0767035319300749
pronostia,ctl_hc10,44,Learning_set_Bearing1_1,0.2585290670394897,1.2073307037353516,-0.8853480559403066,0.88,0.12,0.0767035319300749
pronostia,ctl_hc10,42,Learning_set_Bearing1_2,0.288315087556839,0.4180568754673004,-0.1781310760175219,0.88,0.12,0.0
pronostia,ctl_hc10,43,Learning_set_Bearing1_2,0.2729162573814392,0.395728588104248,-0.1890259877549078,0.88,0.12,0.0
pronostia,ctl_hc10,44,Learning_set_Bearing1_2,0.2704200446605682,0.3921090364456177,-0.3344048204784242,0.88,0.12,0.0
pronostia,ctl_hc10,42,Learning_set_Bearing2_1,0.2889750003814697,0.4382787942886352,-0.3018767492296766,0.88,0.12,0.0
pronostia,ctl_hc10,43,Learning_set_Bearing2_1,0.2741315364837646,0.4157661199569702,-0.0254387670044964,0.88,0.12,0.0
pronostia,ctl_hc10,44,Learning_set_Bearing2_1,0.2847797572612762,0.4319159388542175,-0.3576232988747976,0.88,0.12,0.0
pronostia,ctl_hc10,42,Learning_set_Bearing2_2,0.2701638340950012,0.3584173619747162,-0.7150385164543324,0.88,0.12,0.0
pronostia,ctl_hc10,43,Learning_set_Bearing2_2,0.3514073491096496,0.4662004709243774,-0.7580718980160035,0.88,0.12,0.0
pronostia,ctl_hc10,44,Learning_set_Bearing2_2,0.2913851141929626,0.3865709602832794,-0.791999291744204,0.88,0.12,0.0
pronostia,ctl_hc10,42,Learning_set_Bearing3_1,0.2672294080257416,0.2289265394210815,-0.248554559825471,0.87,0.13,0.0
pronostia,ctl_hc10,43,Learning_set_Bearing3_1,0.2603359818458557,0.2230211645364761,-0.095508472456257,0.87,0.13,0.0
pronostia,ctl_hc10,44,Learning_set_Bearing3_1,0.2677597999572754,0.2293809205293655,-0.1364643173872837,0.87,0.13,0.0
pronostia,ctl_hc10,42,Learning_set_Bearing3_2,0.2738895416259765,0.7468056082725525,0.0715448693479687,0.89,0.11,0.1111789859499083
pronostia,ctl_hc10,43,Learning_set_Bearing3_2,0.2701430320739746,0.7365900278091431,-0.0652914656168942,0.89,0.11,0.1111789859499083
pronostia,ctl_hc10,44,Learning_set_Bearing3_2,0.2664080262184143,0.726405918598175,-0.1645751489925764,0.89,0.11,0.1111789859499083
pronostia,ctl_lifefrac,42,Full_Test_Set_Bearing1_3,0.0539066046476364,0.2132904678583145,-0.7980891114498608,0.86,0.14,0.2164210526315789
pronostia,ctl_lifefrac,43,Full_Test_Set_Bearing1_3,0.0627341791987419,0.2482182383537292,-0.8330936657908308,0.86,0.14,0.2164210526315789
pronostia,ctl_lifefrac,44,Full_Test_Set_Bearing1_3,0.0520050004124641,0.2057664543390274,-0.8325733627369932,0.86,0.14,0.2164210526315789
pronostia,ctl_lifefrac,42,Full_Test_Set_Bearing1_4,0.1045964807271957,0.2487652748823166,-0.5681884999611588,0.87,0.13,0.1953781512605042
pronostia,ctl_lifefrac,43,Full_Test_Set_Bearing1_4,0.0591862872242927,0.1407647132873535,-0.4961488458193634,0.87,0.13,0.1953781512605042
pronostia,ctl_lifefrac,44,Full_Test_Set_Bearing1_4,0.1015872359275817,0.2416083067655563,-0.6060123077958302,0.87,0.13,0.1953781512605042
pronostia,ctl_lifefrac,42,Full_Test_Set_Bearing1_5,0.1226352676749229,0.5032134056091309,0.0587731337628082,0.88,0.12,0.0012180267965895
pronostia,ctl_lifefrac,43,Full_Test_Set_Bearing1_5,0.1443746536970138,0.5924173593521118,-0.2922910855859348,0.88,0.12,0.0012180267965895
pronostia,ctl_lifefrac,44,Full_Test_Set_Bearing1_5,0.0994405895471572,0.408037930727005,-0.2653105575540636,0.88,0.12,0.0012180267965895
pronostia,ctl_lifefrac,42,Full_Test_Set_Bearing1_6,0.0842891260981559,0.3437591791152954,0.1402591294285393,0.88,0.12,0.0
pronostia,ctl_lifefrac,43,Full_Test_Set_Bearing1_6,0.1367450505495071,0.5576918721199036,0.1282623576042962,0.88,0.12,0.0
pronostia,ctl_lifefrac,44,Full_Test_Set_Bearing1_6,0.1054830104112625,0.4301948249340057,0.0441198122032289,0.88,0.12,0.0
pronostia,ctl_lifefrac,42,Full_Test_Set_Bearing1_7,0.0836154147982597,0.3146726787090301,-0.0787032532382891,0.88,0.12,0.0004426737494466
pronostia,ctl_lifefrac,43,Full_Test_Set_Bearing1_7,0.13770492374897,0.5182294845581055,-0.6640172669463239,0.88,0.12,0.0004426737494466
pronostia,ctl_lifefrac,44,Full_Test_Set_Bearing1_7,0.0928631871938705,0.3494751453399658,-0.6891749197122173,0.88,0.12,0.0004426737494466
pronostia,ctl_lifefrac,42,Full_Test_Set_Bearing2_3,0.1081064641475677,0.3520667552947998,0.0261773057290613,0.87,0.13,0.0
pronostia,ctl_lifefrac,43,Full_Test_Set_Bearing2_3,0.136337548494339,0.444005936384201,0.2189253281195955,0.87,0.13,0.0
pronostia,ctl_lifefrac,44,Full_Test_Set_Bearing2_3,0.0748246237635612,0.2436788529157638,0.265688188954668,0.87,0.13,0.0
pronostia,ctl_lifefrac,42,Full_Test_Set_Bearing2_4,0.2983711063861847,0.3729638457298279,-0.0185372650555515,0.88,0.12,0.0
pronostia,ctl_lifefrac,43,Full_Test_Set_Bearing2_4,0.0764933973550796,0.0956167429685592,0.0809610110479551,0.88,0.12,0.0
pronostia,ctl_lifefrac,44,Full_Test_Set_Bearing2_4,0.0742465332150459,0.0928081721067428,0.0968846227297874,0.88,0.12,0.0
pronostia,ctl_lifefrac,42,Full_Test_Set_Bearing2_5,0.085403025150299,0.328801691532135,0.2237728274758884,0.86,0.14,0.0
pronostia,ctl_lifefrac,43,Full_Test_Set_Bearing2_5,0.1375772505998611,0.5296724438667297,0.0249490460548866,0.86,0.14,0.0
pronostia,ctl_lifefrac,44,Full_Test_Set_Bearing2_5,0.0738138258457183,0.2841832637786865,0.373141299172774,0.86,0.14,0.0
pronostia,ctl_lifefrac,42,Full_Test_Set_Bearing2_6,0.0752958282828331,0.0878451392054557,0.0900459543373075,0.88,0.12,0.0
pronostia,ctl_lifefrac,43,Full_Test_Set_Bearing2_6,0.0607909336686134,0.0709227621555328,-0.2310739398743203,0.88,0.12,0.0
pronostia,ctl_lifefrac,44,Full_Test_Set_Bearing2_6,0.0601055510342121,0.0701231509447097,-0.1573241721101585,0.88,0.12,0.0
pronostia,ctl_lifefrac,42,Full_Test_Set_Bearing2_7,0.0707225203514099,0.0269924327731132,-0.4225289860221627,0.88,0.12,0.0
pronostia,ctl_lifefrac,43,Full_Test_Set_Bearing2_7,0.0572075210511684,0.0218342076987028,-0.4439864002379977,0.88,0.12,0.0
pronostia,ctl_lifefrac,44,Full_Test_Set_Bearing2_7,0.0644824281334877,0.024610798805952,-0.0880117927018517,0.88,0.12,0.0
pronostia,ctl_lifefrac,42,Full_Test_Set_Bearing3_3,0.0930866152048111,0.0671775043010711,-0.4092266397980171,0.88,0.12,0.0
pronostia,ctl_lifefrac,43,Full_Test_Set_Bearing3_3,0.0985561087727546,0.0711246505379676,-0.511677440981976,0.88,0.12,0.0
pronostia,ctl_lifefrac,44,Full_Test_Set_Bearing3_3,0.1888003349304199,0.1362509131431579,-0.5808749845855038,0.88,0.12,0.0
pronostia,ctl_lifefrac,42,Learning_set_Bearing1_1,0.2155513018369674,1.0066245794296265,-0.8299383429287163,0.88,0.12,0.0767035319300749
pronostia,ctl_lifefrac,43,Learning_set_Bearing1_1,0.0861891731619834,0.4025034606456756,-0.9020426313452824,0.88,0.12,0.0767035319300749
pronostia,ctl_lifefrac,44,Learning_set_Bearing1_1,0.18997822701931,0.8871983289718628,-0.8304457968552705,0.88,0.12,0.0767035319300749
pronostia,ctl_lifefrac,42,Learning_set_Bearing1_2,0.0983542054891586,0.1426136046648025,-0.2077477955160613,0.88,0.12,0.0
pronostia,ctl_lifefrac,43,Learning_set_Bearing1_2,0.2623960077762604,0.380474179983139,-0.1387420569124538,0.88,0.12,0.0
pronostia,ctl_lifefrac,44,Learning_set_Bearing1_2,0.2484951019287109,0.3603179156780243,-0.2899313366733149,0.88,0.12,0.0
pronostia,ctl_lifefrac,42,Learning_set_Bearing2_1,0.2998065948486328,0.4547066688537597,-0.2556023190569116,0.88,0.12,0.0
pronostia,ctl_lifefrac,43,Learning_set_Bearing2_1,0.1316395699977874,0.1996533721685409,-0.2849859884022813,0.88,0.12,0.0
pronostia,ctl_lifefrac,44,Learning_set_Bearing2_1,0.1323368549346923,0.2007108926773071,-0.3361867147780947,0.88,0.12,0.0
pronostia,ctl_lifefrac,42,Learning_set_Bearing2_2,0.1131727248430252,0.1501424610614776,-0.7801947617814752,0.88,0.12,0.0
pronostia,ctl_lifefrac,43,Learning_set_Bearing2_2,0.1640602648258209,0.2176532745361328,-0.7529347902359811,0.88,0.12,0.0
pronostia,ctl_lifefrac,44,Learning_set_Bearing2_2,0.1654772758483886,0.2195331901311874,-0.7188393729787728,0.88,0.12,0.0
pronostia,ctl_lifefrac,42,Learning_set_Bearing3_1,0.0934887155890464,0.0800886824727058,-0.0363267829907306,0.87,0.13,0.0
pronostia,ctl_lifefrac,43,Learning_set_Bearing3_1,0.0730299353599548,0.0625623166561126,0.058475911396736,0.87,0.13,0.0
pronostia,ctl_lifefrac,44,Learning_set_Bearing3_1,0.0796168074011802,0.0682050585746765,-0.3056006323162762,0.87,0.13,0.0
pronostia,ctl_lifefrac,42,Learning_set_Bearing3_2,0.1080064848065376,0.2944976985454559,-0.1237915027281772,0.89,0.11,0.1111789859499083
pronostia,ctl_lifefrac,43,Learning_set_Bearing3_2,0.13249172270298,0.3612608015537262,-0.1847995454622084,0.89,0.11,0.1111789859499083
pronostia,ctl_lifefrac,44,Learning_set_Bearing3_2,0.1240841373801231,0.3383361101150512,-0.1615306037917776,0.89,0.11,0.1111789859499083
pronostia,ctl_nodeg,42,Full_Test_Set_Bearing1_3,0.198921650648117,0.787066638469696,-0.8047883655735429,0.86,0.14,0.2164210526315789
pronostia,ctl_nodeg,43,Full_Test_Set_Bearing1_3,0.1691869050264358,0.6694162487983704,-0.8526633776224742,0.86,0.14,0.2164210526315789
pronostia,ctl_nodeg,44,Full_Test_Set_Bearing1_3,0.1553626060485839,0.6147180795669556,-0.8572739254964354,0.86,0.14,0.2164210526315789
pronostia,ctl_nodeg,42,Full_Test_Set_Bearing1_4,0.1979290544986724,0.4707412421703338,-0.5451379400890269,0.87,0.13,0.1953781512605042
pronostia,ctl_nodeg,43,Full_Test_Set_Bearing1_4,0.1952370107173919,0.4643387198448181,-0.4590016184154393,0.87,0.13,0.1953781512605042
pronostia,ctl_nodeg,44,Full_Test_Set_Bearing1_4,0.240738570690155,0.5725564956665039,-0.5481896654070363,0.87,0.13,0.1953781512605042
pronostia,ctl_nodeg,42,Full_Test_Set_Bearing1_5,0.2877872884273529,1.180887222290039,0.2652530061876443,0.88,0.12,0.0012180267965895
pronostia,ctl_nodeg,43,Full_Test_Set_Bearing1_5,0.290595680475235,1.1924110651016235,0.2197631237276062,0.88,0.12,0.0012180267965895
pronostia,ctl_nodeg,44,Full_Test_Set_Bearing1_5,0.2902669906616211,1.191062331199646,0.1981831389915526,0.88,0.12,0.0012180267965895
pronostia,ctl_nodeg,42,Full_Test_Set_Bearing1_6,0.2761940956115722,1.12641179561615,0.1573796725235141,0.88,0.12,0.0
pronostia,ctl_nodeg,43,Full_Test_Set_Bearing1_6,0.2839938998222351,1.15822172164917,0.0097201030162226,0.88,0.12,0.0
pronostia,ctl_nodeg,44,Full_Test_Set_Bearing1_6,0.2756577134132385,1.1242239475250244,0.1593607598974994,0.88,0.12,0.0
pronostia,ctl_nodeg,42,Full_Test_Set_Bearing1_7,0.2960995733737945,1.1143213510513306,0.1483661781667457,0.88,0.12,0.0004426737494466
pronostia,ctl_nodeg,43,Full_Test_Set_Bearing1_7,0.2769964635372162,1.0424299240112305,-0.2264842418929637,0.88,0.12,0.0004426737494466
pronostia,ctl_nodeg,44,Full_Test_Set_Bearing1_7,0.282137393951416,1.061777114868164,-0.4832732826136804,0.88,0.12,0.0004426737494466
pronostia,ctl_nodeg,42,Full_Test_Set_Bearing2_3,0.3005841374397278,0.978902280330658,0.0618335055949615,0.87,0.13,0.0
pronostia,ctl_nodeg,43,Full_Test_Set_Bearing2_3,0.3023004233837127,0.984491765499115,0.3137952383285616,0.87,0.13,0.0
pronostia,ctl_nodeg,44,Full_Test_Set_Bearing2_3,0.3092689216136932,1.0071858167648315,0.054432116857059,0.87,0.13,0.0
pronostia,ctl_nodeg,42,Full_Test_Set_Bearing2_4,0.2968169450759887,0.3710211813449859,0.1769433978765416,0.88,0.12,0.0
pronostia,ctl_nodeg,43,Full_Test_Set_Bearing2_4,0.2885584831237793,0.3606980741024017,0.0567530636823122,0.88,0.12,0.0
pronostia,ctl_nodeg,44,Full_Test_Set_Bearing2_4,0.2888477444648742,0.361059695482254,0.0393330529889211,0.88,0.12,0.0
pronostia,ctl_nodeg,42,Full_Test_Set_Bearing2_5,0.316953957080841,1.2202727794647217,0.2425541704120204,0.86,0.14,0.0
pronostia,ctl_nodeg,43,Full_Test_Set_Bearing2_5,0.3105878233909607,1.1957632303237915,-0.0056670827657049,0.86,0.14,0.0
pronostia,ctl_nodeg,44,Full_Test_Set_Bearing2_5,0.3038428723812103,1.1697951555252075,0.402847667521278,0.86,0.14,0.0
pronostia,ctl_nodeg,42,Full_Test_Set_Bearing2_6,0.2784981727600097,0.3249145448207855,0.2381903424708649,0.88,0.12,0.0
pronostia,ctl_nodeg,43,Full_Test_Set_Bearing2_6,0.2770095467567444,0.3231778144836426,0.1882277664778882,0.88,0.12,0.0
pronostia,ctl_nodeg,44,Full_Test_Set_Bearing2_6,0.2908832132816314,0.3393637835979461,-0.1264885609931183,0.88,0.12,0.0
pronostia,ctl_nodeg,42,Full_Test_Set_Bearing2_7,0.2738520503044128,0.1045202016830444,-0.0896673818640769,0.88,0.12,0.0
pronostia,ctl_nodeg,43,Full_Test_Set_Bearing2_7,0.2624586224555969,0.100171722471714,0.1458735994661268,0.88,0.12,0.0
pronostia,ctl_nodeg,44,Full_Test_Set_Bearing2_7,0.2842782735824585,0.1084995418787002,-0.2262738767767474,0.88,0.12,0.0
pronostia,ctl_nodeg,42,Full_Test_Set_Bearing3_3,0.2510434985160827,0.1811697483062744,-0.5296325670565271,0.88,0.12,0.0
pronostia,ctl_nodeg,43,Full_Test_Set_Bearing3_3,0.2659589946269989,0.191933736205101,-0.5872271181256374,0.88,0.12,0.0
pronostia,ctl_nodeg,44,Full_Test_Set_Bearing3_3,0.2452696114778518,0.1770029067993164,-0.6135088858663321,0.88,0.12,0.0
pronostia,ctl_nodeg,42,Learning_set_Bearing1_1,0.2343073636293411,1.0942155122756958,-0.7563657278315804,0.88,0.12,0.0767035319300749
pronostia,ctl_nodeg,43,Learning_set_Bearing1_1,0.2055824697017669,0.960070252418518,-0.8357067528314263,0.88,0.12,0.0767035319300749
pronostia,ctl_nodeg,44,Learning_set_Bearing1_1,0.2035947740077972,0.9507876038551332,-0.8757892326815064,0.88,0.12,0.0767035319300749
pronostia,ctl_nodeg,42,Learning_set_Bearing1_2,0.2754737734794616,0.3994369804859161,-0.1875224095044678,0.88,0.12,0.0
pronostia,ctl_nodeg,43,Learning_set_Bearing1_2,0.276730328798294,0.4012590050697326,-0.0680181873648695,0.88,0.12,0.0
pronostia,ctl_nodeg,44,Learning_set_Bearing1_2,0.2536490857601166,0.3677912056446075,-0.2367269993774292,0.88,0.12,0.0
pronostia,ctl_nodeg,42,Learning_set_Bearing2_1,0.2945846021175384,0.4467866420745849,-0.2989766906214904,0.88,0.12,0.0
pronostia,ctl_nodeg,43,Learning_set_Bearing2_1,0.2930825352668762,0.4445085227489471,0.0221838141795857,0.88,0.12,0.0
pronostia,ctl_nodeg,44,Learning_set_Bearing2_1,0.2914763689041137,0.4420724809169769,-0.2023853181023287,0.88,0.12,0.0
pronostia,ctl_nodeg,42,Learning_set_Bearing2_2,0.3840864300727844,0.5095546245574951,-0.7066235662375834,0.88,0.12,0.0
pronostia,ctl_nodeg,43,Learning_set_Bearing2_2,0.3227694034576416,0.4282074272632599,-0.7368150770288341,0.88,0.12,0.0
pronostia,ctl_nodeg,44,Learning_set_Bearing2_2,0.3051453530788421,0.4048261642456054,-0.7597740827204755,0.88,0.12,0.0
pronostia,ctl_nodeg,42,Learning_set_Bearing3_1,0.2699559032917022,0.23126220703125,-0.0671935417317402,0.87,0.13,0.0
pronostia,ctl_nodeg,43,Learning_set_Bearing3_1,0.2754392027854919,0.2359596043825149,-0.0470915480114806,0.87,0.13,0.0
pronostia,ctl_nodeg,44,Learning_set_Bearing3_1,0.2696288526058197,0.2309820353984832,0.0602189651651323,0.87,0.13,0.0
pronostia,ctl_nodeg,42,Learning_set_Bearing3_2,0.2797017097473144,0.7626534104347229,-0.2755877032695735,0.89,0.11,0.1111789859499083
pronostia,ctl_nodeg,43,Learning_set_Bearing3_2,0.274613618850708,0.7487798929214478,-0.1352777275537624,0.89,0.11,0.1111789859499083
pronostia,ctl_nodeg,44,Learning_set_Bearing3_2,0.2747713923454284,0.749210000038147,-0.1857278448685599,0.89,0.11,0.1111789859499083
pronostia,ctl_random,42,Full_Test_Set_Bearing1_3,0.201399952173233,0.7968724966049194,-0.8444766572429634,0.86,0.14,0.2164210526315789
pronostia,ctl_random,43,Full_Test_Set_Bearing1_3,0.1258567720651626,0.4979733228683471,-0.8479445725059485,0.86,0.14,0.2164210526315789
pronostia,ctl_random,44,Full_Test_Set_Bearing1_3,0.1894953399896621,0.7497698664665222,-0.7911865618454783,0.86,0.14,0.2164210526315789
pronostia,ctl_random,42,Full_Test_Set_Bearing1_4,0.2106198817491531,0.5009243488311768,-0.4976586795320458,0.87,0.13,0.1953781512605042
pronostia,ctl_random,43,Full_Test_Set_Bearing1_4,0.1992683261632919,0.4739264845848083,-0.5290496291425084,0.87,0.13,0.1953781512605042
pronostia,ctl_random,44,Full_Test_Set_Bearing1_4,0.1974906772375106,0.4696986973285675,-0.6018258570011641,0.87,0.13,0.1953781512605042
pronostia,ctl_random,42,Full_Test_Set_Bearing1_5,0.2892107367515564,1.1867281198501587,0.0176219345337095,0.88,0.12,0.0012180267965895
pronostia,ctl_random,43,Full_Test_Set_Bearing1_5,0.2865408062934875,1.1757725477218628,0.2050845207976175,0.88,0.12,0.0012180267965895
pronostia,ctl_random,44,Full_Test_Set_Bearing1_5,0.2902551889419555,1.1910139322280884,-0.0847542665714582,0.88,0.12,0.0012180267965895
pronostia,ctl_random,42,Full_Test_Set_Bearing1_6,0.2898571193218231,1.1821339130401611,0.1317555835049768,0.88,0.12,0.0
pronostia,ctl_random,43,Full_Test_Set_Bearing1_6,0.2842506468296051,1.159269094467163,-0.1554937655224235,0.88,0.12,0.0
pronostia,ctl_random,44,Full_Test_Set_Bearing1_6,0.2839187681674957,1.1579153537750244,0.0742208376897137,0.88,0.12,0.0
pronostia,ctl_random,42,Full_Test_Set_Bearing1_7,0.2829837799072265,1.064962387084961,-0.1203778301399956,0.88,0.12,0.0004426737494466
pronostia,ctl_random,43,Full_Test_Set_Bearing1_7,0.2723860740661621,1.0250797271728516,-0.6221672247229384,0.88,0.12,0.0004426737494466
pronostia,ctl_random,44,Full_Test_Set_Bearing1_7,0.2855041027069092,1.0744471549987793,-0.5980728015531819,0.88,0.12,0.0004426737494466
pronostia,ctl_random,42,Full_Test_Set_Bearing2_3,0.2996448278427124,0.9758434295654296,0.0916381862438655,0.87,0.13,0.0
pronostia,ctl_random,43,Full_Test_Set_Bearing2_3,0.3021253645420074,0.9839217066764832,-0.0305216490284524,0.87,0.13,0.0
pronostia,ctl_random,44,Full_Test_Set_Bearing2_3,0.2958113551139831,0.9633590579032898,0.0643874261454551,0.87,0.13,0.0
pronostia,ctl_random,42,Full_Test_Set_Bearing2_4,0.2955614924430847,0.3694519102573395,0.1803084681618541,0.88,0.12,0.0
pronostia,ctl_random,43,Full_Test_Set_Bearing2_4,0.2896777987480163,0.362097293138504,-0.0572342786375615,0.88,0.12,0.0
pronostia,ctl_random,44,Full_Test_Set_Bearing2_4,0.2864119708538055,0.3580150008201599,-0.0764548984686973,0.88,0.12,0.0
pronostia,ctl_random,42,Full_Test_Set_Bearing2_5,0.3092601299285888,1.190651535987854,0.2370148274967828,0.86,0.14,0.0
pronostia,ctl_random,43,Full_Test_Set_Bearing2_5,0.3082376420497894,1.1867151260375977,0.0924508615140226,0.86,0.14,0.0
pronostia,ctl_random,44,Full_Test_Set_Bearing2_5,0.3002457022666931,1.1559460163116455,0.2805800400288054,0.86,0.14,0.0
pronostia,ctl_random,42,Full_Test_Set_Bearing2_6,0.2897660434246063,0.3380603790283203,-0.0891218126729042,0.88,0.12,0.0
pronostia,ctl_random,43,Full_Test_Set_Bearing2_6,0.2797580361366272,0.3263843953609466,0.1583806943016834,0.88,0.12,0.0
pronostia,ctl_random,44,Full_Test_Set_Bearing2_6,0.2787061035633087,0.3251571655273437,0.0441292926507382,0.88,0.12,0.0
pronostia,ctl_random,42,Full_Test_Set_Bearing2_7,0.2853087782859802,0.10889283567667,-0.0370509619365274,0.88,0.12,0.0
pronostia,ctl_random,43,Full_Test_Set_Bearing2_7,0.2662932872772217,0.1016352921724319,-0.2866412043849656,0.88,0.12,0.0
pronostia,ctl_random,44,Full_Test_Set_Bearing2_7,0.2759818434715271,0.1053330898284912,-0.2430759659252785,0.88,0.12,0.0
pronostia,ctl_random,42,Full_Test_Set_Bearing3_3,0.282327264547348,0.2037461847066879,-0.1023432765814465,0.88,0.12,0.0
pronostia,ctl_random,43,Full_Test_Set_Bearing3_3,0.2764946222305298,0.1995369642972946,-0.5323559599300933,0.88,0.12,0.0
pronostia,ctl_random,44,Full_Test_Set_Bearing3_3,0.2788602411746979,0.2012441605329513,-0.5553734824792687,0.88,0.12,0.0
pronostia,ctl_random,42,Learning_set_Bearing1_1,0.2152454555034637,1.0051963329315186,-0.8482458648821682,0.88,0.12,0.0767035319300749
pronostia,ctl_random,43,Learning_set_Bearing1_1,0.1900185942649841,0.8873869180679321,-0.8730411558300937,0.88,0.12,0.0767035319300749
pronostia,ctl_random,44,Learning_set_Bearing1_1,0.2013224214315414,0.940175712108612,-0.8898902937821762,0.88,0.12,0.0767035319300749
pronostia,ctl_random,42,Learning_set_Bearing1_2,0.2695862352848053,0.390900045633316,-0.1523179039490689,0.88,0.12,0.0
pronostia,ctl_random,43,Learning_set_Bearing1_2,0.2688426375389099,0.3898217976093292,-0.0594780789074397,0.88,0.12,0.0
pronostia,ctl_random,44,Learning_set_Bearing1_2,0.2598298490047455,0.3767533302307129,-0.235692670465383,0.88,0.12,0.0
pronostia,ctl_random,42,Learning_set_Bearing2_1,0.3007320463657379,0.456110268831253,-0.3216245134340319,0.88,0.12,0.0
pronostia,ctl_random,43,Learning_set_Bearing2_1,0.292296439409256,0.443316251039505,-0.2533738169206666,0.88,0.12,0.0
pronostia,ctl_random,44,Learning_set_Bearing2_1,0.2705048620700836,0.4102656543254852,-0.3273649374601599,0.88,0.12,0.0
pronostia,ctl_random,42,Learning_set_Bearing2_2,0.354026049375534,0.4696744978427887,-0.7509316506903496,0.88,0.12,0.0
pronostia,ctl_random,43,Learning_set_Bearing2_2,0.2886934280395508,0.3829999566078186,-0.6324957334539286,0.88,0.12,0.0
pronostia,ctl_random,44,Learning_set_Bearing2_2,0.3861426711082458,0.51228266954422,-0.6947937108647846,0.88,0.12,0.0
pronostia,ctl_random,42,Learning_set_Bearing3_1,0.2662354409694671,0.2280750125646591,-0.2033667869378085,0.87,0.13,0.0
pronostia,ctl_random,43,Learning_set_Bearing3_1,0.2756823599338531,0.2361678779125213,0.1236382202792802,0.87,0.13,0.0
pronostia,ctl_random,44,Learning_set_Bearing3_1,0.2675392925739288,0.2291919887065887,-0.0118797440039104,0.87,0.13,0.0
pronostia,ctl_random,42,Learning_set_Bearing3_2,0.2736172974109649,0.7460633516311646,-0.0771250628056606,0.89,0.11,0.1111789859499083
pronostia,ctl_random,43,Learning_set_Bearing3_2,0.2751572728157043,0.7502622008323669,-0.1583704184009834,0.89,0.11,0.1111789859499083
pronostia,ctl_random,44,Learning_set_Bearing3_2,0.2779211103916168,0.7577983140945435,-0.1780930969866398,0.89,0.11,0.1111789859499083
pronostia,ctl_scalar,42,Full_Test_Set_Bearing1_3,0.2185243666172027,0.8646280765533447,-0.7762775786136746,0.86,0.14,0.2164210526315789
pronostia,ctl_scalar,43,Full_Test_Set_Bearing1_3,0.1832583248615265,0.7250921726226807,-0.7974878166944586,0.86,0.14,0.2164210526315789
pronostia,ctl_scalar,44,Full_Test_Set_Bearing1_3,0.1866413056850433,0.7384774088859558,-0.8141373228544455,0.86,0.14,0.2164210526315789
pronostia,ctl_scalar,42,Full_Test_Set_Bearing1_4,0.2057786881923675,0.4894102811813354,-0.4482085703004878,0.87,0.13,0.1953781512605042
pronostia,ctl_scalar,43,Full_Test_Set_Bearing1_4,0.205378919839859,0.4884595274925232,-0.4693302945562121,0.87,0.13,0.1953781512605042
pronostia,ctl_scalar,44,Full_Test_Set_Bearing1_4,0.1971757411956787,0.4689496159553528,-0.4521695680025567,0.87,0.13,0.1953781512605042
pronostia,ctl_scalar,42,Full_Test_Set_Bearing1_5,0.2861267030239105,1.174073338508606,0.114509321685973,0.88,0.12,0.0012180267965895
pronostia,ctl_scalar,43,Full_Test_Set_Bearing1_5,0.2869511842727661,1.1774563789367676,0.1185783430648425,0.88,0.12,0.0012180267965895
pronostia,ctl_scalar,44,Full_Test_Set_Bearing1_5,0.2300509959459304,0.9439759254455566,-0.0776943861564844,0.88,0.12,0.0012180267965895
pronostia,ctl_scalar,42,Full_Test_Set_Bearing1_6,0.2887956500053406,1.177804946899414,0.2424085199023548,0.88,0.12,0.0
pronostia,ctl_scalar,43,Full_Test_Set_Bearing1_6,0.2775396108627319,1.131899118423462,0.0751673653974594,0.88,0.12,0.0
pronostia,ctl_scalar,44,Full_Test_Set_Bearing1_6,0.2774309515953064,1.131455898284912,0.1081215801138583,0.88,0.12,0.0
pronostia,ctl_scalar,42,Full_Test_Set_Bearing1_7,0.289721816778183,1.0903197526931765,-0.2095227106341017,0.88,0.12,0.0004426737494466
pronostia,ctl_scalar,43,Full_Test_Set_Bearing1_7,0.2782918214797973,1.04730486869812,-0.2010380938299884,0.88,0.12,0.0004426737494466
pronostia,ctl_scalar,44,Full_Test_Set_Bearing1_7,0.2798433005809784,1.0531437397003174,-0.46777167521094,0.88,0.12,0.0004426737494466
pronostia,ctl_scalar,42,Full_Test_Set_Bearing2_3,0.3002008199691772,0.9776541590690612,-0.0728448241449887,0.87,0.13,0.0
pronostia,ctl_scalar,43,Full_Test_Set_Bearing2_3,0.2993004620075226,0.974721908569336,0.2844101110611249,0.87,0.13,0.0
pronostia,ctl_scalar,44,Full_Test_Set_Bearing2_3,0.2956250607967376,0.962752401828766,-0.0397131881425057,0.87,0.13,0.0
pronostia,ctl_scalar,42,Full_Test_Set_Bearing2_4,0.300771564245224,0.375964492559433,0.1318669527272618,0.88,0.12,0.0
pronostia,ctl_scalar,43,Full_Test_Set_Bearing2_4,0.2865186631679535,0.3581483364105224,0.0754471466793855,0.88,0.12,0.0
pronostia,ctl_scalar,44,Full_Test_Set_Bearing2_4,0.2870887219905853,0.3588609099388122,0.0051200256258032,0.88,0.12,0.0
pronostia,ctl_scalar,42,Full_Test_Set_Bearing2_5,0.2990793585777282,1.1514555215835571,0.0980091958557094,0.86,0.14,0.0
pronostia,ctl_scalar,43,Full_Test_Set_Bearing2_5,0.3038969933986664,1.1700035333633425,0.1338621883260566,0.86,0.14,0.0
pronostia,ctl_scalar,44,Full_Test_Set_Bearing2_5,0.3157852292060852,1.2157732248306274,0.2804023227225785,0.86,0.14,0.0
pronostia,ctl_scalar,42,Full_Test_Set_Bearing2_6,0.2822663486003876,0.3293107748031616,0.0458971497313908,0.88,0.12,0.0
pronostia,ctl_scalar,43,Full_Test_Set_Bearing2_6,0.2807616889476776,0.3275552988052368,0.3730520268756789,0.88,0.12,0.0
pronostia,ctl_scalar,44,Full_Test_Set_Bearing2_6,0.2800523042678833,0.3267277181148529,-0.045205862593148,0.88,0.12,0.0
pronostia,ctl_scalar,42,Full_Test_Set_Bearing2_7,0.2700390219688415,0.1030649095773696,-0.3838357060638761,0.88,0.12,0.0
pronostia,ctl_scalar,43,Full_Test_Set_Bearing2_7,0.2669789791107178,0.1018969938158989,-0.3301493535631966,0.88,0.12,0.0
pronostia,ctl_scalar,44,Full_Test_Set_Bearing2_7,0.2734057307243347,0.1043498665094375,-0.2328053047868949,0.88,0.12,0.0
pronostia,ctl_scalar,42,Full_Test_Set_Bearing3_3,0.2595678567886352,0.1873214840888977,-0.4447999019444597,0.88,0.12,0.0
pronostia,ctl_scalar,43,Full_Test_Set_Bearing3_3,0.2678984105587005,0.1933333277702331,-0.5526638801709011,0.88,0.12,0.0
pronostia,ctl_scalar,44,Full_Test_Set_Bearing3_3,0.2393395453691482,0.1727233529090881,-0.661351537657745,0.88,0.12,0.0
pronostia,ctl_scalar,42,Learning_set_Bearing1_1,0.228747546672821,1.0682512521743774,-0.8045040540934059,0.88,0.12,0.0767035319300749
pronostia,ctl_scalar,43,Learning_set_Bearing1_1,0.1964718848466873,0.9175236821174622,-0.8652370577133888,0.88,0.12,0.0767035319300749
pronostia,ctl_scalar,44,Learning_set_Bearing1_1,0.2235244214534759,1.0438591241836548,-0.8965927160426651,0.88,0.12,0.0767035319300749
pronostia,ctl_scalar,42,Learning_set_Bearing1_2,0.2854540944099426,0.413908451795578,-0.1692287442311203,0.88,0.12,0.0
pronostia,ctl_scalar,43,Learning_set_Bearing1_2,0.2790789306163788,0.4046644866466522,-0.1115816020595108,0.88,0.12,0.0
pronostia,ctl_scalar,44,Learning_set_Bearing1_2,0.2618642151355743,0.3797031342983246,-0.209838389336602,0.88,0.12,0.0
pronostia,ctl_scalar,42,Learning_set_Bearing2_1,0.2992404103279114,0.4538479447364807,-0.3490732734684594,0.88,0.12,0.0
pronostia,ctl_scalar,43,Learning_set_Bearing2_1,0.2986623644828796,0.4529712796211242,0.0021103712156622,0.88,0.12,0.0
pronostia,ctl_scalar,44,Learning_set_Bearing2_1,0.2788605093955993,0.4229384362697601,-0.327169810627178,0.88,0.12,0.0
pronostia,ctl_scalar,42,Learning_set_Bearing2_2,0.3596755862236023,0.4771695733070373,-0.6728909217051336,0.88,0.12,0.0
pronostia,ctl_scalar,43,Learning_set_Bearing2_2,0.3519230484962463,0.4668846428394317,-0.679564337427058,0.88,0.12,0.0
pronostia,ctl_scalar,44,Learning_set_Bearing2_2,0.3354138135910034,0.4449822902679443,-0.7558105591610714,0.88,0.12,0.0
pronostia,ctl_scalar,42,Learning_set_Bearing3_1,0.2684240639209747,0.2299499362707138,-0.1787971830203625,0.87,0.13,0.0
pronostia,ctl_scalar,43,Learning_set_Bearing3_1,0.2750325798988342,0.2356112748384475,0.0323456578531651,0.87,0.13,0.0
pronostia,ctl_scalar,44,Learning_set_Bearing3_1,0.2416572570800781,0.2070197314023971,0.0557185992046003,0.87,0.13,0.0
pronostia,ctl_scalar,42,Learning_set_Bearing3_2,0.2785685062408447,0.7595635652542114,-0.046594163948757,0.89,0.11,0.1111789859499083
pronostia,ctl_scalar,43,Learning_set_Bearing3_2,0.2711412012577057,0.7393116354942322,-0.1299388204652703,0.89,0.11,0.1111789859499083
pronostia,ctl_scalar,44,Learning_set_Bearing3_2,0.2784304320812225,0.7591870427131653,-0.0877448227996732,0.89,0.11,0.1111789859499083
pronostia,ctl_shuffled,42,Full_Test_Set_Bearing1_3,0.1850722581148147,0.7322692275047302,-0.7439958164993373,0.86,0.14,0.2164210526315789
pronostia,ctl_shuffled,43,Full_Test_Set_Bearing1_3,0.1588470339775085,0.628504753112793,-0.8000389735800043,0.86,0.14,0.2164210526315789
pronostia,ctl_shuffled,44,Full_Test_Set_Bearing1_3,0.1629221886396408,0.6446288228034973,-0.8653922899161113,0.86,0.14,0.2164210526315789
pronostia,ctl_shuffled,42,Full_Test_Set_Bearing1_4,0.1974599361419677,0.4696254730224609,-0.4969914643579093,0.87,0.13,0.1953781512605042
pronostia,ctl_shuffled,43,Full_Test_Set_Bearing1_4,0.2130995243787765,0.5068217515945435,-0.4675497044497191,0.87,0.13,0.1953781512605042
pronostia,ctl_shuffled,44,Full_Test_Set_Bearing1_4,0.2036071866750717,0.4842457473278045,-0.559295847558329,0.87,0.13,0.1953781512605042
pronostia,ctl_shuffled,42,Full_Test_Set_Bearing1_5,0.2882412075996399,1.18274986743927,0.1825910448742443,0.88,0.12,0.0012180267965895
pronostia,ctl_shuffled,43,Full_Test_Set_Bearing1_5,0.2908212840557098,1.1933367252349854,0.086465461202798,0.88,0.12,0.0012180267965895
pronostia,ctl_shuffled,44,Full_Test_Set_Bearing1_5,0.2923279106616974,1.1995190382003784,0.2893393425055693,0.88,0.12,0.0012180267965895
pronostia,ctl_shuffled,42,Full_Test_Set_Bearing1_6,0.2897474467754364,1.1816867589950562,0.2871408152934024,0.88,0.12,0.0
pronostia,ctl_shuffled,43,Full_Test_Set_Bearing1_6,0.2784276604652405,1.1355208158493042,0.0904787781184121,0.88,0.12,0.0
pronostia,ctl_shuffled,44,Full_Test_Set_Bearing1_6,0.2857508659362793,1.1653872728347778,0.1174139279018636,0.88,0.12,0.0
pronostia,ctl_shuffled,42,Full_Test_Set_Bearing1_7,0.2870973646640777,1.080443024635315,-0.1337831529339213,0.88,0.12,0.0004426737494466
pronostia,ctl_shuffled,43,Full_Test_Set_Bearing1_7,0.2777767181396484,1.0453664064407349,-0.2999194326724981,0.88,0.12,0.0004426737494466
pronostia,ctl_shuffled,44,Full_Test_Set_Bearing1_7,0.3005843758583069,1.1311991214752195,-0.5449108909105402,0.88,0.12,0.0004426737494466
pronostia,ctl_shuffled,42,Full_Test_Set_Bearing2_3,0.2957317531108856,0.9630998969078064,0.1187204078107646,0.87,0.13,0.0
pronostia,ctl_shuffled,43,Full_Test_Set_Bearing2_3,0.2966382205486297,0.9660518765449524,0.2192975199799312,0.87,0.13,0.0
pronostia,ctl_shuffled,44,Full_Test_Set_Bearing2_3,0.3018108904361725,0.982897400856018,-0.0591465022538496,0.87,0.13,0.0
pronostia,ctl_shuffled,42,Full_Test_Set_Bearing2_4,0.3024460971355438,0.378057599067688,0.1040668405752587,0.88,0.12,0.0
pronostia,ctl_shuffled,43,Full_Test_Set_Bearing2_4,0.2894277274608612,0.3617846667766571,0.0796167312631495,0.88,0.12,0.0
pronostia,ctl_shuffled,44,Full_Test_Set_Bearing2_4,0.2869055867195129,0.35863196849823,-0.0632233260385507,0.88,0.12,0.0
pronostia,ctl_shuffled,42,Full_Test_Set_Bearing2_5,0.3079107105731964,1.1854562759399414,0.2652565268941766,0.86,0.14,0.0
pronostia,ctl_shuffled,43,Full_Test_Set_Bearing2_5,0.3069210052490234,1.1816459894180298,0.2502990236713626,0.86,0.14,0.0
pronostia,ctl_shuffled,44,Full_Test_Set_Bearing2_5,0.3235716223716736,1.2457507848739624,0.3614869681613842,0.86,0.14,0.0
pronostia,ctl_shuffled,42,Full_Test_Set_Bearing2_6,0.2806818187236786,0.3274621665477752,0.0415887240997419,0.88,0.12,0.0
pronostia,ctl_shuffled,43,Full_Test_Set_Bearing2_6,0.2849870026111603,0.3324848711490631,-0.1939933295083477,0.88,0.12,0.0
pronostia,ctl_shuffled,44,Full_Test_Set_Bearing2_6,0.2826619446277618,0.3297723233699798,-0.048525504056514,0.88,0.12,0.0
pronostia,ctl_shuffled,42,Full_Test_Set_Bearing2_7,0.286097377538681,0.1091938465833664,-0.1310311149076153,0.88,0.12,0.0
pronostia,ctl_shuffled,43,Full_Test_Set_Bearing2_7,0.2689463496208191,0.1026478484272956,-0.2422517991570774,0.88,0.12,0.0
pronostia,ctl_shuffled,44,Full_Test_Set_Bearing2_7,0.2835038900375366,0.1082039847970008,-0.3184271910127985,0.88,0.12,0.0
pronostia,ctl_shuffled,42,Full_Test_Set_Bearing3_3,0.2674007713794708,0.1929742246866226,-0.5218446850930254,0.88,0.12,0.0
pronostia,ctl_shuffled,43,Full_Test_Set_Bearing3_3,0.2798064649105072,0.2019269913434982,-0.5081087980109509,0.88,0.12,0.0
pronostia,ctl_shuffled,44,Full_Test_Set_Bearing3_3,0.2069937288761139,0.1493804901838302,-0.6302981413128189,0.88,0.12,0.0
pronostia,ctl_shuffled,42,Learning_set_Bearing1_1,0.2019510865211486,0.9431115984916688,-0.8860756084041702,0.88,0.12,0.0767035319300749
pronostia,ctl_shuffled,43,Learning_set_Bearing1_1,0.1931712627410888,0.9021098017692566,-0.8410871187659844,0.88,0.12,0.0767035319300749
pronostia,ctl_shuffled,44,Learning_set_Bearing1_1,0.2006224244832992,0.9369067549705504,-0.8979897651870505,0.88,0.12,0.0767035319300749
pronostia,ctl_shuffled,42,Learning_set_Bearing1_2,0.2738380134105682,0.397065132856369,-0.1252136792938291,0.88,0.12,0.0
pronostia,ctl_shuffled,43,Learning_set_Bearing1_2,0.2860570251941681,0.414782702922821,-0.184017220447489,0.88,0.12,0.0
pronostia,ctl_shuffled,44,Learning_set_Bearing1_2,0.2790105044841766,0.4045652151107788,-0.0693370317575184,0.88,0.12,0.0
pronostia,ctl_shuffled,42,Learning_set_Bearing2_1,0.3035045862197876,0.4603152871131897,-0.3017784966669542,0.88,0.12,0.0
pronostia,ctl_shuffled,43,Learning_set_Bearing2_1,0.2821314632892608,0.4278993904590606,-0.0771323318997217,0.88,0.12,0.0
pronostia,ctl_shuffled,44,Learning_set_Bearing2_1,0.2888337075710296,0.4380644559860229,-0.1964090911124619,0.88,0.12,0.0
pronostia,ctl_shuffled,42,Learning_set_Bearing2_2,0.3011194467544555,0.399485170841217,-0.6910653304797361,0.88,0.12,0.0
pronostia,ctl_shuffled,43,Learning_set_Bearing2_2,0.3824799954891205,0.507423460483551,-0.6876643423105607,0.88,0.12,0.0
pronostia,ctl_shuffled,44,Learning_set_Bearing2_2,0.3542231619358063,0.4699361026287079,-0.6765081622090865,0.88,0.12,0.0
pronostia,ctl_shuffled,42,Learning_set_Bearing3_1,0.2732467949390411,0.23408143222332,-0.0324611234913951,0.87,0.13,0.0
pronostia,ctl_shuffled,43,Learning_set_Bearing3_1,0.2703855037689209,0.2316302508115768,-0.0634039340192988,0.87,0.13,0.0
pronostia,ctl_shuffled,44,Learning_set_Bearing3_1,0.2728558182716369,0.2337465137243271,-0.0628020443464683,0.87,0.13,0.0
pronostia,ctl_shuffled,42,Learning_set_Bearing3_2,0.2856499552726745,0.7788722515106201,-0.1240041758777834,0.89,0.11,0.1111789859499083
pronostia,ctl_shuffled,43,Learning_set_Bearing3_2,0.2754740118980407,0.7511258721351624,-0.0095232017825622,0.89,0.11,0.1111789859499083
pronostia,ctl_shuffled,44,Learning_set_Bearing3_2,0.2807219326496124,0.7654352188110352,-0.0230743846102727,0.89,0.11,0.1111789859499083
pronostia,tcn_transformer_vib,42,Full_Test_Set_Bearing1_3,0.2928372621536255,1.15865957736969,-0.6470310174598496,0.86,0.14,0.2164210526315789
pronostia,tcn_transformer_vib,43,Full_Test_Set_Bearing1_3,0.2274892628192901,0.9000990986824036,0.1698018907479135,0.86,0.14,0.2164210526315789
pronostia,tcn_transformer_vib,44,Full_Test_Set_Bearing1_3,0.2968055009841919,1.1743605136871338,-0.7807310327388944,0.86,0.14,0.2164210526315789
pronostia,tcn_transformer_vib,42,Full_Test_Set_Bearing1_4,0.3024939596652984,0.719431459903717,0.1488026965786755,0.87,0.13,0.1953781512605042
pronostia,tcn_transformer_vib,43,Full_Test_Set_Bearing1_4,0.305309385061264,0.7261274456977844,0.39813445338018,0.87,0.13,0.1953781512605042
pronostia,tcn_transformer_vib,44,Full_Test_Set_Bearing1_4,0.2130441963672638,0.5066900849342346,0.6492897351356243,0.87,0.13,0.1953781512605042
pronostia,tcn_transformer_vib,42,Full_Test_Set_Bearing1_5,0.2997673153877258,1.2300453186035156,-0.6928094736947749,0.88,0.12,0.0012180267965895
pronostia,tcn_transformer_vib,43,Full_Test_Set_Bearing1_5,0.2932444214820862,1.2032796144485474,0.0623110308819276,0.88,0.12,0.0012180267965895
pronostia,tcn_transformer_vib,44,Full_Test_Set_Bearing1_5,0.289525955915451,1.188021540641785,-0.0532537739338841,0.88,0.12,0.0012180267965895
pronostia,tcn_transformer_vib,42,Full_Test_Set_Bearing1_6,0.3014196157455444,1.2292895317077637,-0.1816729265997913,0.88,0.12,0.0
pronostia,tcn_transformer_vib,43,Full_Test_Set_Bearing1_6,0.303029716014862,1.2358561754226685,0.1249023869187098,0.88,0.12,0.0
pronostia,tcn_transformer_vib,44,Full_Test_Set_Bearing1_6,0.2882318794727325,1.175505757331848,0.0376009957641207,0.88,0.12,0.0
pronostia,tcn_transformer_vib,42,Full_Test_Set_Bearing1_7,0.3006250858306885,1.1313525438308716,-0.3132185492024467,0.88,0.12,0.0004426737494466
pronostia,tcn_transformer_vib,43,Full_Test_Set_Bearing1_7,0.3064402043819427,1.1532365083694458,-0.2283040691885145,0.88,0.12,0.0004426737494466
pronostia,tcn_transformer_vib,44,Full_Test_Set_Bearing1_7,0.2949995696544647,1.11018168926239,0.0409675294947869,0.88,0.12,0.0004426737494466
pronostia,tcn_transformer_vib,42,Full_Test_Set_Bearing2_3,0.2917333245277405,0.9500781893730164,-0.1002295191028428,0.87,0.13,0.0
pronostia,tcn_transformer_vib,43,Full_Test_Set_Bearing2_3,0.2926576137542724,0.9530883431434632,0.0375272312556998,0.87,0.13,0.0
pronostia,tcn_transformer_vib,44,Full_Test_Set_Bearing2_3,0.2892216145992279,0.9418984651565552,0.1036258071934565,0.87,0.13,0.0
pronostia,tcn_transformer_vib,42,Full_Test_Set_Bearing2_4,0.3643064200878143,0.4553830623626709,-0.7762936513185592,0.88,0.12,0.0
pronostia,tcn_transformer_vib,43,Full_Test_Set_Bearing2_4,0.2918093800544739,0.3647617101669311,0.0144178506729716,0.88,0.12,0.0
pronostia,tcn_transformer_vib,44,Full_Test_Set_Bearing2_4,0.3028429746627807,0.3785536885261535,0.1036135580581454,0.88,0.12,0.0
pronostia,tcn_transformer_vib,42,Full_Test_Set_Bearing2_5,0.2850134670734405,1.097301959991455,0.0754152651964232,0.86,0.14,0.0
pronostia,tcn_transformer_vib,43,Full_Test_Set_Bearing2_5,0.2940793633460998,1.1322057247161863,-0.28685516654042,0.86,0.14,0.0
pronostia,tcn_transformer_vib,44,Full_Test_Set_Bearing2_5,0.294748842716217,1.1347830295562744,0.0113539069046476,0.86,0.14,0.0
pronostia,tcn_transformer_vib,42,Full_Test_Set_Bearing2_6,0.3047873675823211,0.3555852770805359,-0.1257341921281593,0.88,0.12,0.0
pronostia,tcn_transformer_vib,43,Full_Test_Set_Bearing2_6,0.2963503301143646,0.3457420766353607,0.0272431202364222,0.88,0.12,0.0
pronostia,tcn_transformer_vib,44,Full_Test_Set_Bearing2_6,0.2958145439624786,0.3451169729232788,-0.0657834101391229,0.88,0.12,0.0
pronostia,tcn_transformer_vib,42,Full_Test_Set_Bearing2_7,0.2932728230953216,0.1119324862957,-0.0569849141406865,0.88,0.12,0.0
pronostia,tcn_transformer_vib,43,Full_Test_Set_Bearing2_7,0.3051592707633972,0.1164691224694252,0.0035329560572853,0.88,0.12,0.0
pronostia,tcn_transformer_vib,44,Full_Test_Set_Bearing2_7,0.306888073682785,0.1171289682388305,-0.2200476920116937,0.88,0.12,0.0
pronostia,tcn_transformer_vib,42,Full_Test_Set_Bearing3_3,0.2883250713348388,0.208074614405632,0.318683449511092,0.88,0.12,0.0
pronostia,tcn_transformer_vib,43,Full_Test_Set_Bearing3_3,0.3032987415790558,0.2188805937767028,0.2155623638249247,0.88,0.12,0.0
pronostia,tcn_transformer_vib,44,Full_Test_Set_Bearing3_3,0.303846150636673,0.2192756682634353,0.1866320517626668,0.88,0.12,0.0
pronostia,tcn_transformer_vib,42,Learning_set_Bearing1_1,0.2963051497936249,1.3837449550628662,0.8699857607923829,0.88,0.12,0.0767035319300749
pronostia,tcn_transformer_vib,43,Learning_set_Bearing1_1,0.2427711486816406,1.1337413787841797,0.7619927785811673,0.88,0.12,0.0767035319300749
pronostia,tcn_transformer_vib,44,Learning_set_Bearing1_1,0.29370778799057,1.371615290641785,0.2439776239111496,0.88,0.12,0.0767035319300749
pronostia,tcn_transformer_vib,42,Learning_set_Bearing1_2,0.3005338013172149,0.4357740581035614,-0.2776959748357759,0.88,0.12,0.0
pronostia,tcn_transformer_vib,43,Learning_set_Bearing1_2,0.2973501086235046,0.4311576783657074,0.0379511920168656,0.88,0.12,0.0
pronostia,tcn_transformer_vib,44,Learning_set_Bearing1_2,0.2880520522594452,0.4176754951477051,-0.1248259389018512,0.88,0.12,0.0
pronostia,tcn_transformer_vib,42,Learning_set_Bearing2_1,0.2945153415203094,0.4466815590858459,0.2240916107965008,0.88,0.12,0.0
pronostia,tcn_transformer_vib,43,Learning_set_Bearing2_1,0.2895281016826629,0.4391176104545593,0.3156212375143123,0.88,0.12,0.0
pronostia,tcn_transformer_vib,44,Learning_set_Bearing2_1,0.2876168489456177,0.4362189173698425,0.1109599426733395,0.88,0.12,0.0
pronostia,tcn_transformer_vib,42,Learning_set_Bearing2_2,0.2949703931808471,0.3913274109363556,-0.2654168904008197,0.88,0.12,0.0
pronostia,tcn_transformer_vib,43,Learning_set_Bearing2_2,0.2945599853992462,0.3907829225063324,0.433830972343929,0.88,0.12,0.0
pronostia,tcn_transformer_vib,44,Learning_set_Bearing2_2,0.2922543883323669,0.3877241909503937,-0.0960253271170541,0.88,0.12,0.0
pronostia,tcn_transformer_vib,42,Learning_set_Bearing3_1,0.3019586205482483,0.2586778700351715,-0.003932372024675,0.87,0.13,0.0
pronostia,tcn_transformer_vib,43,Learning_set_Bearing3_1,0.2966893017292022,0.2541638314723968,0.1015842699023459,0.87,0.13,0.0
pronostia,tcn_transformer_vib,44,Learning_set_Bearing3_1,0.2957741618156433,0.2533798813819885,-0.4074420685089641,0.87,0.13,0.0
pronostia,tcn_transformer_vib,42,Learning_set_Bearing3_2,0.293369710445404,0.799921452999115,-0.0466976933700521,0.89,0.11,0.1111789859499083
pronostia,tcn_transformer_vib,43,Learning_set_Bearing3_2,0.296358048915863,0.8080695867538452,-0.0854388139691886,0.89,0.11,0.1111789859499083
pronostia,tcn_transformer_vib,44,Learning_set_Bearing3_2,0.2971585094928741,0.8102522492408752,0.1009697226648986,0.89,0.11,0.1111789859499083
pronostia,tcn_vib,42,Full_Test_Set_Bearing1_3,0.2256901264190673,0.8929804563522339,0.6829356388402541,0.86,0.14,0.2164210526315789
pronostia,tcn_vib,43,Full_Test_Set_Bearing1_3,0.2861897647380829,1.132357478141785,-0.5959277073902455,0.86,0.14,0.2164210526315789
pronostia,tcn_vib,44,Full_Test_Set_Bearing1_3,0.2936370372772217,1.1618237495422363,-0.3117643392018784,0.86,0.14,0.2164210526315789
pronostia,tcn_vib,42,Full_Test_Set_Bearing1_4,0.2049638926982879,0.4874725043773651,0.7063030002798449,0.87,0.13,0.1953781512605042
pronostia,tcn_vib,43,Full_Test_Set_Bearing1_4,0.3744106888771057,0.8904733657836914,0.5793113574866093,0.87,0.13,0.1953781512605042
pronostia,tcn_vib,44,Full_Test_Set_Bearing1_4,0.2047661989927292,0.4870022535324096,0.7387188979198221,0.87,0.13,0.1953781512605042
pronostia,tcn_vib,42,Full_Test_Set_Bearing1_5,0.2796419560909271,1.147464156150818,-0.5237976222815077,0.88,0.12,0.0012180267965895
pronostia,tcn_vib,43,Full_Test_Set_Bearing1_5,0.2994847893714905,1.2288860082626345,-0.0252886041421664,0.88,0.12,0.0012180267965895
pronostia,tcn_vib,44,Full_Test_Set_Bearing1_5,0.3016194999217987,1.2376452684402466,0.0168865188554125,0.88,0.12,0.0012180267965895
pronostia,tcn_vib,42,Full_Test_Set_Bearing1_6,0.3015655875205993,1.2298849821090698,0.1435460603791542,0.88,0.12,0.0
pronostia,tcn_vib,43,Full_Test_Set_Bearing1_6,0.2772021889686584,1.1305229663848877,-0.4814245162694031,0.88,0.12,0.0
pronostia,tcn_vib,44,Full_Test_Set_Bearing1_6,0.2945110201835632,1.2011141777038574,0.4061461175394762,0.88,0.12,0.0
pronostia,tcn_vib,42,Full_Test_Set_Bearing1_7,0.287602037191391,1.082342267036438,0.1818015430649145,0.88,0.12,0.0004426737494466
pronostia,tcn_vib,43,Full_Test_Set_Bearing1_7,0.3009196817874908,1.1324613094329834,-0.0628029116629393,0.88,0.12,0.0004426737494466
pronostia,tcn_vib,44,Full_Test_Set_Bearing1_7,0.3052882850170135,1.1489015817642212,0.1524826271239998,0.88,0.12,0.0004426737494466
pronostia,tcn_vib,42,Full_Test_Set_Bearing2_3,0.2954152822494507,0.9620691537857056,0.6356487875147688,0.87,0.13,0.0
pronostia,tcn_vib,43,Full_Test_Set_Bearing2_3,0.292003870010376,0.950959324836731,0.6342506159347431,0.87,0.13,0.0
pronostia,tcn_vib,44,Full_Test_Set_Bearing2_3,0.2946567237377167,0.9595987796783448,0.5522949303910024,0.87,0.13,0.0
pronostia,tcn_vib,42,Full_Test_Set_Bearing2_4,0.285896360874176,0.3573704361915588,-0.6763637513433419,0.88,0.12,0.0
pronostia,tcn_vib,43,Full_Test_Set_Bearing2_4,0.2893479168415069,0.3616848289966583,0.4247428417866132,0.88,0.12,0.0
pronostia,tcn_vib,44,Full_Test_Set_Bearing2_4,0.2903191745281219,0.3628989458084106,0.5753473549745897,0.88,0.12,0.0
pronostia,tcn_vib,42,Full_Test_Set_Bearing2_5,0.3026240170001983,1.1651026010513306,0.3113694646955823,0.86,0.14,0.0
pronostia,tcn_vib,43,Full_Test_Set_Bearing2_5,0.3149898946285248,1.212710976600647,0.3428499748745375,0.86,0.14,0.0
pronostia,tcn_vib,44,Full_Test_Set_Bearing2_5,0.2908280789852142,1.1196880340576172,-0.2929210228263594,0.86,0.14,0.0
pronostia,tcn_vib,42,Full_Test_Set_Bearing2_6,0.3312608003616333,0.3864709436893463,0.4935371821234448,0.88,0.12,0.0
pronostia,tcn_vib,43,Full_Test_Set_Bearing2_6,0.288334310054779,0.3363900482654571,0.3548451329351593,0.88,0.12,0.0
pronostia,tcn_vib,44,Full_Test_Set_Bearing2_6,0.2993593215942383,0.3492525517940521,-0.526999587838611,0.88,0.12,0.0
pronostia,tcn_vib,42,Full_Test_Set_Bearing2_7,0.3241771161556244,0.1237276196479797,0.438075110978661,0.88,0.12,0.0
pronostia,tcn_vib,43,Full_Test_Set_Bearing2_7,0.2906490564346313,0.1109310612082481,-0.2575032429103839,0.88,0.12,0.0
pronostia,tcn_vib,44,Full_Test_Set_Bearing2_7,0.2908454835414886,0.1110060289502143,-0.2040279168608008,0.88,0.12,0.0
pronostia,tcn_vib,42,Full_Test_Set_Bearing3_3,0.3056866228580475,0.2206038534641266,-0.3170310954917539,0.88,0.12,0.0
pronostia,tcn_vib,43,Full_Test_Set_Bearing3_3,0.2223059237003326,0.1604307889938354,0.4159426959811845,0.88,0.12,0.0
pronostia,tcn_vib,44,Full_Test_Set_Bearing3_3,0.2506033480167389,0.1808520853519439,0.3783271313290423,0.88,0.12,0.0
pronostia,tcn_vib,42,Learning_set_Bearing1_1,0.2868762016296386,1.3397116661071775,0.5724577337331339,0.88,0.12,0.0767035319300749
pronostia,tcn_vib,43,Learning_set_Bearing1_1,0.3167160749435425,1.4790639877319336,0.5937808405314848,0.88,0.12,0.0767035319300749
pronostia,tcn_vib,44,Learning_set_Bearing1_1,0.2423571497201919,1.1318079233169556,-0.8088116530534889,0.88,0.12,0.0767035319300749
pronostia,tcn_vib,42,Learning_set_Bearing1_2,0.279193103313446,0.4048300385475158,0.356940973382672,0.88,0.12,0.0
pronostia,tcn_vib,43,Learning_set_Bearing1_2,0.2821851074695587,0.4091684818267822,-0.0059587996373354,0.88,0.12,0.0
pronostia,tcn_vib,44,Learning_set_Bearing1_2,0.278102844953537,0.4032491147518158,-0.4453553316074897,0.88,0.12,0.0
pronostia,tcn_vib,42,Learning_set_Bearing2_1,0.2806483805179596,0.4256500601768493,0.240863337681168,0.88,0.12,0.0
pronostia,tcn_vib,43,Learning_set_Bearing2_1,0.2957037389278412,0.448483943939209,0.1415969329373066,0.88,0.12,0.0
pronostia,tcn_vib,44,Learning_set_Bearing2_1,0.3284034132957458,0.4980785250663757,0.0318757945315865,0.88,0.12,0.0
pronostia,tcn_vib,42,Learning_set_Bearing2_2,0.2960442006587982,0.3927519619464874,-0.456632616472809,0.88,0.12,0.0
pronostia,tcn_vib,43,Learning_set_Bearing2_2,0.2934674322605133,0.3893334567546844,0.4850231665946129,0.88,0.12,0.0
pronostia,tcn_vib,44,Learning_set_Bearing2_2,0.2815387547016144,0.3735081255435943,0.1937663552630564,0.88,0.12,0.0
pronostia,tcn_vib,42,Learning_set_Bearing3_1,0.2858409881591797,0.2448704689741134,0.2675614654375024,0.87,0.13,0.0
pronostia,tcn_vib,43,Learning_set_Bearing3_1,0.2795976996421814,0.2395220249891281,-0.3736163898201281,0.87,0.13,0.0
pronostia,tcn_vib,44,Learning_set_Bearing3_1,0.2932946979999542,0.2512558102607727,-0.0614152093489955,0.87,0.13,0.0
pronostia,tcn_vib,42,Learning_set_Bearing3_2,0.2966849207878113,0.808961033821106,-0.05671267176726,0.89,0.11,0.1111789859499083
pronostia,tcn_vib,43,Learning_set_Bearing3_2,0.2696192562580108,0.7351619601249695,-0.1741814569672473,0.89,0.11,0.1111789859499083
pronostia,tcn_vib,44,Learning_set_Bearing3_2,0.2860956788063049,0.7800877094268799,-0.2941292009655851,0.89,0.11,0.1111789859499083
pronostia,transformer_vib,42,Full_Test_Set_Bearing1_3,0.2367579638957977,0.9367722868919371,0.3492052139135522,0.86,0.14,0.2164210526315789
pronostia,transformer_vib,43,Full_Test_Set_Bearing1_3,0.1865990757942199,0.7383103370666504,-0.8498860655903049,0.86,0.14,0.2164210526315789
pronostia,transformer_vib,44,Full_Test_Set_Bearing1_3,0.2083060443401336,0.8241976499557495,-0.8015228036928835,0.86,0.14,0.2164210526315789
pronostia,transformer_vib,42,Full_Test_Set_Bearing1_4,0.1973446160554886,0.4693512916564941,0.6148810151279125,0.87,0.13,0.1953781512605042
pronostia,transformer_vib,43,Full_Test_Set_Bearing1_4,0.2027852088212967,0.4822908639907837,-0.5144618301747742,0.87,0.13,0.1953781512605042
pronostia,transformer_vib,44,Full_Test_Set_Bearing1_4,0.2008886039257049,0.4777800738811493,-0.5020911221257734,0.87,0.13,0.1953781512605042
pronostia,transformer_vib,42,Full_Test_Set_Bearing1_5,0.2892463803291321,1.186874270439148,0.0585449134202234,0.88,0.12,0.0012180267965895
pronostia,transformer_vib,43,Full_Test_Set_Bearing1_5,0.2855080068111419,1.1715346574783323,-0.0299300514109906,0.88,0.12,0.0012180267965895
pronostia,transformer_vib,44,Full_Test_Set_Bearing1_5,0.2354919016361236,0.966301679611206,0.6343278766306283,0.88,0.12,0.0012180267965895
pronostia,transformer_vib,42,Full_Test_Set_Bearing1_6,0.2927516996860504,1.1939390897750854,-0.0274836793455461,0.88,0.12,0.0
pronostia,transformer_vib,43,Full_Test_Set_Bearing1_6,0.2913799285888672,1.1883444786071775,-0.0396500131839204,0.88,0.12,0.0
pronostia,transformer_vib,44,Full_Test_Set_Bearing1_6,0.2902453243732452,1.1837172508239746,0.1021798565800799,0.88,0.12,0.0
pronostia,transformer_vib,42,Full_Test_Set_Bearing1_7,0.2979761064052582,1.1213834285736084,-0.1110294002935968,0.88,0.12,0.0004426737494466
pronostia,transformer_vib,43,Full_Test_Set_Bearing1_7,0.2781874239444732,1.0469119548797607,-0.0360264051747443,0.88,0.12,0.0004426737494466
pronostia,transformer_vib,44,Full_Test_Set_Bearing1_7,0.2845607995986938,1.070897102355957,-0.1603189547188734,0.88,0.12,0.0004426737494466
pronostia,transformer_vib,42,Full_Test_Set_Bearing2_3,0.2951188087463379,0.9611037373542786,0.0577761279287378,0.87,0.13,0.0
pronostia,transformer_vib,43,Full_Test_Set_Bearing2_3,0.3029792606830597,0.9867024421691896,0.0612826547509011,0.87,0.13,0.0
pronostia,transformer_vib,44,Full_Test_Set_Bearing2_3,0.2985551357269287,0.9722945690155028,-0.2143511597236531,0.87,0.13,0.0
pronostia,transformer_vib,42,Full_Test_Set_Bearing2_4,0.2974180579185486,0.3717725276947021,-0.1195098153518946,0.88,0.12,0.0
pronostia,transformer_vib,43,Full_Test_Set_Bearing2_4,0.2872345447540283,0.3590431809425354,-0.0305820122486973,0.88,0.12,0.0
pronostia,transformer_vib,44,Full_Test_Set_Bearing2_4,0.2898833155632019,0.3623541295528412,0.1065682385471056,0.88,0.12,0.0
pronostia,transformer_vib,42,Full_Test_Set_Bearing2_5,0.2962786555290222,1.14067280292511,-0.1370106757506324,0.86,0.14,0.0
pronostia,transformer_vib,43,Full_Test_Set_Bearing2_5,0.3166670203208923,1.219168186187744,0.0410026731759797,0.86,0.14,0.0
pronostia,transformer_vib,44,Full_Test_Set_Bearing2_5,0.3051067292690277,1.1746610403060913,-0.1334373567020542,0.86,0.14,0.0
pronostia,transformer_vib,42,Full_Test_Set_Bearing2_6,0.2785054743289947,0.3249230682849884,-0.0629257647981613,0.88,0.12,0.0
pronostia,transformer_vib,43,Full_Test_Set_Bearing2_6,0.278808444738388,0.3252765536308288,-0.0175206321801842,0.88,0.12,0.0
pronostia,transformer_vib,44,Full_Test_Set_Bearing2_6,0.285471498966217,0.3330501317977905,0.0926980302057926,0.88,0.12,0.0
pronostia,transformer_vib,42,Full_Test_Set_Bearing2_7,0.2774878442287445,0.1059078648686409,-0.0546178897346069,0.88,0.12,0.0
pronostia,transformer_vib,43,Full_Test_Set_Bearing2_7,0.2721625864505768,0.1038753986358642,-0.0964396216562335,0.88,0.12,0.0
pronostia,transformer_vib,44,Full_Test_Set_Bearing2_7,0.2789101004600525,0.1064506843686103,-0.1350538824655854,0.88,0.12,0.0
pronostia,transformer_vib,42,Full_Test_Set_Bearing3_3,0.2739866375923157,0.1977270394563675,-0.4828659226792848,0.88,0.12,0.0
pronostia,transformer_vib,43,Full_Test_Set_Bearing3_3,0.2692147195339203,0.1942833065986633,-0.2601722348171166,0.88,0.12,0.0
pronostia,transformer_vib,44,Full_Test_Set_Bearing3_3,0.261097639799118,0.1884254813194275,0.1934276357103371,0.88,0.12,0.0
pronostia,transformer_vib,42,Learning_set_Bearing1_1,0.2532744705677032,1.1827917098999023,0.8127063281201621,0.88,0.12,0.0767035319300749
pronostia,transformer_vib,43,Learning_set_Bearing1_1,0.2177809774875641,1.0170371532440186,0.4963322559767921,0.88,0.12,0.0767035319300749
pronostia,transformer_vib,44,Learning_set_Bearing1_1,0.2085752189159393,0.9740462899208068,0.7224651528796646,0.88,0.12,0.0767035319300749
pronostia,transformer_vib,42,Learning_set_Bearing1_2,0.2753152549266815,0.3992071449756622,0.1228281088900262,0.88,0.12,0.0
pronostia,transformer_vib,43,Learning_set_Bearing1_2,0.2812032699584961,0.4077447354793548,-0.1439981583665751,0.88,0.12,0.0
pronostia,transformer_vib,44,Learning_set_Bearing1_2,0.2862386703491211,0.4150460660457611,-0.0431277850025407,0.88,0.12,0.0
pronostia,transformer_vib,42,Learning_set_Bearing2_1,0.302164763212204,0.4582832455635071,0.2081452163273068,0.88,0.12,0.0
pronostia,transformer_vib,43,Learning_set_Bearing2_1,0.2803144454956054,0.4251436293125152,0.0085995050591284,0.88,0.12,0.0
pronostia,transformer_vib,44,Learning_set_Bearing2_1,0.2859046161174774,0.4336220324039459,0.2310140108805605,0.88,0.12,0.0
pronostia,transformer_vib,42,Learning_set_Bearing2_2,0.2942213118076324,0.3903336226940155,0.4220231915202301,0.88,0.12,0.0
pronostia,transformer_vib,43,Learning_set_Bearing2_2,0.3480717837810516,0.4617752730846405,0.7792807507604602,0.88,0.12,0.0
pronostia,transformer_vib,44,Learning_set_Bearing2_2,0.2871130406856537,0.3809033334255218,-0.2131413765802194,0.88,0.12,0.0
pronostia,transformer_vib,42,Learning_set_Bearing3_1,0.2725875675678253,0.2335166931152343,0.0827398839487438,0.87,0.13,0.0
pronostia,transformer_vib,43,Learning_set_Bearing3_1,0.26670703291893,0.2284789979457855,0.165413450933509,0.87,0.13,0.0
pronostia,transformer_vib,44,Learning_set_Bearing3_1,0.2648972868919372,0.2269286811351776,-0.0305555504005103,0.87,0.13,0.0
pronostia,transformer_vib,42,Learning_set_Bearing3_2,0.2797693908214569,0.7628378868103027,0.0593608846064818,0.89,0.11,0.1111789859499083
pronostia,transformer_vib,43,Learning_set_Bearing3_2,0.2728146314620971,0.7438745498657227,-0.0443680869627634,0.89,0.11,0.1111789859499083
pronostia,transformer_vib,44,Learning_set_Bearing3_2,0.2935207784175873,0.8003333806991577,0.0148273879741164,0.89,0.11,0.1111789859499083
pronostia,vtoi_static,42,Full_Test_Set_Bearing1_3,0.1997597068548202,0.7903825640678406,-0.8091897269694621,0.86,0.14,0.2164210526315789
pronostia,vtoi_static,43,Full_Test_Set_Bearing1_3,0.1497336626052856,0.5924462080001831,-0.8428523627300578,0.86,0.14,0.2164210526315789
pronostia,vtoi_static,44,Full_Test_Set_Bearing1_3,0.1927945762872696,0.7628239393234253,-0.8182077043493186,0.86,0.14,0.2164210526315789
pronostia,vtoi_static,42,Full_Test_Set_Bearing1_4,0.2206554263830185,0.5247921347618103,-0.5477886530337868,0.87,0.13,0.1953781512605042
pronostia,vtoi_static,43,Full_Test_Set_Bearing1_4,0.2049718648195266,0.4874914288520813,-0.684177062757381,0.87,0.13,0.1953781512605042
pronostia,vtoi_static,44,Full_Test_Set_Bearing1_4,0.1958398967981338,0.4657725393772125,-0.4127226545146828,0.87,0.13,0.1953781512605042
pronostia,vtoi_static,42,Full_Test_Set_Bearing1_5,0.2873527705669403,1.179104208946228,0.0550143222970398,0.88,0.12,0.0012180267965895
pronostia,vtoi_static,43,Full_Test_Set_Bearing1_5,0.2862116694450378,1.1744219064712524,0.0508870389619116,0.88,0.12,0.0012180267965895
pronostia,vtoi_static,44,Full_Test_Set_Bearing1_5,0.2883448600769043,1.1831752061843872,0.0309646042242798,0.88,0.12,0.0012180267965895
pronostia,vtoi_static,42,Full_Test_Set_Bearing1_6,0.2837854921817779,1.157371997833252,0.1004123380301846,0.88,0.12,0.0
pronostia,vtoi_static,43,Full_Test_Set_Bearing1_6,0.2826439440250397,1.1527162790298462,0.0756100293829104,0.88,0.12,0.0
pronostia,vtoi_static,44,Full_Test_Set_Bearing1_6,0.2838511765003204,1.1576396226882937,0.1083816764454655,0.88,0.12,0.0
pronostia,vtoi_static,42,Full_Test_Set_Bearing1_7,0.2915444672107696,1.097178936004639,-0.1549197235773406,0.88,0.12,0.0004426737494466
pronostia,vtoi_static,43,Full_Test_Set_Bearing1_7,0.2789428830146789,1.0497550964355469,-0.3424438774215512,0.88,0.12,0.0004426737494466
pronostia,vtoi_static,44,Full_Test_Set_Bearing1_7,0.2813732028007507,1.058901071548462,-0.4527769098242373,0.88,0.12,0.0004426737494466
pronostia,vtoi_static,42,Full_Test_Set_Bearing2_3,0.2960787117481231,0.9642296433448792,0.1644590492644419,0.87,0.13,0.0
pronostia,vtoi_static,43,Full_Test_Set_Bearing2_3,0.2952974438667297,0.9616855382919312,0.0110641310133065,0.87,0.13,0.0
pronostia,vtoi_static,44,Full_Test_Set_Bearing2_3,0.2949254214763641,0.9604738354682922,0.1182930156230923,0.87,0.13,0.0
pronostia,vtoi_static,42,Full_Test_Set_Bearing2_4,0.2991416454315185,0.3739270567893982,0.118109530942113,0.88,0.12,0.0
pronostia,vtoi_static,43,Full_Test_Set_Bearing2_4,0.2859691083431244,0.3574613630771637,-0.0814664805003956,0.88,0.12,0.0
pronostia,vtoi_static,44,Full_Test_Set_Bearing2_4,0.2881368398666382,0.3601711094379425,0.0865919564797637,0.88,0.12,0.0
pronostia,vtoi_static,42,Full_Test_Set_Bearing2_5,0.3055935800075531,1.1765352487564087,0.1119368898687718,0.86,0.14,0.0
pronostia,vtoi_static,43,Full_Test_Set_Bearing2_5,0.3010567724704742,1.159068584442139,0.3336572149822205,0.86,0.14,0.0
pronostia,vtoi_static,44,Full_Test_Set_Bearing2_5,0.3010526895523071,1.1590529680252075,0.2923623996087666,0.86,0.14,0.0
pronostia,vtoi_static,42,Full_Test_Set_Bearing2_6,0.2866626679897308,0.3344398438930511,-0.0164029340082567,0.88,0.12,0.0
pronostia,vtoi_static,43,Full_Test_Set_Bearing2_6,0.2741909325122833,0.3198894262313843,0.1631434130911721,0.88,0.12,0.0
pronostia,vtoi_static,44,Full_Test_Set_Bearing2_6,0.2772682905197143,0.3234796822071075,-0.0931046775472755,0.88,0.12,0.0
pronostia,vtoi_static,42,Full_Test_Set_Bearing2_7,0.2722364366054535,0.103903591632843,-0.2354341578218056,0.88,0.12,0.0
pronostia,vtoi_static,43,Full_Test_Set_Bearing2_7,0.2736551463603973,0.1044450476765632,-0.3730764154123214,0.88,0.12,0.0
pronostia,vtoi_static,44,Full_Test_Set_Bearing2_7,0.2745046615600586,0.1047692745923996,-0.2052169027207001,0.88,0.12,0.0
pronostia,vtoi_static,42,Full_Test_Set_Bearing3_3,0.2200038880109787,0.1587694883346557,-0.5996481673799744,0.88,0.12,0.0
pronostia,vtoi_static,43,Full_Test_Set_Bearing3_3,0.2763470113277435,0.1994304358959198,-0.3397578496335217,0.88,0.12,0.0
pronostia,vtoi_static,44,Full_Test_Set_Bearing3_3,0.2462836056947708,0.1777346730232238,-0.6203455138430668,0.88,0.12,0.0
pronostia,vtoi_static,42,Learning_set_Bearing1_1,0.2648981213569641,1.2370742559432983,-0.7095578667773866,0.88,0.12,0.0767035319300749
pronostia,vtoi_static,43,Learning_set_Bearing1_1,0.1975022107362747,0.9223353266716005,-0.8545608955002054,0.88,0.12,0.0767035319300749
pronostia,vtoi_static,44,Learning_set_Bearing1_1,0.1892542988061905,0.8838176131248474,-0.8787385096786935,0.88,0.12,0.0767035319300749
pronostia,vtoi_static,42,Learning_set_Bearing1_2,0.2864548563957214,0.4153595864772796,-0.1993065079733741,0.88,0.12,0.0
pronostia,vtoi_static,43,Learning_set_Bearing1_2,0.2796539068222046,0.4054981768131256,-0.2482622003790041,0.88,0.12,0.0
pronostia,vtoi_static,44,Learning_set_Bearing1_2,0.2825174033641815,0.4096502065658569,-0.025580915334735,0.88,0.12,0.0
pronostia,vtoi_static,42,Learning_set_Bearing2_1,0.2969943284988403,0.4504413902759552,-0.3218226101591068,0.88,0.12,0.0
pronostia,vtoi_static,43,Learning_set_Bearing2_1,0.280848354101181,0.4259533286094665,-0.2240044889823501,0.88,0.12,0.0
pronostia,vtoi_static,44,Learning_set_Bearing2_1,0.3000886142253876,0.4551343917846679,-0.3280119145056085,0.88,0.12,0.0
pronostia,vtoi_static,42,Learning_set_Bearing2_2,0.3403314054012298,0.4515063464641571,-0.7343687745433581,0.88,0.12,0.0
pronostia,vtoi_static,43,Learning_set_Bearing2_2,0.3617737889289856,0.4799532890319824,-0.7449507074868065,0.88,0.12,0.0
pronostia,vtoi_static,44,Learning_set_Bearing2_2,0.3001710176467895,0.3982269167900085,-0.7169241744172163,0.88,0.12,0.0
pronostia,vtoi_static,42,Learning_set_Bearing3_1,0.2658934891223907,0.2277820855379104,0.0065059918714643,0.87,0.13,0.0
pronostia,vtoi_static,43,Learning_set_Bearing3_1,0.2792896926403045,0.2392581701278686,0.0484866927109621,0.87,0.13,0.0
pronostia,vtoi_static,44,Learning_set_Bearing3_1,0.274379700422287,0.2350519597530365,-0.032318028880791,0.87,0.13,0.0
pronostia,vtoi_static,42,Learning_set_Bearing3_2,0.2737855911254883,0.746522068977356,-0.2357644779286161,0.89,0.11,0.1111789859499083
pronostia,vtoi_static,43,Learning_set_Bearing3_2,0.2734760344028473,0.7456781268119812,-0.1012004201195935,0.89,0.11,0.1111789859499083
pronostia,vtoi_static,44,Learning_set_Bearing3_2,0.285849004983902,0.7794150710105896,-0.0557328018586116,0.89,0.11,0.1111789859499083
pronostia,vtoi_traj,42,Full_Test_Set_Bearing1_3,0.1695567369461059,0.6708794832229614,-0.6367580831580266,0.86,0.14,0.2164210526315789
pronostia,vtoi_traj,43,Full_Test_Set_Bearing1_3,0.1748982667922973,0.6920141577720642,-0.7954912230606468,0.86,0.14,0.2164210526315789
pronostia,vtoi_traj,44,Full_Test_Set_Bearing1_3,0.1682109832763672,0.6655547618865967,-0.8012326622549474,0.86,0.14,0.2164210526315789
pronostia,vtoi_traj,42,Full_Test_Set_Bearing1_4,0.2209192663431167,0.5254197120666504,-0.5822648841819293,0.87,0.13,0.1953781512605042
pronostia,vtoi_traj,43,Full_Test_Set_Bearing1_4,0.1984345316886901,0.4719434082508087,-0.5175113605079311,0.87,0.13,0.1953781512605042
pronostia,vtoi_traj,44,Full_Test_Set_Bearing1_4,0.1988579183816909,0.4729503989219665,-0.5222168636247401,0.87,0.13,0.1953781512605042
pronostia,vtoi_traj,42,Full_Test_Set_Bearing1_5,0.2845740616321563,1.167702317237854,0.0332316763913429,0.88,0.12,0.0012180267965895
pronostia,vtoi_traj,43,Full_Test_Set_Bearing1_5,0.2879244089126587,1.1814498901367188,0.1706744723292072,0.88,0.12,0.0012180267965895
pronostia,vtoi_traj,44,Full_Test_Set_Bearing1_5,0.2897886037826538,1.1890993118286133,0.0422686003375339,0.88,0.12,0.0012180267965895
pronostia,vtoi_traj,42,Full_Test_Set_Bearing1_6,0.2750540375709533,1.1217621564865112,0.0858347649407631,0.88,0.12,0.0
pronostia,vtoi_traj,43,Full_Test_Set_Bearing1_6,0.2827715873718261,1.1532368659973145,-0.0503312238123363,0.88,0.12,0.0
pronostia,vtoi_traj,44,Full_Test_Set_Bearing1_6,0.2794798910617828,1.1398122310638428,0.1218137159823836,0.88,0.12,0.0
pronostia,vtoi_traj,42,Full_Test_Set_Bearing1_7,0.299244225025177,1.1261558532714844,0.0569892761304377,0.88,0.12,0.0004426737494466
pronostia,vtoi_traj,43,Full_Test_Set_Bearing1_7,0.2778529524803161,1.0456533432006836,-0.4046447183989091,0.88,0.12,0.0004426737494466
pronostia,vtoi_traj,44,Full_Test_Set_Bearing1_7,0.2812203466892242,1.0583258867263794,-0.4941888157634895,0.88,0.12,0.0004426737494466
pronostia,vtoi_traj,42,Full_Test_Set_Bearing2_3,0.2997088432312011,0.9760518670082092,0.2528878101374568,0.87,0.13,0.0
pronostia,vtoi_traj,43,Full_Test_Set_Bearing2_3,0.3059051632881164,0.996231198310852,0.2732752768481619,0.87,0.13,0.0
pronostia,vtoi_traj,44,Full_Test_Set_Bearing2_3,0.2954559028148651,0.9622014164924622,-0.0140216612757123,0.87,0.13,0.0
pronostia,vtoi_traj,42,Full_Test_Set_Bearing2_4,0.2921787798404693,0.3652234971523285,0.0722802545539616,0.88,0.12,0.0
pronostia,vtoi_traj,43,Full_Test_Set_Bearing2_4,0.2888248264789581,0.361031025648117,-0.0738699021757357,0.88,0.12,0.0
pronostia,vtoi_traj,44,Full_Test_Set_Bearing2_4,0.2871289551258087,0.3589111864566803,-0.0562996315255402,0.88,0.12,0.0
pronostia,vtoi_traj,42,Full_Test_Set_Bearing2_5,0.3042052090167999,1.1711900234222412,0.1055551593571813,0.86,0.14,0.0
pronostia,vtoi_traj,43,Full_Test_Set_Bearing2_5,0.3022820949554443,1.1637861728668213,0.3054579671851596,0.86,0.14,0.0
pronostia,vtoi_traj,44,Full_Test_Set_Bearing2_5,0.3036608695983886,1.169094443321228,0.3082579589926779,0.86,0.14,0.0
pronostia,vtoi_traj,42,Full_Test_Set_Bearing2_6,0.2792882323265075,0.3258362710475921,0.0936901925025024,0.88,0.12,0.0
pronostia,vtoi_traj,43,Full_Test_Set_Bearing2_6,0.2791801393032074,0.3257102072238922,0.1687080439245639,0.88,0.12,0.0
pronostia,vtoi_traj,44,Full_Test_Set_Bearing2_6,0.2704205811023712,0.3154906928539276,-0.0800343240841027,0.88,0.12,0.0
pronostia,vtoi_traj,42,Full_Test_Set_Bearing2_7,0.2894156277179718,0.1104602962732315,-0.134693782332917,0.88,0.12,0.0
pronostia,vtoi_traj,43,Full_Test_Set_Bearing2_7,0.263425350189209,0.1005406826734542,-0.1582178462981459,0.88,0.12,0.0
pronostia,vtoi_traj,44,Full_Test_Set_Bearing2_7,0.2755061984062195,0.1051515489816665,-0.1940948916131769,0.88,0.12,0.0
pronostia,vtoi_traj,42,Full_Test_Set_Bearing3_3,0.2730038166046142,0.1970177590847015,0.1468373904409454,0.88,0.12,0.0
pronostia,vtoi_traj,43,Full_Test_Set_Bearing3_3,0.2681692540645599,0.1935288459062576,-0.6020392355903432,0.88,0.12,0.0
pronostia,vtoi_traj,44,Full_Test_Set_Bearing3_3,0.2011387050151825,0.1451551020145416,-0.6860859950380939,0.88,0.12,0.0
pronostia,vtoi_traj,42,Learning_set_Bearing1_1,0.2001711875200271,0.9347993731498718,-0.8656215314198519,0.88,0.12,0.0767035319300749
pronostia,vtoi_traj,43,Learning_set_Bearing1_1,0.250802606344223,1.171248197555542,-0.7827352319087456,0.88,0.12,0.0767035319300749
pronostia,vtoi_traj,44,Learning_set_Bearing1_1,0.1826155483722686,0.8528146743774414,-0.8814839132843227,0.88,0.12,0.0767035319300749
pronostia,vtoi_traj,42,Learning_set_Bearing1_2,0.2850140333175659,0.4132703840732574,-0.1466192769989033,0.88,0.12,0.0
pronostia,vtoi_traj,43,Learning_set_Bearing1_2,0.2663140892982483,0.3861554265022278,-0.1589137155002252,0.88,0.12,0.0
pronostia,vtoi_traj,44,Learning_set_Bearing1_2,0.2682775557041168,0.3890025019645691,-0.2331214437668165,0.88,0.12,0.0
pronostia,vtoi_traj,42,Learning_set_Bearing2_1,0.2991484403610229,0.4537084400653839,-0.2988574190987066,0.88,0.12,0.0
pronostia,vtoi_traj,43,Learning_set_Bearing2_1,0.2751418650150299,0.4172984659671783,-0.1359015942900521,0.88,0.12,0.0
pronostia,vtoi_traj,44,Learning_set_Bearing2_1,0.2832947671413421,0.4296637773513794,-0.2734823832013072,0.88,0.12,0.0
pronostia,vtoi_traj,42,Learning_set_Bearing2_2,0.3294260501861572,0.4370386004447937,-0.7890907546096776,0.88,0.12,0.0
pronostia,vtoi_traj,43,Learning_set_Bearing2_2,0.3352361619472503,0.4447466731071472,-0.7664037138375679,0.88,0.12,0.0
pronostia,vtoi_traj,44,Learning_set_Bearing2_2,0.3993258476257324,0.5297722816467285,-0.7554169142471199,0.88,0.12,0.0
pronostia,vtoi_traj,42,Learning_set_Bearing3_1,0.2646442949771881,0.2267119437456131,-0.0364575915736069,0.87,0.13,0.0
pronostia,vtoi_traj,43,Learning_set_Bearing3_1,0.268911749124527,0.2303677499294281,0.0571621941734662,0.87,0.13,0.0
pronostia,vtoi_traj,44,Learning_set_Bearing3_1,0.2710863351821899,0.2322306185960769,0.0208878064653847,0.87,0.13,0.0
pronostia,vtoi_traj,42,Learning_set_Bearing3_2,0.2721893489360809,0.7421696782112122,-0.306469126058589,0.89,0.11,0.1111789859499083
pronostia,vtoi_traj,43,Learning_set_Bearing3_2,0.275027334690094,0.7499078512191772,-0.0639516669444464,0.89,0.11,0.1111789859499083
pronostia,vtoi_traj,44,Learning_set_Bearing3_2,0.2727983593940735,0.7438302040100098,-0.0159790951642609,0.89,0.11,0.1111789859499083
xjtu_sy,abl_E_only,42,35Hz12kN_Bearing1_1,0.1373316496610641,0.1675446182489395,-0.9029861766294276,1.0,0.0,0.0
xjtu_sy,abl_E_only,43,35Hz12kN_Bearing1_1,0.129467636346817,0.1579505205154419,-0.8470767522695631,1.0,0.0,0.0
xjtu_sy,abl_E_only,44,35Hz12kN_Bearing1_1,0.1172707602381706,0.1430703252553939,-0.8606693187925192,1.0,0.0,0.0
xjtu_sy,abl_E_only,42,35Hz12kN_Bearing1_2,0.3481389880180359,0.5570224523544312,-0.736002150436771,1.0,0.0,0.0683229813664596
xjtu_sy,abl_E_only,43,35Hz12kN_Bearing1_2,0.3425526618957519,0.5480843186378479,-0.5172266424937403,1.0,0.0,0.0683229813664596
xjtu_sy,abl_E_only,44,35Hz12kN_Bearing1_2,0.304940402507782,0.4879046976566314,-0.7526060738189246,1.0,0.0,0.0683229813664596
xjtu_sy,abl_E_only,42,35Hz12kN_Bearing1_3,0.1894136220216751,0.2973794043064117,-0.9639617700545318,1.0,0.0,0.0759493670886076
xjtu_sy,abl_E_only,43,35Hz12kN_Bearing1_3,0.1780430525541305,0.2795276045799255,-0.9158752055369164,1.0,0.0,0.0759493670886076
xjtu_sy,abl_E_only,44,35Hz12kN_Bearing1_3,0.1574873626232147,0.2472551614046096,-0.9635059285368112,1.0,0.0,0.0759493670886076
xjtu_sy,abl_E_only,42,35Hz12kN_Bearing1_4,0.2736073136329651,0.3310648202896118,-0.7161524461678905,1.0,0.0,0.0
xjtu_sy,abl_E_only,43,35Hz12kN_Bearing1_4,0.2814838588237762,0.3405954539775848,-0.522376089704078,1.0,0.0,0.0
xjtu_sy,abl_E_only,44,35Hz12kN_Bearing1_4,0.2816440761089325,0.3407893180847168,-0.7932802881375814,1.0,0.0,0.0
xjtu_sy,abl_E_only,42,35Hz12kN_Bearing1_5,0.1544222235679626,0.0787553489208221,-0.8421178564708124,1.0,0.0,0.0384615384615384
xjtu_sy,abl_E_only,43,35Hz12kN_Bearing1_5,0.1538717448711395,0.0784745961427688,-0.7792284172210516,1.0,0.0,0.0384615384615384
xjtu_sy,abl_E_only,44,35Hz12kN_Bearing1_5,0.1596768498420715,0.0814352110028266,-0.9304457205856448,1.0,0.0,0.0384615384615384
xjtu_sy,abl_E_only,42,37.5Hz11kN_Bearing2_1,0.2664988338947296,1.3058443069458008,-0.2250472753370025,1.0,0.0,0.0122199592668024
xjtu_sy,abl_E_only,43,37.5Hz11kN_Bearing2_1,0.2507305741310119,1.2285799980163574,-0.1445955069101223,1.0,0.0,0.0122199592668024
xjtu_sy,abl_E_only,44,37.5Hz11kN_Bearing2_1,0.2538966238498688,1.2440935373306274,0.1687950035184736,1.0,0.0,0.0122199592668024
xjtu_sy,abl_E_only,42,37.5Hz11kN_Bearing2_2,0.2553339302539825,0.4085343778133392,-0.8372976858812378,1.0,0.0,0.1055900621118012
xjtu_sy,abl_E_only,43,37.5Hz11kN_Bearing2_2,0.1748244762420654,0.2797191441059112,-0.909419583503558,1.0,0.0,0.1055900621118012
xjtu_sy,abl_E_only,44,37.5Hz11kN_Bearing2_2,0.2225845456123352,0.3561353087425232,-0.8774731708037611,1.0,0.0,0.1055900621118012
xjtu_sy,abl_E_only,42,37.5Hz11kN_Bearing2_3,0.1355165988206863,0.7209482192993164,-0.912006745252458,1.0,0.0,0.0056285178236397
xjtu_sy,abl_E_only,43,37.5Hz11kN_Bearing2_3,0.165881410241127,0.8824892044067383,-0.8682436018498209,1.0,0.0,0.0056285178236397
xjtu_sy,abl_E_only,44,37.5Hz11kN_Bearing2_3,0.1280282139778137,0.6811100840568542,-0.9142632840781896,1.0,0.0,0.0056285178236397
xjtu_sy,abl_E_only,42,37.5Hz11kN_Bearing2_4,0.1503850221633911,0.0616578608751297,-0.9415544464464866,1.0,0.0,0.0476190476190476
xjtu_sy,abl_E_only,43,37.5Hz11kN_Bearing2_4,0.1697446554899215,0.0695953071117401,-0.4966450250514329,1.0,0.0,0.0476190476190476
xjtu_sy,abl_E_only,44,37.5Hz11kN_Bearing2_4,0.1641860753297805,0.06731628626585,-0.9162316712370432,1.0,0.0,0.0476190476190476
xjtu_sy,abl_E_only,42,37.5Hz11kN_Bearing2_5,0.3677388727664947,1.242957592010498,-0.8971106887408048,1.0,0.0,0.0058997050147492
xjtu_sy,abl_E_only,43,37.5Hz11kN_Bearing2_5,0.2099802494049072,0.709733247756958,-0.9426431397564208,1.0,0.0,0.0058997050147492
xjtu_sy,abl_E_only,44,37.5Hz11kN_Bearing2_5,0.240991398692131,0.8145509958267212,-0.924014099966624,1.0,0.0,0.0058997050147492
xjtu_sy,abl_E_only,42,40Hz10kN_Bearing3_1,0.2593739330768585,6.580316543579102,-0.2552667978569647,1.0,0.0,0.0283687943262411
xjtu_sy,abl_E_only,43,40Hz10kN_Bearing3_1,0.2655594050884247,6.737242221832275,-0.3419991341541612,1.0,0.0,0.0283687943262411
xjtu_sy,abl_E_only,44,40Hz10kN_Bearing3_1,0.2655180394649505,6.73619270324707,-0.2175299280484888,1.0,0.0,0.0283687943262411
xjtu_sy,abl_E_only,42,40Hz10kN_Bearing3_2,0.2582219541072845,6.442639350891113,-0.5028364163674401,1.0,0.0,0.0112179487179487
xjtu_sy,abl_E_only,43,40Hz10kN_Bearing3_2,0.2528809309005737,6.3093791007995605,-0.473646388534003,1.0,0.0,0.0112179487179487
xjtu_sy,abl_E_only,44,40Hz10kN_Bearing3_2,0.2903890013694763,7.245204925537109,-0.4644019944656726,1.0,0.0,0.0112179487179487
xjtu_sy,abl_E_only,42,40Hz10kN_Bearing3_3,0.2342278212308883,0.866642951965332,0.0677292594548673,1.0,0.0,0.0053908355795148
xjtu_sy,abl_E_only,43,40Hz10kN_Bearing3_3,0.2382273077964782,0.8814411163330078,0.1987441827796082,1.0,0.0,0.0053908355795148
xjtu_sy,abl_E_only,44,40Hz10kN_Bearing3_3,0.2517350614070892,0.9314196705818176,0.3952228594468203,1.0,0.0,0.0053908355795148
xjtu_sy,abl_E_only,42,40Hz10kN_Bearing3_4,0.262436956167221,3.973296403884888,-0.110573405201633,1.0,0.0,0.0389438943894389
xjtu_sy,abl_E_only,43,40Hz10kN_Bearing3_4,0.2657551765441894,4.023533344268799,-0.248857401220312,1.0,0.0,0.0389438943894389
xjtu_sy,abl_E_only,44,40Hz10kN_Bearing3_4,0.2651192843914032,4.013906002044678,-0.1498713062558487,1.0,0.0,0.0389438943894389
xjtu_sy,abl_E_only,42,40Hz10kN_Bearing3_5,0.4744861423969269,0.5361692309379578,-0.2402205683412782,1.0,0.0,0.0263157894736842
xjtu_sy,abl_E_only,43,40Hz10kN_Bearing3_5,0.4526326954364776,0.5114749073982239,-0.2208540917950225,1.0,0.0,0.0263157894736842
xjtu_sy,abl_E_only,44,40Hz10kN_Bearing3_5,0.4680769443511963,0.5289269685745239,-0.367812212069109,1.0,0.0,0.0263157894736842
xjtu_sy,abl_cond_noaux,42,35Hz12kN_Bearing1_1,0.126569002866745,0.1544141918420791,-0.7302939515598336,1.0,0.0,0.0
xjtu_sy,abl_cond_noaux,43,35Hz12kN_Bearing1_1,0.2442328184843063,0.2979640662670135,-0.8487572024334832,1.0,0.0,0.0
xjtu_sy,abl_cond_noaux,44,35Hz12kN_Bearing1_1,0.1538915336132049,0.1877476722002029,0.7651348978091163,1.0,0.0,0.0
xjtu_sy,abl_cond_noaux,42,35Hz12kN_Bearing1_2,0.3035107851028442,0.4856173098087311,0.8453661037655595,1.0,0.0,0.0683229813664596
xjtu_sy,abl_cond_noaux,43,35Hz12kN_Bearing1_2,0.2998350858688354,0.479736179113388,0.7758479591883556,1.0,0.0,0.0683229813664596
xjtu_sy,abl_cond_noaux,44,35Hz12kN_Bearing1_2,0.3115738928318023,0.4985182881355285,-0.5027339000221914,1.0,0.0,0.0683229813664596
xjtu_sy,abl_cond_noaux,42,35Hz12kN_Bearing1_3,0.2435571700334549,0.3823847472667694,0.7647558830760269,1.0,0.0,0.0759493670886076
xjtu_sy,abl_cond_noaux,43,35Hz12kN_Bearing1_3,0.1623785942792892,0.2549343705177307,0.3784789246941998,1.0,0.0,0.0759493670886076
xjtu_sy,abl_cond_noaux,44,35Hz12kN_Bearing1_3,0.1590403318405151,0.2496933341026306,0.9211189548580058,1.0,0.0,0.0759493670886076
xjtu_sy,abl_cond_noaux,42,35Hz12kN_Bearing1_4,0.2767621576786041,0.3348822295665741,-0.0933584250311091,1.0,0.0,0.0
xjtu_sy,abl_cond_noaux,43,35Hz12kN_Bearing1_4,0.2816224992275238,0.3407632410526275,0.1051845808680222,1.0,0.0,0.0
xjtu_sy,abl_cond_noaux,44,35Hz12kN_Bearing1_4,0.2757423520088196,0.3336482048034668,0.2004438580543826,1.0,0.0,0.0
xjtu_sy,abl_cond_noaux,42,35Hz12kN_Bearing1_5,0.1398064792156219,0.0713013038039207,0.7233168792363628,1.0,0.0,0.0384615384615384
xjtu_sy,abl_cond_noaux,43,35Hz12kN_Bearing1_5,0.1739521622657776,0.0887155979871749,-0.7406449489537026,1.0,0.0,0.0384615384615384
xjtu_sy,abl_cond_noaux,44,35Hz12kN_Bearing1_5,0.1586100459098816,0.0808911323547363,0.7724436587477793,1.0,0.0,0.0384615384615384
xjtu_sy,abl_cond_noaux,42,37.5Hz11kN_Bearing2_1,0.2746351361274719,1.345712184906006,-0.0904288257553176,1.0,0.0,0.0122199592668024
xjtu_sy,abl_cond_noaux,43,37.5Hz11kN_Bearing2_1,0.2663869857788086,1.3052963018417358,0.1932156776489164,1.0,0.0,0.0122199592668024
xjtu_sy,abl_cond_noaux,44,37.5Hz11kN_Bearing2_1,0.2503200471401214,1.2265684604644775,0.165459672379899,1.0,0.0,0.0122199592668024
xjtu_sy,abl_cond_noaux,42,37.5Hz11kN_Bearing2_2,0.2480590939521789,0.3968946039676666,0.8367932727070982,1.0,0.0,0.1055900621118012
xjtu_sy,abl_cond_noaux,43,37.5Hz11kN_Bearing2_2,0.2423888742923736,0.3878222405910492,0.8404244953194466,1.0,0.0,0.1055900621118012
xjtu_sy,abl_cond_noaux,44,37.5Hz11kN_Bearing2_2,0.228381872177124,0.3654110729694366,-0.8654508711464804,1.0,0.0,0.1055900621118012
xjtu_sy,abl_cond_noaux,42,37.5Hz11kN_Bearing2_3,0.2109501957893371,1.1222550868988037,-0.8340084990923196,1.0,0.0,0.0056285178236397
xjtu_sy,abl_cond_noaux,43,37.5Hz11kN_Bearing2_3,0.1320863515138626,0.7026993632316589,0.6981192519478301,1.0,0.0,0.0056285178236397
xjtu_sy,abl_cond_noaux,44,37.5Hz11kN_Bearing2_3,0.1339413225650787,0.7125678658485413,0.7425390412992992,1.0,0.0,0.0056285178236397
xjtu_sy,abl_cond_noaux,42,37.5Hz11kN_Bearing2_4,0.1396427154541015,0.0572535134851932,-0.6824571769194011,1.0,0.0,0.0476190476190476
xjtu_sy,abl_cond_noaux,43,37.5Hz11kN_Bearing2_4,0.1475830376148224,0.0605090446770191,-0.5960914204103726,1.0,0.0,0.0476190476190476
xjtu_sy,abl_cond_noaux,44,37.5Hz11kN_Bearing2_4,0.1487003564834594,0.0609671510756015,-0.7681521314361264,1.0,0.0,0.0476190476190476
xjtu_sy,abl_cond_noaux,42,37.5Hz11kN_Bearing2_5,0.1917536854743957,0.6481274366378784,-0.9089492151082998,1.0,0.0,0.0058997050147492
xjtu_sy,abl_cond_noaux,43,37.5Hz11kN_Bearing2_5,0.3201432228088379,1.0820841789245603,-0.2640693620054647,1.0,0.0,0.0058997050147492
xjtu_sy,abl_cond_noaux,44,37.5Hz11kN_Bearing2_5,0.2887795269489288,0.9760748744010924,-0.2719133107096531,1.0,0.0,0.0058997050147492
xjtu_sy,abl_cond_noaux,42,40Hz10kN_Bearing3_1,0.2578732967376709,6.542246341705322,-0.1062521856503574,1.0,0.0,0.0283687943262411
xjtu_sy,abl_cond_noaux,43,40Hz10kN_Bearing3_1,0.2653645873069763,6.732300281524658,-0.2824605318205577,1.0,0.0,0.0283687943262411
xjtu_sy,abl_cond_noaux,44,40Hz10kN_Bearing3_1,0.2572311758995056,6.525955677032471,-0.124656193580708,1.0,0.0,0.0283687943262411
xjtu_sy,abl_cond_noaux,42,40Hz10kN_Bearing3_2,0.2880718410015106,7.187393665313721,0.1482137612077184,1.0,0.0,0.0112179487179487
xjtu_sy,abl_cond_noaux,43,40Hz10kN_Bearing3_2,0.254218578338623,6.342753410339356,-0.4679914584024182,1.0,0.0,0.0112179487179487
xjtu_sy,abl_cond_noaux,44,40Hz10kN_Bearing3_2,0.2492435723543167,6.218627452850342,-0.5268299918743133,1.0,0.0,0.0112179487179487
xjtu_sy,abl_cond_noaux,42,40Hz10kN_Bearing3_3,0.2470910251140594,0.9142367839813232,-0.2913493062765757,1.0,0.0,0.0053908355795148
xjtu_sy,abl_cond_noaux,43,40Hz10kN_Bearing3_3,0.2573315501213074,0.9521267414093018,0.2642793146804016,1.0,0.0,0.0053908355795148
xjtu_sy,abl_cond_noaux,44,40Hz10kN_Bearing3_3,0.2447610795497894,0.9056159853935242,0.2057736067770568,1.0,0.0,0.0053908355795148
xjtu_sy,abl_cond_noaux,42,40Hz10kN_Bearing3_4,0.27834552526474,4.214151382446289,0.0094976433938895,1.0,0.0,0.0389438943894389
xjtu_sy,abl_cond_noaux,43,40Hz10kN_Bearing3_4,0.2634468674659729,3.988586187362671,0.091844389045581,1.0,0.0,0.0389438943894389
xjtu_sy,abl_cond_noaux,44,40Hz10kN_Bearing3_4,0.2627232372760772,3.9776298999786377,0.0436749702227253,1.0,0.0,0.0389438943894389
xjtu_sy,abl_cond_noaux,42,40Hz10kN_Bearing3_5,0.4166178405284881,0.4707781374454498,0.1868642913313214,1.0,0.0,0.0263157894736842
xjtu_sy,abl_cond_noaux,43,40Hz10kN_Bearing3_5,0.5401957035064697,0.6104211807250977,0.5643848820585167,1.0,0.0,0.0263157894736842
xjtu_sy,abl_cond_noaux,44,40Hz10kN_Bearing3_5,0.4038966298103332,0.4564032256603241,-0.4626207938112399,1.0,0.0,0.0263157894736842
xjtu_sy,abl_no_idxhead,42,35Hz12kN_Bearing1_1,0.1423123180866241,0.1736210286617279,-0.882837195665987,1.0,0.0,0.0
xjtu_sy,abl_no_idxhead,43,35Hz12kN_Bearing1_1,0.175015777349472,0.2135192602872848,-0.7716579971355739,1.0,0.0,0.0
xjtu_sy,abl_no_idxhead,44,35Hz12kN_Bearing1_1,0.1060647144913673,0.1293989717960357,-0.8418995835497902,1.0,0.0,0.0
xjtu_sy,abl_no_idxhead,42,35Hz12kN_Bearing1_2,0.3301455974578857,0.5282330513000488,-0.711109653225074,1.0,0.0,0.0683229813664596
xjtu_sy,abl_no_idxhead,43,35Hz12kN_Bearing1_2,0.3065510392189026,0.4904817342758178,-0.8054018495472348,1.0,0.0,0.0683229813664596
xjtu_sy,abl_no_idxhead,44,35Hz12kN_Bearing1_2,0.3055347502231598,0.488855630159378,-0.7087712400771844,1.0,0.0,0.0683229813664596
xjtu_sy,abl_no_idxhead,42,35Hz12kN_Bearing1_3,0.2268332242965698,0.3561281859874725,-0.9587934703639616,1.0,0.0,0.0759493670886076
xjtu_sy,abl_no_idxhead,43,35Hz12kN_Bearing1_3,0.1602626740932464,0.2516123950481415,-0.7929709011556292,1.0,0.0,0.0759493670886076
xjtu_sy,abl_no_idxhead,44,35Hz12kN_Bearing1_3,0.1838705092668533,0.2886766791343689,-0.955659166962807,1.0,0.0,0.0759493670886076
xjtu_sy,abl_no_idxhead,42,35Hz12kN_Bearing1_4,0.2812987864017486,0.3403715193271637,0.1901919551601528,1.0,0.0,0.0
xjtu_sy,abl_no_idxhead,43,35Hz12kN_Bearing1_4,0.2778486907482147,0.3361969292163849,-0.6929853910307957,1.0,0.0,0.0
xjtu_sy,abl_no_idxhead,44,35Hz12kN_Bearing1_4,0.284117192029953,0.3437817692756653,-0.7369549582142966,1.0,0.0,0.0
xjtu_sy,abl_no_idxhead,42,35Hz12kN_Bearing1_5,0.1700367629528045,0.0867187678813934,-0.8198592347138746,1.0,0.0,0.0384615384615384
xjtu_sy,abl_no_idxhead,43,35Hz12kN_Bearing1_5,0.1632900834083557,0.083277940750122,-0.7143074370966498,1.0,0.0,0.0384615384615384
xjtu_sy,abl_no_idxhead,44,35Hz12kN_Bearing1_5,0.160289466381073,0.0817476436495781,-0.866496346966506,1.0,0.0,0.0384615384615384
xjtu_sy,abl_no_idxhead,42,37.5Hz11kN_Bearing2_1,0.2480124682188034,1.2152612209320068,-0.1640806898333987,1.0,0.0,0.0122199592668024
xjtu_sy,abl_no_idxhead,43,37.5Hz11kN_Bearing2_1,0.2659590244293213,1.3031994104385376,-0.089944114118824,1.0,0.0,0.0122199592668024
xjtu_sy,abl_no_idxhead,44,37.5Hz11kN_Bearing2_1,0.2480994611978531,1.2156875133514404,0.1205877240880182,1.0,0.0,0.0122199592668024
xjtu_sy,abl_no_idxhead,42,37.5Hz11kN_Bearing2_2,0.2259542644023895,0.3615268468856811,-0.8811949963101353,1.0,0.0,0.1055900621118012
xjtu_sy,abl_no_idxhead,43,37.5Hz11kN_Bearing2_2,0.1931787580251693,0.3090860545635223,-0.9169167859624412,1.0,0.0,0.1055900621118012
xjtu_sy,abl_no_idxhead,44,37.5Hz11kN_Bearing2_2,0.2699176967144012,0.431868314743042,-0.7151498123279167,1.0,0.0,0.1055900621118012
xjtu_sy,abl_no_idxhead,42,37.5Hz11kN_Bearing2_3,0.1698356121778488,0.9035255312919616,-0.8921401119050878,1.0,0.0,0.0056285178236397
xjtu_sy,abl_no_idxhead,43,37.5Hz11kN_Bearing2_3,0.1420637816190719,0.7557793259620667,-0.9244537478895656,1.0,0.0,0.0056285178236397
xjtu_sy,abl_no_idxhead,44,37.5Hz11kN_Bearing2_3,0.1362162977457046,0.7246706485748291,-0.9051287657674064,1.0,0.0,0.0056285178236397
xjtu_sy,abl_no_idxhead,42,37.5Hz11kN_Bearing2_4,0.1546665430068969,0.0634132921695709,-0.9162316712370432,1.0,0.0,0.0476190476190476
xjtu_sy,abl_no_idxhead,43,37.5Hz11kN_Bearing2_4,0.1585237830877304,0.0649947449564933,-0.9106975548005424,1.0,0.0,0.0476190476190476
xjtu_sy,abl_no_idxhead,44,37.5Hz11kN_Bearing2_4,0.1780580133199691,0.0730037912726402,-0.9128776612755276,1.0,0.0,0.0476190476190476
xjtu_sy,abl_no_idxhead,42,37.5Hz11kN_Bearing2_5,0.2264766246080398,0.7654910683631897,-0.908751688884352,1.0,0.0,0.0058997050147492
xjtu_sy,abl_no_idxhead,43,37.5Hz11kN_Bearing2_5,0.1909160315990448,0.6452960968017578,-0.9387933802429824,1.0,0.0,0.0058997050147492
xjtu_sy,abl_no_idxhead,44,37.5Hz11kN_Bearing2_5,0.2389192432165146,0.8075469732284546,-0.9320131473540558,1.0,0.0,0.0058997050147492
xjtu_sy,abl_no_idxhead,42,40Hz10kN_Bearing3_1,0.2636279761791229,6.688241958618164,-0.1311081745239642,1.0,0.0,0.0283687943262411
xjtu_sy,abl_no_idxhead,43,40Hz10kN_Bearing3_1,0.2697418630123138,6.843351364135742,-0.0915735775193714,1.0,0.0,0.0283687943262411
xjtu_sy,abl_no_idxhead,44,40Hz10kN_Bearing3_1,0.2702589929103851,6.856470584869385,-0.2639056561024004,1.0,0.0,0.0283687943262411
xjtu_sy,abl_no_idxhead,42,40Hz10kN_Bearing3_2,0.2470694780349731,6.164383888244629,-0.5245112756172411,1.0,0.0,0.0112179487179487
xjtu_sy,abl_no_idxhead,43,40Hz10kN_Bearing3_2,0.2499642074108123,6.236607074737549,-0.5038916429197313,1.0,0.0,0.0112179487179487
xjtu_sy,abl_no_idxhead,44,40Hz10kN_Bearing3_2,0.2611537277698517,6.5157856941223145,-0.650383119418019,1.0,0.0,0.0112179487179487
xjtu_sy,abl_no_idxhead,42,40Hz10kN_Bearing3_3,0.2355038225650787,0.8713641166687012,0.2140712323885563,1.0,0.0,0.0053908355795148
xjtu_sy,abl_no_idxhead,43,40Hz10kN_Bearing3_3,0.2320974916219711,0.8587607145309448,0.2687305298417177,1.0,0.0,0.0053908355795148
xjtu_sy,abl_no_idxhead,44,40Hz10kN_Bearing3_3,0.2444660365581512,0.9045242071151732,0.4028391874693441,1.0,0.0,0.0053908355795148
xjtu_sy,abl_no_idxhead,42,40Hz10kN_Bearing3_4,0.2611517608165741,3.953837633132935,-0.0095863928798075,1.0,0.0,0.0389438943894389
xjtu_sy,abl_no_idxhead,43,40Hz10kN_Bearing3_4,0.2640692889690399,3.998009204864502,-0.1496428381951681,1.0,0.0,0.0389438943894389
xjtu_sy,abl_no_idxhead,44,40Hz10kN_Bearing3_4,0.2611043155193329,3.9531195163726807,-0.2425696099840506,1.0,0.0,0.0389438943894389
xjtu_sy,abl_no_idxhead,42,40Hz10kN_Bearing3_5,0.5028010010719299,0.5681650042533875,-0.4666348752762578,1.0,0.0,0.0263157894736842
xjtu_sy,abl_no_idxhead,43,40Hz10kN_Bearing3_5,0.4865573048591614,0.5498097538948059,-0.0494218067639737,1.0,0.0,0.0263157894736842
xjtu_sy,abl_no_idxhead,44,40Hz10kN_Bearing3_5,0.4634467363357544,0.5236948132514954,-0.4272147516615512,1.0,0.0,0.0263157894736842
xjtu_sy,abl_no_mono,42,35Hz12kN_Bearing1_1,0.1376562714576721,0.1679406315088272,-0.8942176386175599,1.0,0.0,0.0
xjtu_sy,abl_no_mono,43,35Hz12kN_Bearing1_1,0.1366524994373321,0.1667160540819168,-0.8606293406556869,1.0,0.0,0.0
xjtu_sy,abl_no_mono,44,35Hz12kN_Bearing1_1,0.1123824268579483,0.137106567621231,-0.7283216968094439,1.0,0.0,0.0
xjtu_sy,abl_no_mono,42,35Hz12kN_Bearing1_2,0.3276316821575165,0.5242107510566711,-0.6930687660383013,1.0,0.0,0.0683229813664596
xjtu_sy,abl_no_mono,43,35Hz12kN_Bearing1_2,0.3278979659080505,0.5246368050575256,-0.712177707067431,1.0,0.0,0.0683229813664596
xjtu_sy,abl_no_mono,44,35Hz12kN_Bearing1_2,0.3334343135356903,0.5334949493408203,-0.6203369769461113,1.0,0.0,0.0683229813664596
xjtu_sy,abl_no_mono,42,35Hz12kN_Bearing1_3,0.1900447607040405,0.2983703017234802,-0.9622955907138976,1.0,0.0,0.0759493670886076
xjtu_sy,abl_no_mono,43,35Hz12kN_Bearing1_3,0.1455971747636795,0.2285875529050827,-0.8825924872741031,1.0,0.0,0.0759493670886076
xjtu_sy,abl_no_mono,44,35Hz12kN_Bearing1_3,0.1485425531864166,0.233211800456047,-0.9589286509519754,1.0,0.0,0.0759493670886076
xjtu_sy,abl_no_mono,42,35Hz12kN_Bearing1_4,0.2786536514759063,0.3371709585189819,-0.715981597678679,1.0,0.0,0.0
xjtu_sy,abl_no_mono,43,35Hz12kN_Bearing1_4,0.2795670628547668,0.3382761478424072,-0.585056983426035,1.0,0.0,0.0
xjtu_sy,abl_no_mono,44,35Hz12kN_Bearing1_4,0.281543105840683,0.3406671285629272,-0.7256994597450355,1.0,0.0,0.0
xjtu_sy,abl_no_mono,42,35Hz12kN_Bearing1_5,0.1588314473628997,0.0810040608048439,-0.783821466155023,1.0,0.0,0.0384615384615384
xjtu_sy,abl_no_mono,43,35Hz12kN_Bearing1_5,0.1652834713459015,0.0842945948243141,-0.7557332053665062,1.0,0.0,0.0384615384615384
xjtu_sy,abl_no_mono,44,35Hz12kN_Bearing1_5,0.1450106501579284,0.0739554390311241,-0.8269254638430612,1.0,0.0,0.0384615384615384
xjtu_sy,abl_no_mono,42,37.5Hz11kN_Bearing2_1,0.2601045668125152,1.274512529373169,-0.2450407441982116,1.0,0.0,0.0122199592668024
xjtu_sy,abl_no_mono,43,37.5Hz11kN_Bearing2_1,0.2592277228832245,1.2702159881591797,-0.056800118660204,1.0,0.0,0.0122199592668024
xjtu_sy,abl_no_mono,44,37.5Hz11kN_Bearing2_1,0.2465535402297973,1.2081124782562256,-0.2928749483280933,1.0,0.0,0.0122199592668024
xjtu_sy,abl_no_mono,42,37.5Hz11kN_Bearing2_2,0.2324370443820953,0.3718993365764618,-0.8173140712319048,1.0,0.0,0.1055900621118012
xjtu_sy,abl_no_mono,43,37.5Hz11kN_Bearing2_2,0.2203706949949264,0.3525931537151336,-0.7902378650500412,1.0,0.0,0.1055900621118012
xjtu_sy,abl_no_mono,44,37.5Hz11kN_Bearing2_2,0.2454831600189209,0.3927731215953827,-0.8807249336162847,1.0,0.0,0.1055900621118012
xjtu_sy,abl_no_mono,42,37.5Hz11kN_Bearing2_3,0.1881967782974243,1.0012069940567017,-0.9318563419364614,1.0,0.0,0.0056285178236397
xjtu_sy,abl_no_mono,43,37.5Hz11kN_Bearing2_3,0.1348746120929718,0.7175329327583313,-0.8527706450414089,1.0,0.0,0.0056285178236397
xjtu_sy,abl_no_mono,44,37.5Hz11kN_Bearing2_3,0.1649300456047058,0.8774278163909912,-0.8977069235671878,1.0,0.0,0.0056285178236397
xjtu_sy,abl_no_mono,42,37.5Hz11kN_Bearing2_4,0.142510637640953,0.05842936784029,-0.9199210821947106,1.0,0.0,0.0476190476190476
xjtu_sy,abl_no_mono,43,37.5Hz11kN_Bearing2_4,0.1705466508865356,0.0699241310358047,-0.924952097136984,1.0,0.0,0.0476190476190476
xjtu_sy,abl_no_mono,44,37.5Hz11kN_Bearing2_4,0.1379065364599228,0.0565416812896728,-0.8853747795910991,1.0,0.0,0.0476190476190476
xjtu_sy,abl_no_mono,42,37.5Hz11kN_Bearing2_5,0.3742840886116028,1.2650803327560425,-0.8086109660610772,1.0,0.0,0.0058997050147492
xjtu_sy,abl_no_mono,43,37.5Hz11kN_Bearing2_5,0.1953790783882141,0.6603813767433167,-0.9450564052025724,1.0,0.0,0.0058997050147492
xjtu_sy,abl_no_mono,44,37.5Hz11kN_Bearing2_5,0.2269331663846969,0.7670342326164246,-0.9020480499036798,1.0,0.0,0.0058997050147492
xjtu_sy,abl_no_mono,42,40Hz10kN_Bearing3_1,0.2652897536754608,6.730401039123535,-0.2393722906066403,1.0,0.0,0.0283687943262411
xjtu_sy,abl_no_mono,43,40Hz10kN_Bearing3_1,0.2554039061069488,6.479596614837647,-0.1884520654613137,1.0,0.0,0.0283687943262411
xjtu_sy,abl_no_mono,44,40Hz10kN_Bearing3_1,0.2584901452064514,6.557895183563232,-0.1596008062599224,1.0,0.0,0.0283687943262411
xjtu_sy,abl_no_mono,42,40Hz10kN_Bearing3_2,0.2533508837223053,6.321104526519775,-0.432942839392587,1.0,0.0,0.0112179487179487
xjtu_sy,abl_no_mono,43,40Hz10kN_Bearing3_2,0.2566138505935669,6.4025163650512695,-0.5566874636282322,1.0,0.0,0.0112179487179487
xjtu_sy,abl_no_mono,44,40Hz10kN_Bearing3_2,0.2554176747798919,6.372671127319336,-0.5479697492407292,1.0,0.0,0.0112179487179487
xjtu_sy,abl_no_mono,42,40Hz10kN_Bearing3_3,0.2399022579193115,0.8876383304595947,0.3630011481943342,1.0,0.0,0.0053908355795148
xjtu_sy,abl_no_mono,43,40Hz10kN_Bearing3_3,0.2442230880260467,0.90362548828125,0.3938519034999883,1.0,0.0,0.0053908355795148
xjtu_sy,abl_no_mono,44,40Hz10kN_Bearing3_3,0.245252713561058,0.9074349999427797,-0.4416104596825259,1.0,0.0,0.0053908355795148
xjtu_sy,abl_no_mono,42,40Hz10kN_Bearing3_4,0.2668293118476867,4.039795875549316,0.1480131382032498,1.0,0.0,0.0389438943894389
xjtu_sy,abl_no_mono,43,40Hz10kN_Bearing3_4,0.2703628838062286,4.093294143676758,-0.3375298720870096,1.0,0.0,0.0389438943894389
xjtu_sy,abl_no_mono,44,40Hz10kN_Bearing3_4,0.2620902955532074,3.9680471420288086,-0.3838745841850211,1.0,0.0,0.0389438943894389
xjtu_sy,abl_no_mono,42,40Hz10kN_Bearing3_5,0.4641943275928497,0.5245395302772522,-0.2891269972136057,1.0,0.0,0.0263157894736842
xjtu_sy,abl_no_mono,43,40Hz10kN_Bearing3_5,0.4436708986759186,0.5013481378555298,-0.1280693110420395,1.0,0.0,0.0263157894736842
xjtu_sy,abl_no_mono,44,40Hz10kN_Bearing3_5,0.412478893995285,0.466101199388504,-0.2172296862968591,1.0,0.0,0.0263157894736842
xjtu_sy,abl_no_smooth,42,35Hz12kN_Bearing1_1,0.1329139620065689,0.1621550470590591,-0.9153993881158328,1.0,0.0,0.0
xjtu_sy,abl_no_smooth,43,35Hz12kN_Bearing1_1,0.1326443403959274,0.1618260890245437,-0.8432188620652536,1.0,0.0,0.0
xjtu_sy,abl_no_smooth,44,35Hz12kN_Bearing1_1,0.1350198239088058,0.164724200963974,-0.8450711824051467,1.0,0.0,0.0
xjtu_sy,abl_no_smooth,42,35Hz12kN_Bearing1_2,0.282500296831131,0.4520004987716675,-0.8874396899455305,1.0,0.0,0.0683229813664596
xjtu_sy,abl_no_smooth,43,35Hz12kN_Bearing1_2,0.3229158222675323,0.5166653990745544,-0.5935047273521955,1.0,0.0,0.0683229813664596
xjtu_sy,abl_no_smooth,44,35Hz12kN_Bearing1_2,0.3196373283863067,0.5114197731018066,-0.4324309026194984,1.0,0.0,0.0683229813664596
xjtu_sy,abl_no_smooth,42,35Hz12kN_Bearing1_3,0.2139346003532409,0.3358772993087768,-0.960745729553648,1.0,0.0,0.0759493670886076
xjtu_sy,abl_no_smooth,43,35Hz12kN_Bearing1_3,0.1624910831451416,0.2551110088825226,-0.8333710345640939,1.0,0.0,0.0759493670886076
xjtu_sy,abl_no_smooth,44,35Hz12kN_Bearing1_3,0.1586649417877197,0.2491039633750915,-0.9615316632048904,1.0,0.0,0.0759493670886076
xjtu_sy,abl_no_smooth,42,35Hz12kN_Bearing1_4,0.2803604304790497,0.339236170053482,-0.7659445298637233,1.0,0.0,0.0
xjtu_sy,abl_no_smooth,43,35Hz12kN_Bearing1_4,0.2816729545593261,0.3408242464065552,-0.4417151009774908,1.0,0.0,0.0
xjtu_sy,abl_no_smooth,44,35Hz12kN_Bearing1_4,0.2812178134918213,0.3402735292911529,-0.6588703647050206,1.0,0.0,0.0
xjtu_sy,abl_no_smooth,42,35Hz12kN_Bearing1_5,0.174120083451271,0.088801234960556,-0.9096003446545444,1.0,0.0,0.0384615384615384
xjtu_sy,abl_no_smooth,43,35Hz12kN_Bearing1_5,0.1704357266426086,0.0869222208857536,-0.751670123617224,1.0,0.0,0.0384615384615384
xjtu_sy,abl_no_smooth,44,35Hz12kN_Bearing1_5,0.1693473160266876,0.0863671377301216,-0.8531588394851664,1.0,0.0,0.0384615384615384
xjtu_sy,abl_no_smooth,42,37.5Hz11kN_Bearing2_1,0.260143905878067,1.274705171585083,-0.0547467787789591,1.0,0.0,0.0122199592668024
xjtu_sy,abl_no_smooth,43,37.5Hz11kN_Bearing2_1,0.2682665288448334,1.3145062923431396,-0.0712860513974227,1.0,0.0,0.0122199592668024
xjtu_sy,abl_no_smooth,44,37.5Hz11kN_Bearing2_1,0.2609184682369232,1.2785005569458008,0.1196222432861598,1.0,0.0,0.0122199592668024
xjtu_sy,abl_no_smooth,42,37.5Hz11kN_Bearing2_2,0.2588251829147339,0.4141203165054321,-0.8541217652086124,1.0,0.0,0.1055900621118012
xjtu_sy,abl_no_smooth,43,37.5Hz11kN_Bearing2_2,0.244101345539093,0.3905621767044067,-0.8859521497751172,1.0,0.0,0.1055900621118012
xjtu_sy,abl_no_smooth,44,37.5Hz11kN_Bearing2_2,0.2024073600769043,0.3238517940044403,-0.8908788828195261,1.0,0.0,0.1055900621118012
xjtu_sy,abl_no_smooth,42,37.5Hz11kN_Bearing2_3,0.182465448975563,0.9707161784172058,-0.8827194104125584,1.0,0.0,0.0056285178236397
xjtu_sy,abl_no_smooth,43,37.5Hz11kN_Bearing2_3,0.1412283480167389,0.7513348460197449,-0.8648825972168864,1.0,0.0,0.0056285178236397
xjtu_sy,abl_no_smooth,44,37.5Hz11kN_Bearing2_3,0.1235158070921897,0.6571040153503418,-0.9056899108670466,1.0,0.0,0.0056285178236397
xjtu_sy,abl_no_smooth,42,37.5Hz11kN_Bearing2_4,0.1541490107774734,0.0632010921835899,-0.9376973349907436,1.0,0.0,0.0476190476190476
xjtu_sy,abl_no_smooth,43,37.5Hz11kN_Bearing2_4,0.1642125397920608,0.0673271343111991,-0.8858778810853265,1.0,0.0,0.0476190476190476
xjtu_sy,abl_no_smooth,44,37.5Hz11kN_Bearing2_4,0.1284710168838501,0.0526731200516223,-0.9088528493217088,1.0,0.0,0.0476190476190476
xjtu_sy,abl_no_smooth,42,37.5Hz11kN_Bearing2_5,0.2037303596735,0.6886086463928223,-0.9237843182418602,1.0,0.0,0.0058997050147492
xjtu_sy,abl_no_smooth,43,37.5Hz11kN_Bearing2_5,0.2010707110166549,0.6796190142631531,-0.9432050938151122,1.0,0.0,0.0058997050147492
xjtu_sy,abl_no_smooth,44,37.5Hz11kN_Bearing2_5,0.2266624718904495,0.7661192417144775,-0.9139631001846622,1.0,0.0,0.0058997050147492
xjtu_sy,abl_no_smooth,42,40Hz10kN_Bearing3_1,0.2628946602344513,6.669637680053711,-0.1637129856246846,1.0,0.0,0.0283687943262411
xjtu_sy,abl_no_smooth,43,40Hz10kN_Bearing3_1,0.2657153308391571,6.7411980628967285,-0.2392873899540923,1.0,0.0,0.0283687943262411
xjtu_sy,abl_no_smooth,44,40Hz10kN_Bearing3_1,0.2709815800189972,6.874803066253662,-0.2227076674698533,1.0,0.0,0.0283687943262411
xjtu_sy,abl_no_smooth,42,40Hz10kN_Bearing3_2,0.2913717031478882,7.269723892211914,-0.4245800688949446,1.0,0.0,0.0112179487179487
xjtu_sy,abl_no_smooth,43,40Hz10kN_Bearing3_2,0.2675103843212127,6.674385070800781,-0.6668753763495838,1.0,0.0,0.0112179487179487
xjtu_sy,abl_no_smooth,44,40Hz10kN_Bearing3_2,0.2454742491245269,6.124582767486572,-0.5961706779960689,1.0,0.0,0.0112179487179487
xjtu_sy,abl_no_smooth,42,40Hz10kN_Bearing3_3,0.2371579855680465,0.8774845004081726,-0.0382806565644731,1.0,0.0,0.0053908355795148
xjtu_sy,abl_no_smooth,43,40Hz10kN_Bearing3_3,0.2426400780677795,0.8977682590484619,0.1068754796353386,1.0,0.0,0.0053908355795148
xjtu_sy,abl_no_smooth,44,40Hz10kN_Bearing3_3,0.2435923963785171,0.901291847229004,0.2368806075652219,1.0,0.0,0.0053908355795148
xjtu_sy,abl_no_smooth,42,40Hz10kN_Bearing3_4,0.2628374397754669,3.979358673095703,0.0200100638905465,1.0,0.0,0.0389438943894389
xjtu_sy,abl_no_smooth,43,40Hz10kN_Bearing3_4,0.2595504224300384,3.929593086242676,-0.1013675543430872,1.0,0.0,0.0389438943894389
xjtu_sy,abl_no_smooth,44,40Hz10kN_Bearing3_4,0.2562456727027893,3.879559755325317,-0.2783391422049829,1.0,0.0,0.0389438943894389
xjtu_sy,abl_no_smooth,42,40Hz10kN_Bearing3_5,0.4245012104511261,0.4796863794326782,-0.2306546518646227,1.0,0.0,0.0263157894736842
xjtu_sy,abl_no_smooth,43,40Hz10kN_Bearing3_5,0.512491762638092,0.5791157484054565,-0.3935811066514268,1.0,0.0,0.0263157894736842
xjtu_sy,abl_no_smooth,44,40Hz10kN_Bearing3_5,0.4185709357261657,0.4729852080345154,-0.4461287012785564,1.0,0.0,0.0263157894736842
xjtu_sy,cnn_bilstm_attn_vib,42,35Hz12kN_Bearing1_1,0.2154262214899063,0.2628199756145477,0.7602957834182398,1.0,0.0,0.0
xjtu_sy,cnn_bilstm_attn_vib,43,35Hz12kN_Bearing1_1,0.1514877825975418,0.1848150789737701,-0.7037907888143174,1.0,0.0,0.0
xjtu_sy,cnn_bilstm_attn_vib,44,35Hz12kN_Bearing1_1,0.1636833697557449,0.1996937245130539,-0.7659406350414647,1.0,0.0,0.0
xjtu_sy,cnn_bilstm_attn_vib,42,35Hz12kN_Bearing1_2,0.4037911593914032,0.6460659503936768,0.8325286320948925,1.0,0.0,0.0683229813664596
xjtu_sy,cnn_bilstm_attn_vib,43,35Hz12kN_Bearing1_2,0.3361923098564148,0.5379077792167664,-0.5820179421562638,1.0,0.0,0.0683229813664596
xjtu_sy,cnn_bilstm_attn_vib,44,35Hz12kN_Bearing1_2,0.2953937947750091,0.4726300835609436,-0.8648290793552477,1.0,0.0,0.0683229813664596
xjtu_sy,cnn_bilstm_attn_vib,42,35Hz12kN_Bearing1_3,0.250468373298645,0.3932353258132934,0.3055604653627112,1.0,0.0,0.0759493670886076
xjtu_sy,cnn_bilstm_attn_vib,43,35Hz12kN_Bearing1_3,0.2601859271526336,0.4084919691085815,-0.9648983949183784,1.0,0.0,0.0759493670886076
xjtu_sy,cnn_bilstm_attn_vib,44,35Hz12kN_Bearing1_3,0.2093416005373001,0.3286662995815277,-0.19692959935806,1.0,0.0,0.0759493670886076
xjtu_sy,cnn_bilstm_attn_vib,42,35Hz12kN_Bearing1_4,0.3073608577251434,0.3719066381454468,0.0480772414749562,1.0,0.0,0.0
xjtu_sy,cnn_bilstm_attn_vib,43,35Hz12kN_Bearing1_4,0.2871351838111877,0.3474335670471191,-0.3910899228259953,1.0,0.0,0.0
xjtu_sy,cnn_bilstm_attn_vib,44,35Hz12kN_Bearing1_4,0.2922089695930481,0.3535728752613067,-0.004428400157114,1.0,0.0,0.0
xjtu_sy,cnn_bilstm_attn_vib,42,35Hz12kN_Bearing1_5,0.2068231254816055,0.105479821562767,0.4874814820497602,1.0,0.0,0.0384615384615384
xjtu_sy,cnn_bilstm_attn_vib,43,35Hz12kN_Bearing1_5,0.3246053159236908,0.1655487120151519,-0.8062986317080482,1.0,0.0,0.0384615384615384
xjtu_sy,cnn_bilstm_attn_vib,44,35Hz12kN_Bearing1_5,0.2102658748626709,0.1072356253862381,-0.5473677739196166,1.0,0.0,0.0384615384615384
xjtu_sy,cnn_bilstm_attn_vib,42,37.5Hz11kN_Bearing2_1,0.2710911929607391,1.3283469676971436,-0.4164183169832013,1.0,0.0,0.0122199592668024
xjtu_sy,cnn_bilstm_attn_vib,43,37.5Hz11kN_Bearing2_1,0.2666510045528412,1.30659019947052,-0.6334183446664863,1.0,0.0,0.0122199592668024
xjtu_sy,cnn_bilstm_attn_vib,44,37.5Hz11kN_Bearing2_1,0.2923530042171478,1.4325299263000488,-0.1778231137311954,1.0,0.0,0.0122199592668024
xjtu_sy,cnn_bilstm_attn_vib,42,37.5Hz11kN_Bearing2_2,0.3029336929321289,0.4846939742565155,0.3754229529020174,1.0,0.0,0.1055900621118012
xjtu_sy,cnn_bilstm_attn_vib,43,37.5Hz11kN_Bearing2_2,0.2754524350166321,0.4407239556312561,-0.8235438894655959,1.0,0.0,0.1055900621118012
xjtu_sy,cnn_bilstm_attn_vib,44,37.5Hz11kN_Bearing2_2,0.3035765588283539,0.4857225120067596,0.9355769207485056,1.0,0.0,0.1055900621118012
xjtu_sy,cnn_bilstm_attn_vib,42,37.5Hz11kN_Bearing2_3,0.3050961196422577,1.623111367225647,0.492594987989467,1.0,0.0,0.0056285178236397
xjtu_sy,cnn_bilstm_attn_vib,43,37.5Hz11kN_Bearing2_3,0.329498678445816,1.752933144569397,-0.950028503637821,1.0,0.0,0.0056285178236397
xjtu_sy,cnn_bilstm_attn_vib,44,37.5Hz11kN_Bearing2_3,0.161871537566185,0.8611566424369812,-0.9091271606605276,1.0,0.0,0.0056285178236397
xjtu_sy,cnn_bilstm_attn_vib,42,37.5Hz11kN_Bearing2_4,0.149116113781929,0.0611376129090786,-0.9427283499330172,1.0,0.0,0.0476190476190476
xjtu_sy,cnn_bilstm_attn_vib,43,37.5Hz11kN_Bearing2_4,0.2995341718196869,0.1228090226650238,0.6869850903674473,1.0,0.0,0.0476190476190476
xjtu_sy,cnn_bilstm_attn_vib,44,37.5Hz11kN_Bearing2_4,0.2004490196704864,0.0821841061115264,-0.8838654751084171,1.0,0.0,0.0476190476190476
xjtu_sy,cnn_bilstm_attn_vib,42,37.5Hz11kN_Bearing2_5,0.2141770869493484,0.723918616771698,0.8788048999045376,1.0,0.0,0.0058997050147492
xjtu_sy,cnn_bilstm_attn_vib,43,37.5Hz11kN_Bearing2_5,0.2991527318954468,1.0111364126205444,-0.9416478824524436,1.0,0.0,0.0058997050147492
xjtu_sy,cnn_bilstm_attn_vib,44,37.5Hz11kN_Bearing2_5,0.2770625650882721,0.9364715218544006,-0.8612379609458798,1.0,0.0,0.0058997050147492
xjtu_sy,cnn_bilstm_attn_vib,42,40Hz10kN_Bearing3_1,0.3000787794589996,7.612998008728027,-0.3047268813517381,1.0,0.0,0.0283687943262411
xjtu_sy,cnn_bilstm_attn_vib,43,40Hz10kN_Bearing3_1,0.2909943461418152,7.382526397705078,-0.2249954233588075,1.0,0.0,0.0283687943262411
xjtu_sy,cnn_bilstm_attn_vib,44,40Hz10kN_Bearing3_1,0.2778267860412597,7.048465728759766,-0.1286211411327714,1.0,0.0,0.0283687943262411
xjtu_sy,cnn_bilstm_attn_vib,42,40Hz10kN_Bearing3_2,0.2945205867290497,7.348288536071777,0.4403694639452892,1.0,0.0,0.0112179487179487
xjtu_sy,cnn_bilstm_attn_vib,43,40Hz10kN_Bearing3_2,0.2871246337890625,7.163760662078857,0.5287922986838371,1.0,0.0,0.0112179487179487
xjtu_sy,cnn_bilstm_attn_vib,44,40Hz10kN_Bearing3_2,0.2825113534927368,7.04865837097168,-0.5039192983985065,1.0,0.0,0.0112179487179487
xjtu_sy,cnn_bilstm_attn_vib,42,40Hz10kN_Bearing3_3,0.2628127038478851,0.9724071025848388,0.2139219344353619,1.0,0.0,0.0053908355795148
xjtu_sy,cnn_bilstm_attn_vib,43,40Hz10kN_Bearing3_3,0.2649455666542053,0.9802984595298768,-0.2574311955538375,1.0,0.0,0.0053908355795148
xjtu_sy,cnn_bilstm_attn_vib,44,40Hz10kN_Bearing3_3,0.2579585611820221,0.9544466137886048,0.1545742121946066,1.0,0.0,0.0053908355795148
xjtu_sy,cnn_bilstm_attn_vib,42,40Hz10kN_Bearing3_4,0.2901233434677124,4.392467021942139,0.119326432793882,1.0,0.0,0.0389438943894389
xjtu_sy,cnn_bilstm_attn_vib,43,40Hz10kN_Bearing3_4,0.2744702994823456,4.15548038482666,-0.4990762224489348,1.0,0.0,0.0389438943894389
xjtu_sy,cnn_bilstm_attn_vib,44,40Hz10kN_Bearing3_4,0.2733468413352966,4.138471603393555,0.0485334388117974,1.0,0.0,0.0389438943894389
xjtu_sy,cnn_bilstm_attn_vib,42,40Hz10kN_Bearing3_5,0.3017646968364715,0.3409941494464874,0.0557362334526815,1.0,0.0,0.0263157894736842
xjtu_sy,cnn_bilstm_attn_vib,43,40Hz10kN_Bearing3_5,0.2922406494617462,0.3302319049835205,-0.7944152143633402,1.0,0.0,0.0263157894736842
xjtu_sy,cnn_bilstm_attn_vib,44,40Hz10kN_Bearing3_5,0.5210515856742859,0.5887882709503174,-0.6606348458715935,1.0,0.0,0.0263157894736842
xjtu_sy,ctl_EC,42,35Hz12kN_Bearing1_1,0.1616256535053253,0.1971832662820816,-0.8735556048981058,1.0,0.0,0.0
xjtu_sy,ctl_EC,43,35Hz12kN_Bearing1_1,0.1449484080076217,0.17683707177639,-0.8740619946313138,1.0,0.0,0.0
xjtu_sy,ctl_EC,44,35Hz12kN_Bearing1_1,0.1710117608308792,0.2086343616247177,-0.8797189009930735,1.0,0.0,0.0
xjtu_sy,ctl_EC,42,35Hz12kN_Bearing1_2,0.3258057534694671,0.5212892889976501,-0.6986440665970104,1.0,0.0,0.0683229813664596
xjtu_sy,ctl_EC,43,35Hz12kN_Bearing1_2,0.3201591670513153,0.5122547149658203,-0.6588047657530004,1.0,0.0,0.0683229813664596
xjtu_sy,ctl_EC,44,35Hz12kN_Bearing1_2,0.319219172000885,0.5107507109642029,-0.8174896009720136,1.0,0.0,0.0683229813664596
xjtu_sy,ctl_EC,42,35Hz12kN_Bearing1_3,0.2118754088878631,0.3326444327831268,-0.9551781755682468,1.0,0.0,0.0759493670886076
xjtu_sy,ctl_EC,43,35Hz12kN_Bearing1_3,0.164845585823059,0.2588075697422027,-0.9214710531337624,1.0,0.0,0.0759493670886076
xjtu_sy,ctl_EC,44,35Hz12kN_Bearing1_3,0.174636110663414,0.274178683757782,-0.9652004014888896,1.0,0.0,0.0759493670886076
xjtu_sy,ctl_EC,42,35Hz12kN_Bearing1_4,0.2755202353000641,0.3333795368671417,-0.7714185154580634,1.0,0.0,0.0
xjtu_sy,ctl_EC,43,35Hz12kN_Bearing1_4,0.2816845178604126,0.3408382534980774,-0.4189512482749354,1.0,0.0,0.0
xjtu_sy,ctl_EC,44,35Hz12kN_Bearing1_4,0.2781267464160919,0.3365333080291748,-0.6140807247733039,1.0,0.0,0.0
xjtu_sy,ctl_EC,42,35Hz12kN_Bearing1_5,0.1661676317453384,0.0847455114126205,-0.8238339885990421,1.0,0.0,0.0384615384615384
xjtu_sy,ctl_EC,43,35Hz12kN_Bearing1_5,0.1791679859161377,0.0913756787776947,-0.7841747776114824,1.0,0.0,0.0384615384615384
xjtu_sy,ctl_EC,44,35Hz12kN_Bearing1_5,0.1640395075082779,0.0836601555347442,-0.7940674983923436,1.0,0.0,0.0384615384615384
xjtu_sy,ctl_EC,42,37.5Hz11kN_Bearing2_1,0.2678271830081939,1.312353491783142,-0.2788425849751456,1.0,0.0,0.0122199592668024
xjtu_sy,ctl_EC,43,37.5Hz11kN_Bearing2_1,0.2516991198062897,1.2333258390426636,0.082419162211094,1.0,0.0,0.0122199592668024
xjtu_sy,ctl_EC,44,37.5Hz11kN_Bearing2_1,0.2498486340045929,1.2242584228515625,-0.1436598760011819,1.0,0.0,0.0122199592668024
xjtu_sy,ctl_EC,42,37.5Hz11kN_Bearing2_2,0.2125227600336074,0.3400364220142364,-0.8492426334496567,1.0,0.0,0.1055900621118012
xjtu_sy,ctl_EC,43,37.5Hz11kN_Bearing2_2,0.2158179134130478,0.3453086614608764,-0.8731414538275175,1.0,0.0,0.1055900621118012
xjtu_sy,ctl_EC,44,37.5Hz11kN_Bearing2_2,0.216800570487976,0.3468809425830841,-0.8580994476242978,1.0,0.0,0.1055900621118012
xjtu_sy,ctl_EC,42,37.5Hz11kN_Bearing2_3,0.1762886494398117,0.9378557801246644,-0.9115381551028386,1.0,0.0,0.0056285178236397
xjtu_sy,ctl_EC,43,37.5Hz11kN_Bearing2_3,0.1850788593292236,0.9846197366714478,-0.8858536650298162,1.0,0.0,0.0056285178236397
xjtu_sy,ctl_EC,44,37.5Hz11kN_Bearing2_3,0.1196987703442573,0.6367975473403931,-0.917551933457208,1.0,0.0,0.0056285178236397
xjtu_sy,ctl_EC,42,37.5Hz11kN_Bearing2_4,0.1551664322614669,0.0636182501912117,-0.9112006562947698,1.0,0.0,0.0476190476190476
xjtu_sy,ctl_EC,43,37.5Hz11kN_Bearing2_4,0.1634488850831985,0.0670140460133552,-0.8979523169467828,1.0,0.0,0.0476190476190476
xjtu_sy,ctl_EC,44,37.5Hz11kN_Bearing2_4,0.1552621573209762,0.0636574849486351,-0.9061696413524964,1.0,0.0,0.0476190476190476
xjtu_sy,ctl_EC,42,37.5Hz11kN_Bearing2_5,0.3891400396823883,1.315293312072754,-0.8202309466705503,1.0,0.0,0.0058997050147492
xjtu_sy,ctl_EC,43,37.5Hz11kN_Bearing2_5,0.1966315060853958,0.6646144986152649,-0.9257349946994884,1.0,0.0,0.0058997050147492
xjtu_sy,ctl_EC,44,37.5Hz11kN_Bearing2_5,0.2286073863506317,0.7726929187774658,-0.9011202342573138,1.0,0.0,0.0058997050147492
xjtu_sy,ctl_EC,42,40Hz10kN_Bearing3_1,0.2635963559150696,6.687439918518066,-0.1643856720487715,1.0,0.0,0.0283687943262411
xjtu_sy,ctl_EC,43,40Hz10kN_Bearing3_1,0.2714970111846924,6.887879371643066,-0.0701132176059777,1.0,0.0,0.0283687943262411
xjtu_sy,ctl_EC,44,40Hz10kN_Bearing3_1,0.2642084956169128,6.702970504760742,-0.2265943784911837,1.0,0.0,0.0283687943262411
xjtu_sy,ctl_EC,42,40Hz10kN_Bearing3_2,0.2503460645675659,6.246134281158447,-0.5360780406185037,1.0,0.0,0.0112179487179487
xjtu_sy,ctl_EC,43,40Hz10kN_Bearing3_2,0.2550379037857055,6.363194942474365,-0.6424953601227296,1.0,0.0,0.0112179487179487
xjtu_sy,ctl_EC,44,40Hz10kN_Bearing3_2,0.2572066485881805,6.41730546951294,-0.6484069857498602,1.0,0.0,0.0112179487179487
xjtu_sy,ctl_EC,42,40Hz10kN_Bearing3_3,0.2674447894096374,0.9895457029342652,0.3087124247205094,1.0,0.0,0.0053908355795148
xjtu_sy,ctl_EC,43,40Hz10kN_Bearing3_3,0.2418926507234573,0.8950029015541077,0.3272649376217523,1.0,0.0,0.0053908355795148
xjtu_sy,ctl_EC,44,40Hz10kN_Bearing3_3,0.2321646958589553,0.8590094447135925,0.1748620856544556,1.0,0.0,0.0053908355795148
xjtu_sy,ctl_EC,42,40Hz10kN_Bearing3_4,0.2775882482528686,4.202686786651611,-0.3432255015869967,1.0,0.0,0.0389438943894389
xjtu_sy,ctl_EC,43,40Hz10kN_Bearing3_4,0.2630214095115661,3.9821441173553462,-0.2416810397831786,1.0,0.0,0.0389438943894389
xjtu_sy,ctl_EC,44,40Hz10kN_Bearing3_4,0.2620746195316314,3.9678101539611816,-0.1673880667163009,1.0,0.0,0.0389438943894389
xjtu_sy,ctl_EC,42,40Hz10kN_Bearing3_5,0.4042026102542877,0.4567489326000213,-0.5163290362106137,1.0,0.0,0.0263157894736842
xjtu_sy,ctl_EC,43,40Hz10kN_Bearing3_5,0.4907940924167633,0.5545973181724548,-0.302510062139772,1.0,0.0,0.0263157894736842
xjtu_sy,ctl_EC,44,40Hz10kN_Bearing3_5,0.4591272473335266,0.5188137888908386,-0.1302607145975765,1.0,0.0,0.0263157894736842
xjtu_sy,ctl_elapsed,42,35Hz12kN_Bearing1_1,0.1712597608566284,0.2089369148015976,-0.9094626347962476,1.0,0.0,0.0
xjtu_sy,ctl_elapsed,43,35Hz12kN_Bearing1_1,0.2087142765522003,0.2546314001083374,-0.8528336039734032,1.0,0.0,0.0
xjtu_sy,ctl_elapsed,44,35Hz12kN_Bearing1_1,0.1116294711828231,0.1361879259347915,-0.8939977588649827,1.0,0.0,0.0
xjtu_sy,ctl_elapsed,42,35Hz12kN_Bearing1_2,0.2669572532176971,0.4271316528320312,-0.7056444306389755,1.0,0.0,0.0683229813664596
xjtu_sy,ctl_elapsed,43,35Hz12kN_Bearing1_2,0.3089842796325683,0.4943749010562897,-0.7732204055005126,1.0,0.0,0.0683229813664596
xjtu_sy,ctl_elapsed,44,35Hz12kN_Bearing1_2,0.3021030724048614,0.4833649694919586,-0.7516808238329276,1.0,0.0,0.0683229813664596
xjtu_sy,ctl_elapsed,42,35Hz12kN_Bearing1_3,0.1750902831554412,0.2748917639255523,-0.9649960587395668,1.0,0.0,0.0759493670886076
xjtu_sy,ctl_elapsed,43,35Hz12kN_Bearing1_3,0.1720631569623947,0.2701391279697418,-0.9646030919139454,1.0,0.0,0.0759493670886076
xjtu_sy,ctl_elapsed,44,35Hz12kN_Bearing1_3,0.1754653304815292,0.2754805982112884,-0.9606608487193136,1.0,0.0,0.0759493670886076
xjtu_sy,ctl_elapsed,42,35Hz12kN_Bearing1_4,0.2822842001914978,0.341563880443573,-0.2075774974223266,1.0,0.0,0.0
xjtu_sy,ctl_elapsed,43,35Hz12kN_Bearing1_4,0.2792185842990875,0.3378544747829437,-0.6144224217517271,1.0,0.0,0.0
xjtu_sy,ctl_elapsed,44,35Hz12kN_Bearing1_4,0.283152163028717,0.342614084482193,-0.7016849961014511,1.0,0.0,0.0
xjtu_sy,ctl_elapsed,42,35Hz12kN_Bearing1_5,0.1395679116249084,0.0711796358227729,-0.7912410067406689,1.0,0.0,0.0384615384615384
xjtu_sy,ctl_elapsed,43,35Hz12kN_Bearing1_5,0.1634157299995422,0.0833420380949974,-0.7091844209779896,1.0,0.0,0.0384615384615384
xjtu_sy,ctl_elapsed,44,35Hz12kN_Bearing1_5,0.1523567140102386,0.0777019262313842,-0.8007804160650707,1.0,0.0,0.0384615384615384
xjtu_sy,ctl_elapsed,42,37.5Hz11kN_Bearing2_1,0.2537654042243957,1.24345064163208,0.0948679486286768,1.0,0.0,0.0122199592668024
xjtu_sy,ctl_elapsed,43,37.5Hz11kN_Bearing2_1,0.2645458281040191,1.2962745428085327,-0.0822646056245347,1.0,0.0,0.0122199592668024
xjtu_sy,ctl_elapsed,44,37.5Hz11kN_Bearing2_1,0.2504710257053375,1.22730815410614,-0.0188921778781063,1.0,0.0,0.0122199592668024
xjtu_sy,ctl_elapsed,42,37.5Hz11kN_Bearing2_2,0.2064843326807022,0.3303749561309814,-0.8281671643152406,1.0,0.0,0.1055900621118012
xjtu_sy,ctl_elapsed,43,37.5Hz11kN_Bearing2_2,0.2106770277023315,0.3370833098888397,-0.9165181251967705,1.0,0.0,0.1055900621118012
xjtu_sy,ctl_elapsed,44,37.5Hz11kN_Bearing2_2,0.2062799632549286,0.3300480246543884,-0.8041612410451102,1.0,0.0,0.1055900621118012
xjtu_sy,ctl_elapsed,42,37.5Hz11kN_Bearing2_3,0.132100760936737,0.7027760744094849,-0.9094179914910758,1.0,0.0,0.0056285178236397
xjtu_sy,ctl_elapsed,43,37.5Hz11kN_Bearing2_3,0.1288017630577087,0.6852253675460815,-0.7408886995259328,1.0,0.0,0.0056285178236397
xjtu_sy,ctl_elapsed,44,37.5Hz11kN_Bearing2_3,0.1206311732530593,0.6417579054832458,-0.9189357528205742,1.0,0.0,0.0056285178236397
xjtu_sy,ctl_elapsed,42,37.5Hz11kN_Bearing2_4,0.1470720022916793,0.0602995231747627,-0.931324716063864,1.0,0.0,0.0476190476190476
xjtu_sy,ctl_elapsed,43,37.5Hz11kN_Bearing2_4,0.1667879968881607,0.0683830827474594,-0.8996293219275407,1.0,0.0,0.0476190476190476
xjtu_sy,ctl_elapsed,44,37.5Hz11kN_Bearing2_4,0.1342030465602874,0.05502325668931,-0.753729888601609,1.0,0.0,0.0476190476190476
xjtu_sy,ctl_elapsed,42,37.5Hz11kN_Bearing2_5,0.10865980386734,0.3672701418399811,-0.9333007530549848,1.0,0.0,0.0058997050147492
xjtu_sy,ctl_elapsed,43,37.5Hz11kN_Bearing2_5,0.2240406572818756,0.7572574019432068,-0.9223764871755832,1.0,0.0,0.0058997050147492
xjtu_sy,ctl_elapsed,44,37.5Hz11kN_Bearing2_5,0.2515986263751983,0.8504033088684082,-0.8741516249317568,1.0,0.0,0.0058997050147492
xjtu_sy,ctl_elapsed,42,40Hz10kN_Bearing3_1,0.2529919445514679,6.418405532836914,-0.1702328542751377,1.0,0.0,0.0283687943262411
xjtu_sy,ctl_elapsed,43,40Hz10kN_Bearing3_1,0.2482295930385589,6.2975850105285645,-0.1599663551299876,1.0,0.0,0.0283687943262411
xjtu_sy,ctl_elapsed,44,40Hz10kN_Bearing3_1,0.2572670876979828,6.5268659591674805,-0.298109946937776,1.0,0.0,0.0283687943262411
xjtu_sy,ctl_elapsed,42,40Hz10kN_Bearing3_2,0.2421421706676483,6.041447639465332,-0.4941425271004071,1.0,0.0,0.0112179487179487
xjtu_sy,ctl_elapsed,43,40Hz10kN_Bearing3_2,0.2230348885059356,5.564720630645752,-0.562228556892389,1.0,0.0,0.0112179487179487
xjtu_sy,ctl_elapsed,44,40Hz10kN_Bearing3_2,0.2503129541873932,6.245307922363281,-0.6278006676592158,1.0,0.0,0.0112179487179487
xjtu_sy,ctl_elapsed,42,40Hz10kN_Bearing3_3,0.2474902421236038,0.9157139658927916,0.4276469891417898,1.0,0.0,0.0053908355795148
xjtu_sy,ctl_elapsed,43,40Hz10kN_Bearing3_3,0.2377531826496124,0.8796867728233337,-0.1411887193062241,1.0,0.0,0.0053908355795148
xjtu_sy,ctl_elapsed,44,40Hz10kN_Bearing3_3,0.2413312047719955,0.8929254412651062,0.3337408697852421,1.0,0.0,0.0053908355795148
xjtu_sy,ctl_elapsed,42,40Hz10kN_Bearing3_4,0.2606736719608307,3.946599006652832,-0.0086961658796066,1.0,0.0,0.0389438943894389
xjtu_sy,ctl_elapsed,43,40Hz10kN_Bearing3_4,0.2683081328868866,4.062185287475586,-0.3592781793807368,1.0,0.0,0.0389438943894389
xjtu_sy,ctl_elapsed,44,40Hz10kN_Bearing3_4,0.2553887367248535,3.866585731506348,-0.4763780016534122,1.0,0.0,0.0389438943894389
xjtu_sy,ctl_elapsed,42,40Hz10kN_Bearing3_5,0.4596721231937408,0.5194295048713684,-0.1228778215481384,1.0,0.0,0.0263157894736842
xjtu_sy,ctl_elapsed,43,40Hz10kN_Bearing3_5,0.4483399391174316,0.5066241025924683,-0.3533858211671707,1.0,0.0,0.0263157894736842
xjtu_sy,ctl_elapsed,44,40Hz10kN_Bearing3_5,0.4438613951206207,0.5015633702278137,-0.2870403452620618,1.0,0.0,0.0263157894736842
xjtu_sy,ctl_hc10,42,35Hz12kN_Bearing1_1,0.1119418665766716,0.136569082736969,-0.8877878216103772,1.0,0.0,0.0
xjtu_sy,ctl_hc10,43,35Hz12kN_Bearing1_1,0.1380924731492996,0.168472871184349,-0.8610424480696199,1.0,0.0,0.0
xjtu_sy,ctl_hc10,44,35Hz12kN_Bearing1_1,0.1023737639188766,0.1248959973454475,-0.791906923441095,1.0,0.0,0.0
xjtu_sy,ctl_hc10,42,35Hz12kN_Bearing1_2,0.2494462728500366,0.3991141021251678,-0.7548909355206797,1.0,0.0,0.0683229813664596
xjtu_sy,ctl_hc10,43,35Hz12kN_Bearing1_2,0.2486698627471923,0.3978718221187591,-0.7640184820063358,1.0,0.0,0.0683229813664596
xjtu_sy,ctl_hc10,44,35Hz12kN_Bearing1_2,0.2986939251422882,0.4779103100299835,-0.4644278916850893,1.0,0.0,0.0683229813664596
xjtu_sy,ctl_hc10,42,35Hz12kN_Bearing1_3,0.2079823613166809,0.3265323340892792,-0.9591078438244586,1.0,0.0,0.0759493670886076
xjtu_sy,ctl_hc10,43,35Hz12kN_Bearing1_3,0.1946900486946106,0.3056633770465851,-0.9625313708092706,1.0,0.0,0.0759493670886076
xjtu_sy,ctl_hc10,44,35Hz12kN_Bearing1_3,0.1836442053318023,0.2883213758468628,-0.9356304337945456,1.0,0.0,0.0759493670886076
xjtu_sy,ctl_hc10,42,35Hz12kN_Bearing1_4,0.2930291891098022,0.354565292596817,-0.6564033125208049,1.0,0.0,0.0
xjtu_sy,ctl_hc10,43,35Hz12kN_Bearing1_4,0.2891812324523926,0.3499093055725097,-0.5717923067236452,1.0,0.0,0.0
xjtu_sy,ctl_hc10,44,35Hz12kN_Bearing1_4,0.2877923250198364,0.3482287228107452,-0.7004753887978328,1.0,0.0,0.0
xjtu_sy,ctl_hc10,42,35Hz12kN_Bearing1_5,0.1637618690729141,0.0835185423493385,-0.9239094586411472,1.0,0.0,0.0384615384615384
xjtu_sy,ctl_hc10,43,35Hz12kN_Bearing1_5,0.1338241249322891,0.068250298500061,-0.8346099880210517,1.0,0.0,0.0384615384615384
xjtu_sy,ctl_hc10,44,35Hz12kN_Bearing1_5,0.1813236624002456,0.0924750640988349,-0.7957457278105254,1.0,0.0,0.0384615384615384
xjtu_sy,ctl_hc10,42,37.5Hz11kN_Bearing2_1,0.2644376754760742,1.295744776725769,-0.0535554792361107,1.0,0.0,0.0122199592668024
xjtu_sy,ctl_hc10,43,37.5Hz11kN_Bearing2_1,0.2628859281539917,1.2881412506103516,0.0165837129068741,1.0,0.0,0.0122199592668024
xjtu_sy,ctl_hc10,44,37.5Hz11kN_Bearing2_1,0.2624220550060272,1.2858681678771973,0.0690654715785563,1.0,0.0,0.0122199592668024
xjtu_sy,ctl_hc10,42,37.5Hz11kN_Bearing2_2,0.2362725883722305,0.3780361711978912,-0.8284408717065966,1.0,0.0,0.1055900621118012
xjtu_sy,ctl_hc10,43,37.5Hz11kN_Bearing2_2,0.2230827212333679,0.3569323718547821,-0.8590812241367706,1.0,0.0,0.1055900621118012
xjtu_sy,ctl_hc10,44,37.5Hz11kN_Bearing2_2,0.2391324192285537,0.3826119005680084,-0.7085986854174166,1.0,0.0,0.1055900621118012
xjtu_sy,ctl_hc10,42,37.5Hz11kN_Bearing2_3,0.1459994614124298,0.7767171263694763,-0.8821981540391662,1.0,0.0,0.0056285178236397
xjtu_sy,ctl_hc10,43,37.5Hz11kN_Bearing2_3,0.1186406463384628,0.6311682462692261,-0.9200236420649794,1.0,0.0,0.0056285178236397
xjtu_sy,ctl_hc10,44,37.5Hz11kN_Bearing2_3,0.1611113399267196,0.8571123480796814,-0.8197049042114324,1.0,0.0,0.0056285178236397
xjtu_sy,ctl_hc10,42,37.5Hz11kN_Bearing2_4,0.1180576905608177,0.0484036616981029,-0.8528408829643972,1.0,0.0,0.0476190476190476
xjtu_sy,ctl_hc10,43,37.5Hz11kN_Bearing2_4,0.1288943588733673,0.0528466925024986,-0.9158962702408918,1.0,0.0,0.0476190476190476
xjtu_sy,ctl_hc10,44,37.5Hz11kN_Bearing2_4,0.1078701391816139,0.0442267581820488,-0.8613936083662621,1.0,0.0,0.0476190476190476
xjtu_sy,ctl_hc10,42,37.5Hz11kN_Bearing2_5,0.2244071364402771,0.758496105670929,-0.8783832393142067,1.0,0.0,0.0058997050147492
xjtu_sy,ctl_hc10,43,37.5Hz11kN_Bearing2_5,0.2521780133247375,0.8523617386817932,-0.9062374659790872,1.0,0.0,0.0058997050147492
xjtu_sy,ctl_hc10,44,37.5Hz11kN_Bearing2_5,0.2477653324604034,0.837446928024292,-0.9005605993901529,1.0,0.0,0.0058997050147492
xjtu_sy,ctl_hc10,42,40Hz10kN_Bearing3_1,0.2750813961029053,6.97881555557251,-0.1099045910327897,1.0,0.0,0.0283687943262411
xjtu_sy,ctl_hc10,43,40Hz10kN_Bearing3_1,0.2660347819328308,6.749302864074707,-0.2294006126063915,1.0,0.0,0.0283687943262411
xjtu_sy,ctl_hc10,44,40Hz10kN_Bearing3_1,0.2619025409221649,6.644467353820801,-0.3989563967165323,1.0,0.0,0.0283687943262411
xjtu_sy,ctl_hc10,42,40Hz10kN_Bearing3_2,0.2391442954540252,5.966650485992432,-0.5490029932299995,1.0,0.0,0.0112179487179487
xjtu_sy,ctl_hc10,43,40Hz10kN_Bearing3_2,0.250072181224823,6.239301681518555,-0.6661757828719832,1.0,0.0,0.0112179487179487
xjtu_sy,ctl_hc10,44,40Hz10kN_Bearing3_2,0.2560389041900635,6.388171195983887,-0.6306074913071459,1.0,0.0,0.0112179487179487
xjtu_sy,ctl_hc10,42,40Hz10kN_Bearing3_3,0.2600235939025879,0.9620873928070068,0.4516504630295769,1.0,0.0,0.0053908355795148
xjtu_sy,ctl_hc10,43,40Hz10kN_Bearing3_3,0.2591827511787414,0.958976149559021,0.1939076339246891,1.0,0.0,0.0053908355795148
xjtu_sy,ctl_hc10,44,40Hz10kN_Bearing3_3,0.2687244415283203,0.9942804574966432,-0.105951110181308,1.0,0.0,0.0053908355795148
xjtu_sy,ctl_hc10,42,40Hz10kN_Bearing3_4,0.2634465992450714,3.988581895828247,-0.3507274950330465,1.0,0.0,0.0389438943894389
xjtu_sy,ctl_hc10,43,40Hz10kN_Bearing3_4,0.2625122964382171,3.974436283111572,-0.1539169207108237,1.0,0.0,0.0389438943894389
xjtu_sy,ctl_hc10,44,40Hz10kN_Bearing3_4,0.25735604763031,3.8963701725006095,-0.367135269245374,1.0,0.0,0.0389438943894389
xjtu_sy,ctl_hc10,42,40Hz10kN_Bearing3_5,0.5259705185890198,0.5943467020988464,-0.2471844549747436,1.0,0.0,0.0263157894736842
xjtu_sy,ctl_hc10,43,40Hz10kN_Bearing3_5,0.4888725578784942,0.5524259805679321,-0.4414232592271837,1.0,0.0,0.0263157894736842
xjtu_sy,ctl_hc10,44,40Hz10kN_Bearing3_5,0.5026975870132446,0.5680482387542725,-0.1599012284634815,1.0,0.0,0.0263157894736842
xjtu_sy,ctl_lifefrac,42,35Hz12kN_Bearing1_1,0.1436492353677749,0.175252079963684,-0.9217559118721562,1.0,0.0,0.0
xjtu_sy,ctl_lifefrac,43,35Hz12kN_Bearing1_1,0.1584012508392334,0.1932495087385177,-0.8016295661491122,1.0,0.0,0.0
xjtu_sy,ctl_lifefrac,44,35Hz12kN_Bearing1_1,0.1095716282725334,0.1336773931980133,-0.8717832408318772,1.0,0.0,0.0
xjtu_sy,ctl_lifefrac,42,35Hz12kN_Bearing1_2,0.1225124150514602,0.1960199028253555,-0.8306424311588083,1.0,0.0,0.0683229813664596
xjtu_sy,ctl_lifefrac,43,35Hz12kN_Bearing1_2,0.0899641141295433,0.1439425945281982,-0.8898495050216002,1.0,0.0,0.0683229813664596
xjtu_sy,ctl_lifefrac,44,35Hz12kN_Bearing1_2,0.2473365813493728,0.3957386016845703,-0.6578735656063216,1.0,0.0,0.0683229813664596
xjtu_sy,ctl_lifefrac,42,35Hz12kN_Bearing1_3,0.0404480248689651,0.0635034069418907,-0.9639869199313716,1.0,0.0,0.0759493670886076
xjtu_sy,ctl_lifefrac,43,35Hz12kN_Bearing1_3,0.0393290445208549,0.061746597290039,-0.9606985735345732,1.0,0.0,0.0759493670886076
xjtu_sy,ctl_lifefrac,44,35Hz12kN_Bearing1_3,0.0543016232550144,0.0852535516023635,-0.9612833081710976,1.0,0.0,0.0759493670886076
xjtu_sy,ctl_lifefrac,42,35Hz12kN_Bearing1_4,0.0531914718449115,0.0643616840243339,-0.3860048256153677,1.0,0.0,0.0
xjtu_sy,ctl_lifefrac,43,35Hz12kN_Bearing1_4,0.2565648853778839,0.3104434907436371,-0.6132196483876773,1.0,0.0,0.0
xjtu_sy,ctl_lifefrac,44,35Hz12kN_Bearing1_4,0.268341064453125,0.3246926963329315,-0.6218440801230797,1.0,0.0,0.0
xjtu_sy,ctl_lifefrac,42,35Hz12kN_Bearing1_5,0.0514185465872287,0.0262234602123498,-0.8669379862870802,1.0,0.0,0.0384615384615384
xjtu_sy,ctl_lifefrac,43,35Hz12kN_Bearing1_5,0.0450414083898067,0.0229711197316646,-0.873385920367463,1.0,0.0,0.0384615384615384
xjtu_sy,ctl_lifefrac,44,35Hz12kN_Bearing1_5,0.0835087299346923,0.0425894521176815,-0.9236444750488026,1.0,0.0,0.0384615384615384
xjtu_sy,ctl_lifefrac,42,37.5Hz11kN_Bearing2_1,0.2643389999866485,1.2952615022659302,-0.2046174553041871,1.0,0.0,0.0122199592668024
xjtu_sy,ctl_lifefrac,43,37.5Hz11kN_Bearing2_1,0.0599222555756568,0.2936190664768219,-0.0375466270319482,1.0,0.0,0.0122199592668024
xjtu_sy,ctl_lifefrac,44,37.5Hz11kN_Bearing2_1,0.0639329105615615,0.3132712543010711,0.0389363082349165,1.0,0.0,0.0122199592668024
xjtu_sy,ctl_lifefrac,42,37.5Hz11kN_Bearing2_2,0.0556789673864841,0.0890863463282585,-0.8458106068210203,1.0,0.0,0.1055900621118012
xjtu_sy,ctl_lifefrac,43,37.5Hz11kN_Bearing2_2,0.2007043659687042,0.3211270570755005,-0.8648499049176336,1.0,0.0,0.1055900621118012
xjtu_sy,ctl_lifefrac,44,37.5Hz11kN_Bearing2_2,0.0525198876857757,0.0840318202972412,-0.920097146846785,1.0,0.0,0.1055900621118012
xjtu_sy,ctl_lifefrac,42,37.5Hz11kN_Bearing2_3,0.0357197858393192,0.1900292932987213,-0.9077214510664888,1.0,0.0,0.0056285178236397
xjtu_sy,ctl_lifefrac,43,37.5Hz11kN_Bearing2_3,0.1699595600366592,0.9041849970817566,-0.6955713494824407,1.0,0.0,0.0056285178236397
xjtu_sy,ctl_lifefrac,44,37.5Hz11kN_Bearing2_3,0.0406591333448886,0.2163065820932388,-0.9181343743860564,1.0,0.0,0.0056285178236397
xjtu_sy,ctl_lifefrac,42,37.5Hz11kN_Bearing2_4,0.1325537860393524,0.0543470494449138,-0.9128776612755276,1.0,0.0,0.0476190476190476
xjtu_sy,ctl_lifefrac,43,37.5Hz11kN_Bearing2_4,0.1689143180847168,0.069254882633686,-0.9024802303948288,1.0,0.0,0.0476190476190476
xjtu_sy,ctl_lifefrac,44,37.5Hz11kN_Bearing2_4,0.1356637775897979,0.0556221529841423,-0.8944306064871914,1.0,0.0,0.0476190476190476
xjtu_sy,ctl_lifefrac,42,37.5Hz11kN_Bearing2_5,0.0818834751844406,0.2767661809921264,-0.9319284322621816,1.0,0.0,0.0058997050147492
xjtu_sy,ctl_lifefrac,43,37.5Hz11kN_Bearing2_5,0.094890221953392,0.320728987455368,-0.9432151258654656,1.0,0.0,0.0058997050147492
xjtu_sy,ctl_lifefrac,44,37.5Hz11kN_Bearing2_5,0.15046027302742,0.5085558295249939,-0.9240884645303556,1.0,0.0,0.0058997050147492
xjtu_sy,ctl_lifefrac,42,40Hz10kN_Bearing3_1,0.2533135116100311,6.4265642166137695,-0.2057777536750629,1.0,0.0,0.0283687943262411
xjtu_sy,ctl_lifefrac,43,40Hz10kN_Bearing3_1,0.2557942867279053,6.489501953125,-0.1714190282442158,1.0,0.0,0.0283687943262411
xjtu_sy,ctl_lifefrac,44,40Hz10kN_Bearing3_1,0.2620400488376617,6.647955894470215,-0.2905267031731995,1.0,0.0,0.0283687943262411
xjtu_sy,ctl_lifefrac,42,40Hz10kN_Bearing3_2,0.0929430201649665,2.3189282417297363,-0.6218501892461185,1.0,0.0,0.0112179487179487
xjtu_sy,ctl_lifefrac,43,40Hz10kN_Bearing3_2,0.0794535651803016,1.9823665618896484,-0.4924638737358631,1.0,0.0,0.0112179487179487
xjtu_sy,ctl_lifefrac,44,40Hz10kN_Bearing3_2,0.0729740336537361,1.8207024335861208,-0.5347483527301734,1.0,0.0,0.0112179487179487
xjtu_sy,ctl_lifefrac,42,40Hz10kN_Bearing3_3,0.0850201547145843,0.3145745694637298,0.2797269785544534,1.0,0.0,0.0053908355795148
xjtu_sy,ctl_lifefrac,43,40Hz10kN_Bearing3_3,0.0616596974432468,0.2281408756971359,0.0721927969023373,1.0,0.0,0.0053908355795148
xjtu_sy,ctl_lifefrac,44,40Hz10kN_Bearing3_3,0.0701536759734153,0.2595686018466949,0.1325486019244517,1.0,0.0,0.0053908355795148
xjtu_sy,ctl_lifefrac,42,40Hz10kN_Bearing3_4,0.2552659809589386,3.864727020263672,-0.3234497123900991,1.0,0.0,0.0389438943894389
xjtu_sy,ctl_lifefrac,43,40Hz10kN_Bearing3_4,0.2655390202999115,4.020260810852051,-0.4030180668459615,1.0,0.0,0.0389438943894389
xjtu_sy,ctl_lifefrac,44,40Hz10kN_Bearing3_4,0.2585684359073639,3.91472601890564,-0.3005529013364725,1.0,0.0,0.0389438943894389
xjtu_sy,ctl_lifefrac,42,40Hz10kN_Bearing3_5,0.1361256092786789,0.1538219451904297,-0.3527447413507326,1.0,0.0,0.0263157894736842
xjtu_sy,ctl_lifefrac,43,40Hz10kN_Bearing3_5,0.5031668543815613,0.5685785412788391,-0.1875221314043984,1.0,0.0,0.0263157894736842
xjtu_sy,ctl_lifefrac,44,40Hz10kN_Bearing3_5,0.2792256474494934,0.3155249953269958,0.2250860565963462,1.0,0.0,0.0263157894736842
xjtu_sy,ctl_nodeg,42,35Hz12kN_Bearing1_1,0.1259810179471969,0.1536968201398849,-0.8747016448206294,1.0,0.0,0.0
xjtu_sy,ctl_nodeg,43,35Hz12kN_Bearing1_1,0.1373709589242935,0.1675925552845001,-0.7626962314623505,1.0,0.0,0.0
xjtu_sy,ctl_nodeg,44,35Hz12kN_Bearing1_1,0.16717329621315,0.2039514034986496,-0.8744284608856093,1.0,0.0,0.0
xjtu_sy,ctl_nodeg,42,35Hz12kN_Bearing1_2,0.3350887894630432,0.536142110824585,-0.7581545986545664,1.0,0.0,0.0683229813664596
xjtu_sy,ctl_nodeg,43,35Hz12kN_Bearing1_2,0.2946541905403137,0.4714467227458954,-0.8013259894803024,1.0,0.0,0.0683229813664596
xjtu_sy,ctl_nodeg,44,35Hz12kN_Bearing1_2,0.3072083592414856,0.4915333986282348,-0.6024716194994472,1.0,0.0,0.0683229813664596
xjtu_sy,ctl_nodeg,42,35Hz12kN_Bearing1_3,0.1747026145458221,0.2742831110954284,-0.9651626766736302,1.0,0.0,0.0759493670886076
xjtu_sy,ctl_nodeg,43,35Hz12kN_Bearing1_3,0.1630351990461349,0.2559652626514435,-0.9124548222867094,1.0,0.0,0.0759493670886076
xjtu_sy,ctl_nodeg,44,35Hz12kN_Bearing1_3,0.1642612218856811,0.2578901350498199,-0.9533453782935494,1.0,0.0,0.0759493670886076
xjtu_sy,ctl_nodeg,42,35Hz12kN_Bearing1_4,0.2818732559680938,0.3410667181015014,-0.2897282849748391,1.0,0.0,0.0
xjtu_sy,ctl_nodeg,43,35Hz12kN_Bearing1_4,0.2820580601692199,0.3412902653217315,-0.1309280312224282,1.0,0.0,0.0
xjtu_sy,ctl_nodeg,44,35Hz12kN_Bearing1_4,0.2831853330135345,0.342654287815094,-0.7344742381509439,1.0,0.0,0.0
xjtu_sy,ctl_nodeg,42,35Hz12kN_Bearing1_5,0.1634270399808883,0.0833478048443794,-0.8083766123789463,1.0,0.0,0.0384615384615384
xjtu_sy,ctl_nodeg,43,35Hz12kN_Bearing1_5,0.1588078439235687,0.0809919908642768,-0.7307364198220088,1.0,0.0,0.0384615384615384
xjtu_sy,ctl_nodeg,44,35Hz12kN_Bearing1_5,0.1738515794277191,0.0886643230915069,-0.8475058561818171,1.0,0.0,0.0384615384615384
xjtu_sy,ctl_nodeg,42,37.5Hz11kN_Bearing2_1,0.2543269395828247,1.2462021112442017,-0.3110240928772228,1.0,0.0,0.0122199592668024
xjtu_sy,ctl_nodeg,43,37.5Hz11kN_Bearing2_1,0.2441767007112503,1.196466088294983,-0.1041185827942638,1.0,0.0,0.0122199592668024
xjtu_sy,ctl_nodeg,44,37.5Hz11kN_Bearing2_1,0.2603397369384765,1.2756648063659668,-0.0242073012893998,1.0,0.0,0.0122199592668024
xjtu_sy,ctl_nodeg,42,37.5Hz11kN_Bearing2_2,0.2560286819934845,0.4096459746360779,-0.8374018136931666,1.0,0.0,0.1055900621118012
xjtu_sy,ctl_nodeg,43,37.5Hz11kN_Bearing2_2,0.2336422502994537,0.3738276362419128,-0.8245940928259077,1.0,0.0,0.1055900621118012
xjtu_sy,ctl_nodeg,44,37.5Hz11kN_Bearing2_2,0.1840489357709884,0.2944783270359039,-0.9015207451986632,1.0,0.0,0.1055900621118012
xjtu_sy,ctl_nodeg,42,37.5Hz11kN_Bearing2_3,0.1214157566428184,0.6459318399429321,-0.9125379123771356,1.0,0.0,0.0056285178236397
xjtu_sy,ctl_nodeg,43,37.5Hz11kN_Bearing2_3,0.133056640625,0.7078614830970764,-0.8891024256825865,1.0,0.0,0.0056285178236397
xjtu_sy,ctl_nodeg,44,37.5Hz11kN_Bearing2_3,0.1862279325723648,0.9907326102256776,-0.9049281754376708,1.0,0.0,0.0056285178236397
xjtu_sy,ctl_nodeg,42,37.5Hz11kN_Bearing2_4,0.1601940840482711,0.0656795799732208,-0.9083497478274816,1.0,0.0,0.0476190476190476
xjtu_sy,ctl_nodeg,43,37.5Hz11kN_Bearing2_4,0.2130506634712219,0.0873507782816886,-0.395857025707887,1.0,0.0,0.0476190476190476
xjtu_sy,ctl_nodeg,44,37.5Hz11kN_Bearing2_4,0.1595330387353897,0.0654085502028465,-0.9155608692447402,1.0,0.0,0.0476190476190476
xjtu_sy,ctl_nodeg,42,37.5Hz11kN_Bearing2_5,0.2021735608577728,0.6833466291427612,-0.9364560717495076,1.0,0.0,0.0058997050147492
xjtu_sy,ctl_nodeg,43,37.5Hz11kN_Bearing2_5,0.2200887948274612,0.7439001798629761,-0.91829407963728,1.0,0.0,0.0058997050147492
xjtu_sy,ctl_nodeg,44,37.5Hz11kN_Bearing2_5,0.2326478064060211,0.7863495945930481,-0.8993620082312493,1.0,0.0,0.0058997050147492
xjtu_sy,ctl_nodeg,42,40Hz10kN_Bearing3_1,0.2664025425910949,6.758632659912109,-0.2815192814951885,1.0,0.0,0.0283687943262411
xjtu_sy,ctl_nodeg,43,40Hz10kN_Bearing3_1,0.2649161517620086,6.720922470092773,-0.2330878499422838,1.0,0.0,0.0283687943262411
xjtu_sy,ctl_nodeg,44,40Hz10kN_Bearing3_1,0.2582373023033142,6.5514817237854,-0.2317956358872813,1.0,0.0,0.0283687943262411
xjtu_sy,ctl_nodeg,42,40Hz10kN_Bearing3_2,0.2465958893299102,6.152567863464356,-0.511772532746134,1.0,0.0,0.0112179487179487
xjtu_sy,ctl_nodeg,43,40Hz10kN_Bearing3_2,0.2557159662246704,6.380113124847412,-0.3926174020776007,1.0,0.0,0.0112179487179487
xjtu_sy,ctl_nodeg,44,40Hz10kN_Bearing3_2,0.2651807367801666,6.61625862121582,-0.665047742795145,1.0,0.0,0.0112179487179487
xjtu_sy,ctl_nodeg,42,40Hz10kN_Bearing3_3,0.2474004924297332,0.9153818488121032,0.0215649756040865,1.0,0.0,0.0053908355795148
xjtu_sy,ctl_nodeg,43,40Hz10kN_Bearing3_3,0.2340743839740753,0.8660752177238464,-0.0179540055496978,1.0,0.0,0.0053908355795148
xjtu_sy,ctl_nodeg,44,40Hz10kN_Bearing3_3,0.2448051869869232,0.9057793021202089,0.2506895305316248,1.0,0.0,0.0053908355795148
xjtu_sy,ctl_nodeg,42,40Hz10kN_Bearing3_4,0.2602284848690033,3.939859628677368,-0.350035681803769,1.0,0.0,0.0389438943894389
xjtu_sy,ctl_nodeg,43,40Hz10kN_Bearing3_4,0.2648244202136993,4.00944185256958,-0.2652676160299785,1.0,0.0,0.0389438943894389
xjtu_sy,ctl_nodeg,44,40Hz10kN_Bearing3_4,0.26328045129776,3.9860663414001465,-0.3757864694343812,1.0,0.0,0.0389438943894389
xjtu_sy,ctl_nodeg,42,40Hz10kN_Bearing3_5,0.5219990611076355,0.589858889579773,-0.6276422806779072,1.0,0.0,0.0263157894736842
xjtu_sy,ctl_nodeg,43,40Hz10kN_Bearing3_5,0.4858276844024658,0.5489853024482727,-0.5427096801602517,1.0,0.0,0.0263157894736842
xjtu_sy,ctl_nodeg,44,40Hz10kN_Bearing3_5,0.4569573104381561,0.5163617134094238,-0.6858674122414662,1.0,0.0,0.0263157894736842
xjtu_sy,ctl_random,42,35Hz12kN_Bearing1_1,0.1438580453395843,0.1755068153142929,-0.8507547408581277,1.0,0.0,0.0
xjtu_sy,ctl_random,43,35Hz12kN_Bearing1_1,0.118196777999401,0.1442000865936279,-0.8874879855841354,1.0,0.0,0.0
xjtu_sy,ctl_random,44,35Hz12kN_Bearing1_1,0.1166792586445808,0.1423487216234207,-0.8720497617440921,1.0,0.0,0.0
xjtu_sy,ctl_random,42,35Hz12kN_Bearing1_2,0.3207554519176483,0.51320880651474,-0.8806773323308315,1.0,0.0,0.0683229813664596
xjtu_sy,ctl_random,43,35Hz12kN_Bearing1_2,0.3210756778717041,0.5137211680412292,-0.8987301198389677,1.0,0.0,0.0683229813664596
xjtu_sy,ctl_random,44,35Hz12kN_Bearing1_2,0.3397307395935058,0.5435692667961121,-0.7812917984651755,1.0,0.0,0.0683229813664596
xjtu_sy,ctl_random,42,35Hz12kN_Bearing1_3,0.1655163764953613,0.2598606646060943,-0.96413781919241,1.0,0.0,0.0759493670886076
xjtu_sy,ctl_random,43,35Hz12kN_Bearing1_3,0.1703933775424957,0.2675176560878753,-0.9623175968561324,1.0,0.0,0.0759493670886076
xjtu_sy,ctl_random,44,35Hz12kN_Bearing1_3,0.155491754412651,0.2441220581531524,-0.9639114703008522,1.0,0.0,0.0759493670886076
xjtu_sy,ctl_random,42,35Hz12kN_Bearing1_4,0.2805373668670654,0.3394502699375152,-0.7672429783817315,1.0,0.0,0.0
xjtu_sy,ctl_random,43,35Hz12kN_Bearing1_4,0.2817631065845489,0.3409334123134613,-0.7688489541803207,1.0,0.0,0.0
xjtu_sy,ctl_random,44,35Hz12kN_Bearing1_4,0.2825703620910644,0.3419101536273956,-0.6153586714726067,1.0,0.0,0.0
xjtu_sy,ctl_random,42,35Hz12kN_Bearing1_5,0.1643570959568023,0.0838221237063407,-0.8103198253894727,1.0,0.0,0.0384615384615384
xjtu_sy,ctl_random,43,35Hz12kN_Bearing1_5,0.1688675582408905,0.0861224606633186,-0.7244651414698555,1.0,0.0,0.0384615384615384
xjtu_sy,ctl_random,44,35Hz12kN_Bearing1_5,0.1719349324703216,0.0876868218183517,-0.818534316752152,1.0,0.0,0.0384615384615384
xjtu_sy,ctl_random,42,37.5Hz11kN_Bearing2_1,0.2628423273563385,1.287927746772766,-0.0995889008098403,1.0,0.0,0.0122199592668024
xjtu_sy,ctl_random,43,37.5Hz11kN_Bearing2_1,0.2540218532085418,1.2447072267532349,0.0187637226470815,1.0,0.0,0.0122199592668024
xjtu_sy,ctl_random,44,37.5Hz11kN_Bearing2_1,0.2480938583612442,1.2156599760055542,0.1177299101873822,1.0,0.0,0.0122199592668024
xjtu_sy,ctl_random,42,37.5Hz11kN_Bearing2_2,0.2082843631505966,0.3332550227642059,-0.8815103548262629,1.0,0.0,0.1055900621118012
xjtu_sy,ctl_random,43,37.5Hz11kN_Bearing2_2,0.1981159895658493,0.3169856071472168,-0.847436759682775,1.0,0.0,0.1055900621118012
xjtu_sy,ctl_random,44,37.5Hz11kN_Bearing2_2,0.2213225215673446,0.3541160821914673,-0.879225493124508,1.0,0.0,0.1055900621118012
xjtu_sy,ctl_random,42,37.5Hz11kN_Bearing2_3,0.1422977298498153,0.7570239901542664,-0.8906516972574945,1.0,0.0,0.0056285178236397
xjtu_sy,ctl_random,43,37.5Hz11kN_Bearing2_3,0.1504212170839309,0.8002409934997559,-0.7782000029364626,1.0,0.0,0.0056285178236397
xjtu_sy,ctl_random,44,37.5Hz11kN_Bearing2_3,0.1374862343072891,0.7314268946647644,-0.9172411781648367,1.0,0.0,0.0056285178236397
xjtu_sy,ctl_random,42,37.5Hz11kN_Bearing2_4,0.1499466598033905,0.0614781305193901,-0.9075112453371028,1.0,0.0,0.0476190476190476
xjtu_sy,ctl_random,43,37.5Hz11kN_Bearing2_4,0.166323184967041,0.0681925043463707,-0.9101944533063152,1.0,0.0,0.0476190476190476
xjtu_sy,ctl_random,44,37.5Hz11kN_Bearing2_4,0.1227024048566818,0.0503079891204834,-0.9117037577889971,1.0,0.0,0.0476190476190476
xjtu_sy,ctl_random,42,37.5Hz11kN_Bearing2_5,0.2112011760473251,0.7138599753379822,-0.8917144010839799,1.0,0.0,0.0058997050147492
xjtu_sy,ctl_random,43,37.5Hz11kN_Bearing2_5,0.2280687838792801,0.7708724737167358,-0.9449818813999464,1.0,0.0,0.0058997050147492
xjtu_sy,ctl_random,44,37.5Hz11kN_Bearing2_5,0.2588224112987518,0.8748197555541992,-0.9072526139315266,1.0,0.0,0.0058997050147492
xjtu_sy,ctl_random,42,40Hz10kN_Bearing3_1,0.2662093937397003,6.753731727600098,-0.1412235284146898,1.0,0.0,0.0283687943262411
xjtu_sy,ctl_random,43,40Hz10kN_Bearing3_1,0.2641862630844116,6.702405452728272,-0.1281367830185781,1.0,0.0,0.0283687943262411
xjtu_sy,ctl_random,44,40Hz10kN_Bearing3_1,0.2601364254951477,6.599660873413086,-0.3062057901960608,1.0,0.0,0.0283687943262411
xjtu_sy,ctl_random,42,40Hz10kN_Bearing3_2,0.2669603526592254,6.660660743713379,-0.3527201436694104,1.0,0.0,0.0112179487179487
xjtu_sy,ctl_random,43,40Hz10kN_Bearing3_2,0.254943311214447,6.360836029052734,-0.6138751748159468,1.0,0.0,0.0112179487179487
xjtu_sy,ctl_random,44,40Hz10kN_Bearing3_2,0.2535503506660461,6.3260817527771,-0.5485869997047613,1.0,0.0,0.0112179487179487
xjtu_sy,ctl_random,42,40Hz10kN_Bearing3_3,0.2424109131097793,0.8969203233718872,0.3789688772147874,1.0,0.0,0.0053908355795148
xjtu_sy,ctl_random,43,40Hz10kN_Bearing3_3,0.2582387626171112,0.9554834365844728,0.4303987135627788,1.0,0.0,0.0053908355795148
xjtu_sy,ctl_random,44,40Hz10kN_Bearing3_3,0.2335947453975677,0.8643004894256592,0.095528139889054,1.0,0.0,0.0053908355795148
xjtu_sy,ctl_random,42,40Hz10kN_Bearing3_4,0.2593616247177124,3.926735162734986,0.0487764986433002,1.0,0.0,0.0389438943894389
xjtu_sy,ctl_random,43,40Hz10kN_Bearing3_4,0.2627472877502441,3.977994203567505,-0.4152700643106992,1.0,0.0,0.0389438943894389
xjtu_sy,ctl_random,44,40Hz10kN_Bearing3_4,0.2620641589164734,3.967651605606079,-0.3043041910703947,1.0,0.0,0.0389438943894389
xjtu_sy,ctl_random,42,40Hz10kN_Bearing3_5,0.5086621642112732,0.5747882723808289,-0.1219141067914014,1.0,0.0,0.0263157894736842
xjtu_sy,ctl_random,43,40Hz10kN_Bearing3_5,0.4474703371524811,0.505641520023346,-0.6001764101109002,1.0,0.0,0.0263157894736842
xjtu_sy,ctl_random,44,40Hz10kN_Bearing3_5,0.4596883952617645,0.519447922706604,-0.6906692257685128,1.0,0.0,0.0263157894736842
xjtu_sy,ctl_scalar,42,35Hz12kN_Bearing1_1,0.1297522932291031,0.1582977920770645,-0.9019200929805684,1.0,0.0,0.0
xjtu_sy,ctl_scalar,43,35Hz12kN_Bearing1_1,0.1299654692411422,0.1585578918457031,-0.8681052522433126,1.0,0.0,0.0
xjtu_sy,ctl_scalar,44,35Hz12kN_Bearing1_1,0.1695924550294876,0.206902801990509,-0.864027482286426,1.0,0.0,0.0
xjtu_sy,ctl_scalar,42,35Hz12kN_Bearing1_2,0.3362245261669159,0.5379592180252075,-0.6500520793902882,1.0,0.0,0.0683229813664596
xjtu_sy,ctl_scalar,43,35Hz12kN_Bearing1_2,0.2781918346881866,0.4451069235801697,-0.6295656761633558,1.0,0.0,0.0683229813664596
xjtu_sy,ctl_scalar,44,35Hz12kN_Bearing1_2,0.3593496084213257,0.5749593377113342,-0.5967178141202883,1.0,0.0,0.0683229813664596
xjtu_sy,ctl_scalar,42,35Hz12kN_Bearing1_3,0.1961050182580948,0.3078849017620086,-0.9637605710398138,1.0,0.0,0.0759493670886076
xjtu_sy,ctl_scalar,43,35Hz12kN_Bearing1_3,0.169491171836853,0.2661011517047882,-0.9421442518960428,1.0,0.0,0.0759493670886076
xjtu_sy,ctl_scalar,44,35Hz12kN_Bearing1_3,0.1588874161243438,0.2494532614946365,-0.956080427399873,1.0,0.0,0.0759493670886076
xjtu_sy,ctl_scalar,42,35Hz12kN_Bearing1_4,0.2823484241962433,0.3416416049003601,-0.2892840789028889,1.0,0.0,0.0
xjtu_sy,ctl_scalar,43,35Hz12kN_Bearing1_4,0.2812174558639526,0.3402730524539947,-0.7539304641023626,1.0,0.0,0.0
xjtu_sy,ctl_scalar,44,35Hz12kN_Bearing1_4,0.2757995128631592,0.3337173759937286,-0.6739597032721903,1.0,0.0,0.0
xjtu_sy,ctl_scalar,42,35Hz12kN_Bearing1_5,0.1562515795230865,0.0796883106231689,-0.8354932666621999,1.0,0.0,0.0384615384615384
xjtu_sy,ctl_scalar,43,35Hz12kN_Bearing1_5,0.1649463027715683,0.0841226130723953,-0.8183576610239224,1.0,0.0,0.0384615384615384
xjtu_sy,ctl_scalar,44,35Hz12kN_Bearing1_5,0.1673354208469391,0.0853410586714744,-0.7976889408210516,1.0,0.0,0.0384615384615384
xjtu_sy,ctl_scalar,42,37.5Hz11kN_Bearing2_1,0.2733601629734039,1.3394649028778076,-0.0271249170532508,1.0,0.0,0.0122199592668024
xjtu_sy,ctl_scalar,43,37.5Hz11kN_Bearing2_1,0.265934020280838,1.303076982498169,0.0662610155745977,1.0,0.0,0.0122199592668024
xjtu_sy,ctl_scalar,44,37.5Hz11kN_Bearing2_1,0.257951557636261,1.263962745666504,-0.1128237322875134,1.0,0.0,0.0122199592668024
xjtu_sy,ctl_scalar,42,37.5Hz11kN_Bearing2_2,0.1919425278902053,0.3071081042289734,-0.9245835680007516,1.0,0.0,0.1055900621118012
xjtu_sy,ctl_scalar,43,37.5Hz11kN_Bearing2_2,0.2217224836349487,0.3547559976577759,-0.8847621176387865,1.0,0.0,0.1055900621118012
xjtu_sy,ctl_scalar,44,37.5Hz11kN_Bearing2_2,0.2363380491733551,0.378140926361084,-0.8328350653699976,1.0,0.0,0.1055900621118012
xjtu_sy,ctl_scalar,42,37.5Hz11kN_Bearing2_3,0.1675057113170623,0.8911304473876953,-0.8985261577354261,1.0,0.0,0.0056285178236397
xjtu_sy,ctl_scalar,43,37.5Hz11kN_Bearing2_3,0.1349089443683624,0.7177155613899231,-0.690302338096555,1.0,0.0,0.0056285178236397
xjtu_sy,ctl_scalar,44,37.5Hz11kN_Bearing2_3,0.139339193701744,0.7412845492362976,-0.917580600919604,1.0,0.0,0.0056285178236397
xjtu_sy,ctl_scalar,42,37.5Hz11kN_Bearing2_4,0.1641071140766143,0.0672839134931564,-0.9096913518120876,1.0,0.0,0.0476190476190476
xjtu_sy,ctl_scalar,43,37.5Hz11kN_Bearing2_4,0.1815096586942672,0.0744189620018005,-0.9112006562947698,1.0,0.0,0.0476190476190476
xjtu_sy,ctl_scalar,44,37.5Hz11kN_Bearing2_4,0.1252296417951584,0.0513441562652587,-0.9127099607774518,1.0,0.0,0.0476190476190476
xjtu_sy,ctl_scalar,42,37.5Hz11kN_Bearing2_5,0.223982959985733,0.7570623159408569,-0.9270872513915848,1.0,0.0,0.0058997050147492
xjtu_sy,ctl_scalar,43,37.5Hz11kN_Bearing2_5,0.2250620126724243,0.7607095837593079,-0.9426389995451638,1.0,0.0,0.0058997050147492
xjtu_sy,ctl_scalar,44,37.5Hz11kN_Bearing2_5,0.2337253093719482,0.789991557598114,-0.890962952740833,1.0,0.0,0.0058997050147492
xjtu_sy,ctl_scalar,42,40Hz10kN_Bearing3_1,0.2596980631351471,6.588540077209473,-0.2409268575595728,1.0,0.0,0.0283687943262411
xjtu_sy,ctl_scalar,43,40Hz10kN_Bearing3_1,0.2670821249485016,6.775874137878418,-0.334652110238821,1.0,0.0,0.0283687943262411
xjtu_sy,ctl_scalar,44,40Hz10kN_Bearing3_1,0.2621941864490509,6.651866436004639,-0.3089683919328968,1.0,0.0,0.0283687943262411
xjtu_sy,ctl_scalar,42,40Hz10kN_Bearing3_2,0.2506980299949646,6.254916667938232,-0.5636268988321428,1.0,0.0,0.0112179487179487
xjtu_sy,ctl_scalar,43,40Hz10kN_Bearing3_2,0.2441409677267074,6.091317176818848,-0.5185158348940845,1.0,0.0,0.0112179487179487
xjtu_sy,ctl_scalar,44,40Hz10kN_Bearing3_2,0.2533906698226928,6.3220977783203125,-0.5857290035954079,1.0,0.0,0.0112179487179487
xjtu_sy,ctl_scalar,42,40Hz10kN_Bearing3_3,0.2401462346315384,0.8885411620140076,0.3367363225349359,1.0,0.0,0.0053908355795148
xjtu_sy,ctl_scalar,43,40Hz10kN_Bearing3_3,0.2378256916999817,0.8799551129341125,0.2643600809101565,1.0,0.0,0.0053908355795148
xjtu_sy,ctl_scalar,44,40Hz10kN_Bearing3_3,0.2482507526874542,0.9185277819633484,0.4079494633942293,1.0,0.0,0.0053908355795148
xjtu_sy,ctl_scalar,42,40Hz10kN_Bearing3_4,0.264928787946701,4.011022090911865,0.0176600224547665,1.0,0.0,0.0389438943894389
xjtu_sy,ctl_scalar,43,40Hz10kN_Bearing3_4,0.2617792189121246,3.963337659835816,-0.008284855285463,1.0,0.0,0.0389438943894389
xjtu_sy,ctl_scalar,44,40Hz10kN_Bearing3_4,0.261277437210083,3.9557406902313232,-0.378884638949889,1.0,0.0,0.0389438943894389
xjtu_sy,ctl_scalar,42,40Hz10kN_Bearing3_5,0.4388406872749328,0.4958899617195129,-0.2628930055095582,1.0,0.0,0.0263157894736842
xjtu_sy,ctl_scalar,43,40Hz10kN_Bearing3_5,0.5399057269096375,0.6100934147834778,-0.1156960515783673,1.0,0.0,0.0263157894736842
xjtu_sy,ctl_scalar,44,40Hz10kN_Bearing3_5,0.468644767999649,0.529568612575531,-0.2379286032459079,1.0,0.0,0.0263157894736842
xjtu_sy,ctl_shuffled,42,35Hz12kN_Bearing1_1,0.1481993198394775,0.1808031797409057,-0.9073704456353612,1.0,0.0,0.0
xjtu_sy,ctl_shuffled,43,35Hz12kN_Bearing1_1,0.1411576271057129,0.1722123026847839,-0.8153407746475833,1.0,0.0,0.0
xjtu_sy,ctl_shuffled,44,35Hz12kN_Bearing1_1,0.1113006472587585,0.1357867866754531,-0.8943975402333048,1.0,0.0,0.0
xjtu_sy,ctl_shuffled,42,35Hz12kN_Bearing1_2,0.3092561364173889,0.4948098659515381,-0.8230173002452695,1.0,0.0,0.0683229813664596
xjtu_sy,ctl_shuffled,43,35Hz12kN_Bearing1_2,0.3253382742404938,0.520541250705719,-0.7942452982691349,1.0,0.0,0.0683229813664596
xjtu_sy,ctl_shuffled,44,35Hz12kN_Bearing1_2,0.3186479806900024,0.5098368525505066,-0.7774807205485765,1.0,0.0,0.0683229813664596
xjtu_sy,ctl_shuffled,42,35Hz12kN_Bearing1_3,0.2157202064990997,0.3386806845664978,-0.9648891717629978,1.0,0.0,0.0759493670886076
xjtu_sy,ctl_shuffled,43,35Hz12kN_Bearing1_3,0.2060657739639282,0.3235232532024383,-0.9564262382064196,1.0,0.0,0.0759493670886076
xjtu_sy,ctl_shuffled,44,35Hz12kN_Bearing1_3,0.1538082063198089,0.2414788901805877,-0.9642698560458188,1.0,0.0,0.0759493670886076
xjtu_sy,ctl_shuffled,42,35Hz12kN_Bearing1_4,0.2787736356258392,0.33731609582901,-0.6225479758986314,1.0,0.0,0.0
xjtu_sy,ctl_shuffled,43,35Hz12kN_Bearing1_4,0.2813645005226135,0.3404510617256164,-0.7259044779320895,1.0,0.0,0.0
xjtu_sy,ctl_shuffled,44,35Hz12kN_Bearing1_4,0.2831437587738037,0.3426039814949035,-0.6328740585865814,1.0,0.0,0.0
xjtu_sy,ctl_shuffled,42,35Hz12kN_Bearing1_5,0.1623735129833221,0.0828105136752128,-0.8113970782455232,1.0,0.0,0.0384615384615384
xjtu_sy,ctl_shuffled,43,35Hz12kN_Bearing1_5,0.1644107699394226,0.0838495045900344,-0.7968939900440182,1.0,0.0,0.0384615384615384
xjtu_sy,ctl_shuffled,44,35Hz12kN_Bearing1_5,0.1577072888612747,0.08043073117733,-0.8167677594698555,1.0,0.0,0.0384615384615384
xjtu_sy,ctl_shuffled,42,37.5Hz11kN_Bearing2_1,0.2676740288734436,1.3116027116775513,-0.1187735076959203,1.0,0.0,0.0122199592668024
xjtu_sy,ctl_shuffled,43,37.5Hz11kN_Bearing2_1,0.2691103219985962,1.3186408281326294,-0.1012766508626046,1.0,0.0,0.0122199592668024
xjtu_sy,ctl_shuffled,44,37.5Hz11kN_Bearing2_1,0.248674526810646,1.2185052633285522,-0.2043564532066958,1.0,0.0,0.0122199592668024
xjtu_sy,ctl_shuffled,42,37.5Hz11kN_Bearing2_2,0.2211515605449676,0.3538424968719482,-0.8791838419997364,1.0,0.0,0.1055900621118012
xjtu_sy,ctl_shuffled,43,37.5Hz11kN_Bearing2_2,0.2161392271518707,0.3458227813243866,-0.8872344094020135,1.0,0.0,0.1055900621118012
xjtu_sy,ctl_shuffled,44,37.5Hz11kN_Bearing2_2,0.1875139027833938,0.3000223040580749,-0.925779550297764,1.0,0.0,0.1055900621118012
xjtu_sy,ctl_shuffled,42,37.5Hz11kN_Bearing2_3,0.1823917925357818,0.970324456691742,-0.9162040712823898,1.0,0.0,0.0056285178236397
xjtu_sy,ctl_shuffled,43,37.5Hz11kN_Bearing2_3,0.1404278427362442,0.7470760345458984,-0.8850161012201017,1.0,0.0,0.0056285178236397
xjtu_sy,ctl_shuffled,44,37.5Hz11kN_Bearing2_3,0.1281933784484863,0.6819887161254883,-0.9124081716330356,1.0,0.0,0.0056285178236397
xjtu_sy,ctl_shuffled,42,37.5Hz11kN_Bearing2_4,0.1407296359539032,0.0576991587877273,-0.8776605566796132,1.0,0.0,0.0476190476190476
xjtu_sy,ctl_shuffled,43,37.5Hz11kN_Bearing2_4,0.1676968187093734,0.0687557011842727,-0.8887287895526148,1.0,0.0,0.0476190476190476
xjtu_sy,ctl_shuffled,44,37.5Hz11kN_Bearing2_4,0.1313430666923523,0.0538506619632244,-0.9212626861793168,1.0,0.0,0.0476190476190476
xjtu_sy,ctl_shuffled,42,37.5Hz11kN_Bearing2_5,0.1958413571119308,0.6619438529014587,-0.9372951736622128,1.0,0.0,0.0058997050147492
xjtu_sy,ctl_shuffled,43,37.5Hz11kN_Bearing2_5,0.223652645945549,0.7559459805488586,-0.9412198625173772,1.0,0.0,0.0058997050147492
xjtu_sy,ctl_shuffled,44,37.5Hz11kN_Bearing2_5,0.3160882294178009,1.0683783292770386,-0.8941485268253108,1.0,0.0,0.0058997050147492
xjtu_sy,ctl_shuffled,42,40Hz10kN_Bearing3_1,0.2539611458778381,6.442994117736816,-0.1372241639254951,1.0,0.0,0.0283687943262411
xjtu_sy,ctl_shuffled,43,40Hz10kN_Bearing3_1,0.2632465064525604,6.678564548492432,-0.3336932368093145,1.0,0.0,0.0283687943262411
xjtu_sy,ctl_shuffled,44,40Hz10kN_Bearing3_1,0.2730322480201721,6.926827907562256,-0.2639059526098411,1.0,0.0,0.0283687943262411
xjtu_sy,ctl_shuffled,42,40Hz10kN_Bearing3_2,0.2523886859416961,6.297097682952881,-0.5484454432890562,1.0,0.0,0.0112179487179487
xjtu_sy,ctl_shuffled,43,40Hz10kN_Bearing3_2,0.236344501376152,5.896796226501465,-0.5990902545255882,1.0,0.0,0.0112179487179487
xjtu_sy,ctl_shuffled,44,40Hz10kN_Bearing3_2,0.2438904196023941,6.085066795349121,-0.4963132211762686,1.0,0.0,0.0112179487179487
xjtu_sy,ctl_shuffled,42,40Hz10kN_Bearing3_3,0.2454594224691391,0.9081998467445374,0.2080110720799157,1.0,0.0,0.0053908355795148
xjtu_sy,ctl_shuffled,43,40Hz10kN_Bearing3_3,0.2407507002353668,0.8907776474952698,0.1516558822977113,1.0,0.0,0.0053908355795148
xjtu_sy,ctl_shuffled,44,40Hz10kN_Bearing3_3,0.2479965537786483,0.9175872206687928,0.37085342856698,1.0,0.0,0.0053908355795148
xjtu_sy,ctl_shuffled,42,40Hz10kN_Bearing3_4,0.2675032019615173,4.049998283386231,-0.065487522338125,1.0,0.0,0.0389438943894389
xjtu_sy,ctl_shuffled,43,40Hz10kN_Bearing3_4,0.2703074812889099,4.092455863952637,-0.4239189656914423,1.0,0.0,0.0389438943894389
xjtu_sy,ctl_shuffled,44,40Hz10kN_Bearing3_4,0.2723573446273803,4.123490810394287,0.0329735229782315,1.0,0.0,0.0389438943894389
xjtu_sy,ctl_shuffled,42,40Hz10kN_Bearing3_5,0.4713813364505768,0.5326608419418335,-0.3415153694026657,1.0,0.0,0.0263157894736842
xjtu_sy,ctl_shuffled,43,40Hz10kN_Bearing3_5,0.5238926410675049,0.591998815536499,-0.0053088112903734,1.0,0.0,0.0263157894736842
xjtu_sy,ctl_shuffled,44,40Hz10kN_Bearing3_5,0.4447655379772186,0.5025850534439087,-0.6227692360601454,1.0,0.0,0.0263157894736842
xjtu_sy,tcn_transformer_vib,42,35Hz12kN_Bearing1_1,0.2971519529819488,0.3625253736972809,0.5941590294607474,1.0,0.0,0.0
xjtu_sy,tcn_transformer_vib,43,35Hz12kN_Bearing1_1,0.207510232925415,0.2531624734401703,0.6950621282080494,1.0,0.0,0.0
xjtu_sy,tcn_transformer_vib,44,35Hz12kN_Bearing1_1,0.2974384725093841,0.3628748655319214,0.696523543447598,1.0,0.0,0.0
xjtu_sy,tcn_transformer_vib,42,35Hz12kN_Bearing1_2,0.296063482761383,0.4737016260623932,0.4532436546703047,1.0,0.0,0.0683229813664596
xjtu_sy,tcn_transformer_vib,43,35Hz12kN_Bearing1_2,0.2918669581413269,0.4669871926307678,-0.8861134411288193,1.0,0.0,0.0683229813664596
xjtu_sy,tcn_transformer_vib,44,35Hz12kN_Bearing1_2,0.2648931741714477,0.4238291084766388,-0.6295389004402883,1.0,0.0,0.0683229813664596
xjtu_sy,tcn_transformer_vib,42,35Hz12kN_Bearing1_3,0.2947632074356079,0.4627782106399536,-0.9337753276378016,1.0,0.0,0.0759493670886076
xjtu_sy,tcn_transformer_vib,43,35Hz12kN_Bearing1_3,0.2694610059261322,0.4230538010597229,-0.6982570604739728,1.0,0.0,0.0759493670886076
xjtu_sy,tcn_transformer_vib,44,35Hz12kN_Bearing1_3,0.2963066399097442,0.4652014076709747,-0.7469648830586205,1.0,0.0,0.0759493670886076
xjtu_sy,tcn_transformer_vib,42,35Hz12kN_Bearing1_4,0.2968602776527405,0.3592009842395782,0.1523100243872417,1.0,0.0,0.0
xjtu_sy,tcn_transformer_vib,43,35Hz12kN_Bearing1_4,0.2970973551273346,0.3594878911972046,-0.3593530433292422,1.0,0.0,0.0
xjtu_sy,tcn_transformer_vib,44,35Hz12kN_Bearing1_4,0.2860298752784729,0.3460961878299713,-0.0094174799276576,1.0,0.0,0.0
xjtu_sy,tcn_transformer_vib,42,35Hz12kN_Bearing1_5,0.1572886109352111,0.0802171900868415,-0.7685735549331952,1.0,0.0,0.0384615384615384
xjtu_sy,tcn_transformer_vib,43,35Hz12kN_Bearing1_5,0.188274085521698,0.0960197821259498,0.8589184834377822,1.0,0.0,0.0384615384615384
xjtu_sy,tcn_transformer_vib,44,35Hz12kN_Bearing1_5,0.1329237222671508,0.0677910968661308,-0.8490074298717694,1.0,0.0,0.0384615384615384
xjtu_sy,tcn_transformer_vib,42,37.5Hz11kN_Bearing2_1,0.3003216087818146,1.4715759754180908,-0.3518794142592118,1.0,0.0,0.0122199592668024
xjtu_sy,tcn_transformer_vib,43,37.5Hz11kN_Bearing2_1,0.2531385719776153,1.2403793334960938,0.282193607922186,1.0,0.0,0.0122199592668024
xjtu_sy,tcn_transformer_vib,44,37.5Hz11kN_Bearing2_1,0.2663486003875732,1.3051081895828247,-0.1166611403167808,1.0,0.0,0.0122199592668024
xjtu_sy,tcn_transformer_vib,42,37.5Hz11kN_Bearing2_2,0.2613033652305603,0.4180854260921478,0.7665597516871244,1.0,0.0,0.1055900621118012
xjtu_sy,tcn_transformer_vib,43,37.5Hz11kN_Bearing2_2,0.2638172507286072,0.4221075773239136,0.666605426406648,1.0,0.0,0.1055900621118012
xjtu_sy,tcn_transformer_vib,44,37.5Hz11kN_Bearing2_2,0.2864347994327545,0.4582957327365875,0.1646587965433933,1.0,0.0,0.1055900621118012
xjtu_sy,tcn_transformer_vib,42,37.5Hz11kN_Bearing2_3,0.1696317344903946,0.9024407267570496,-0.5825732080320358,1.0,0.0,0.0056285178236397
xjtu_sy,tcn_transformer_vib,43,37.5Hz11kN_Bearing2_3,0.1418168842792511,0.7544658780097961,-0.8891681260855387,1.0,0.0,0.0056285178236397
xjtu_sy,tcn_transformer_vib,44,37.5Hz11kN_Bearing2_3,0.1633490025997162,0.8690166473388672,0.7734103329065446,1.0,0.0,0.0056285178236397
xjtu_sy,tcn_transformer_vib,42,37.5Hz11kN_Bearing2_4,0.299408495426178,0.1227574795484542,-0.8939160923350938,1.0,0.0,0.0476190476190476
xjtu_sy,tcn_transformer_vib,43,37.5Hz11kN_Bearing2_4,0.284781277179718,0.1167603358626365,-0.571774848189384,1.0,0.0,0.0476190476190476
xjtu_sy,tcn_transformer_vib,44,37.5Hz11kN_Bearing2_4,0.2989604473114013,0.1225737929344177,0.7645337627050693,1.0,0.0,0.0476190476190476
xjtu_sy,tcn_transformer_vib,42,37.5Hz11kN_Bearing2_5,0.2594129741191864,0.8768157362937927,-0.8676247155101363,1.0,0.0,0.0058997050147492
xjtu_sy,tcn_transformer_vib,43,37.5Hz11kN_Bearing2_5,0.2243297696113586,0.7582346200942993,0.7705193895383917,1.0,0.0,0.0058997050147492
xjtu_sy,tcn_transformer_vib,44,37.5Hz11kN_Bearing2_5,0.2936267852783203,0.9924585819244384,0.4587724899247472,1.0,0.0,0.0058997050147492
xjtu_sy,tcn_transformer_vib,42,40Hz10kN_Bearing3_1,0.2893226146697998,7.340113639831543,0.1692322802961041,1.0,0.0,0.0283687943262411
xjtu_sy,tcn_transformer_vib,43,40Hz10kN_Bearing3_1,0.278145432472229,7.056550025939941,-0.1894688266043175,1.0,0.0,0.0283687943262411
xjtu_sy,tcn_transformer_vib,44,40Hz10kN_Bearing3_1,0.2680844962596893,6.801303863525391,-0.1062440871721069,1.0,0.0,0.0283687943262411
xjtu_sy,tcn_transformer_vib,42,40Hz10kN_Bearing3_2,0.259076327085495,6.463955402374268,0.4465064729926784,1.0,0.0,0.0112179487179487
xjtu_sy,tcn_transformer_vib,43,40Hz10kN_Bearing3_2,0.2580825090408325,6.439158916473389,-0.3820092711566892,1.0,0.0,0.0112179487179487
xjtu_sy,tcn_transformer_vib,44,40Hz10kN_Bearing3_2,0.2861482203006744,7.139398097991943,-0.2150316269155895,1.0,0.0,0.0112179487179487
xjtu_sy,tcn_transformer_vib,42,40Hz10kN_Bearing3_3,0.2460128962993621,0.9102477431297302,-0.4707231019396755,1.0,0.0,0.0053908355795148
xjtu_sy,tcn_transformer_vib,43,40Hz10kN_Bearing3_3,0.2983948886394501,1.1040610074996948,-0.1533370237351377,1.0,0.0,0.0053908355795148
xjtu_sy,tcn_transformer_vib,44,40Hz10kN_Bearing3_3,0.2916305363178253,1.0790330171585083,0.2084989054854858,1.0,0.0,0.0053908355795148
xjtu_sy,tcn_transformer_vib,42,40Hz10kN_Bearing3_4,0.2945656478404999,4.459723949432373,-0.5016376488723138,1.0,0.0,0.0389438943894389
xjtu_sy,tcn_transformer_vib,43,40Hz10kN_Bearing3_4,0.2962859272956848,4.485768795013428,0.1740520169646842,1.0,0.0,0.0389438943894389
xjtu_sy,tcn_transformer_vib,44,40Hz10kN_Bearing3_4,0.2976188361644745,4.505949020385742,-0.4179397713043302,1.0,0.0,0.0389438943894389
xjtu_sy,tcn_transformer_vib,42,40Hz10kN_Bearing3_5,0.5268099308013916,0.5952953100204468,0.308300730808514,1.0,0.0,0.0263157894736842
xjtu_sy,tcn_transformer_vib,43,40Hz10kN_Bearing3_5,0.4606567621231079,0.5205421447753906,0.0680047413123606,1.0,0.0,0.0263157894736842
xjtu_sy,tcn_transformer_vib,44,40Hz10kN_Bearing3_5,0.3001720011234283,0.3391943871974945,0.7179138355609376,1.0,0.0,0.0263157894736842
xjtu_sy,tcn_vib,42,35Hz12kN_Bearing1_1,0.1809766888618469,0.2207915335893631,-0.8062457485182525,1.0,0.0,0.0
xjtu_sy,tcn_vib,43,35Hz12kN_Bearing1_1,0.1229069232940673,0.1499464660882949,0.6411170879799482,1.0,0.0,0.0
xjtu_sy,tcn_vib,44,35Hz12kN_Bearing1_1,0.2732732594013214,0.3333933055400848,0.8001091045145061,1.0,0.0,0.0
xjtu_sy,tcn_vib,42,35Hz12kN_Bearing1_2,0.4662394225597381,0.7459831237792969,0.8392136376207301,1.0,0.0,0.0683229813664596
xjtu_sy,tcn_vib,43,35Hz12kN_Bearing1_2,0.2739649713039398,0.4383439719676971,0.7883724896763429,1.0,0.0,0.0683229813664596
xjtu_sy,tcn_vib,44,35Hz12kN_Bearing1_2,0.2252209782600402,0.3603535890579223,-0.5919041341288308,1.0,0.0,0.0683229813664596
xjtu_sy,tcn_vib,42,35Hz12kN_Bearing1_3,0.2814712226390838,0.4419098794460296,0.5721266888911184,1.0,0.0,0.0759493670886076
xjtu_sy,tcn_vib,43,35Hz12kN_Bearing1_3,0.230950653553009,0.3625925183296203,-0.2305852493256869,1.0,0.0,0.0759493670886076
xjtu_sy,tcn_vib,44,35Hz12kN_Bearing1_3,0.2681714296340942,0.4210291504859924,-0.1867802759523624,1.0,0.0,0.0759493670886076
xjtu_sy,tcn_vib,42,35Hz12kN_Bearing1_4,0.2966063618659973,0.3588937520980835,0.6536765706329876,1.0,0.0,0.0
xjtu_sy,tcn_vib,43,35Hz12kN_Bearing1_4,0.2937380969524383,0.3554231226444244,0.2782062628624078,1.0,0.0,0.0
xjtu_sy,tcn_vib,44,35Hz12kN_Bearing1_4,0.2836900353431701,0.3432649672031402,-0.1537465554415313,1.0,0.0,0.0
xjtu_sy,tcn_vib,42,35Hz12kN_Bearing1_5,0.1523475348949432,0.0776972621679306,-0.2857909042742641,1.0,0.0,0.0384615384615384
xjtu_sy,tcn_vib,43,35Hz12kN_Bearing1_5,0.2492769509553909,0.1271312534809112,-0.9037707056229654,1.0,0.0,0.0384615384615384
xjtu_sy,tcn_vib,44,35Hz12kN_Bearing1_5,0.2516960501670837,0.1283649802207946,-0.8541304459904295,1.0,0.0,0.0384615384615384
xjtu_sy,tcn_vib,42,37.5Hz11kN_Bearing2_1,0.2799010276794433,1.3715152740478516,-0.4369729266552265,1.0,0.0,0.0122199592668024
xjtu_sy,tcn_vib,43,37.5Hz11kN_Bearing2_1,0.2651085555553436,1.2990320920944214,0.1436829556544347,1.0,0.0,0.0122199592668024
xjtu_sy,tcn_vib,44,37.5Hz11kN_Bearing2_1,0.2656678557395935,1.3017727136611938,0.2092372258541341,1.0,0.0,0.0122199592668024
xjtu_sy,tcn_vib,42,37.5Hz11kN_Bearing2_2,0.1649876534938812,0.2639802694320678,0.7007504234783156,1.0,0.0,0.1055900621118012
xjtu_sy,tcn_vib,43,37.5Hz11kN_Bearing2_2,0.1980003863573074,0.3168006539344787,0.8727844441866182,1.0,0.0,0.1055900621118012
xjtu_sy,tcn_vib,44,37.5Hz11kN_Bearing2_2,0.262384831905365,0.419815719127655,-0.6474102080476342,1.0,0.0,0.1055900621118012
xjtu_sy,tcn_vib,42,37.5Hz11kN_Bearing2_3,0.1531619429588318,0.8148216009140015,-0.6203942278002764,1.0,0.0,0.0056285178236397
xjtu_sy,tcn_vib,43,37.5Hz11kN_Bearing2_3,0.2275284379720688,1.2104514837265017,0.5352348130793174,1.0,0.0,0.0056285178236397
xjtu_sy,tcn_vib,44,37.5Hz11kN_Bearing2_3,0.2034472823143005,1.0823395252227783,0.506001433766986,1.0,0.0,0.0056285178236397
xjtu_sy,tcn_vib,42,37.5Hz11kN_Bearing2_4,0.1655771434307098,0.0678866282105445,-0.7156618755384062,1.0,0.0,0.0476190476190476
xjtu_sy,tcn_vib,43,37.5Hz11kN_Bearing2_4,0.1782566756010055,0.0730852410197258,-0.781735871780265,1.0,0.0,0.0476190476190476
xjtu_sy,tcn_vib,44,37.5Hz11kN_Bearing2_4,0.2545884549617767,0.104381263256073,-0.3906583102675378,1.0,0.0,0.0476190476190476
xjtu_sy,tcn_vib,42,37.5Hz11kN_Bearing2_5,0.4332592785358429,1.46441650390625,-0.9192107666123468,1.0,0.0,0.0058997050147492
xjtu_sy,tcn_vib,43,37.5Hz11kN_Bearing2_5,0.2874967753887176,0.9717391133308412,-0.7608715049215972,1.0,0.0,0.0058997050147492
xjtu_sy,tcn_vib,44,37.5Hz11kN_Bearing2_5,0.3053264915943146,1.0320035219192505,-0.951201886374214,1.0,0.0,0.0058997050147492
xjtu_sy,tcn_vib,42,40Hz10kN_Bearing3_1,0.2875690758228302,7.295626640319824,-0.1838128780165344,1.0,0.0,0.0283687943262411
xjtu_sy,tcn_vib,43,40Hz10kN_Bearing3_1,0.2631668448448181,6.676543712615967,-0.1797982622617527,1.0,0.0,0.0283687943262411
xjtu_sy,tcn_vib,44,40Hz10kN_Bearing3_1,0.2793953716754913,7.088261604309082,-0.2253467987171366,1.0,0.0,0.0283687943262411
xjtu_sy,tcn_vib,42,40Hz10kN_Bearing3_2,0.2934471070766449,7.321506023406982,0.497506347893103,1.0,0.0,0.0112179487179487
xjtu_sy,tcn_vib,43,40Hz10kN_Bearing3_2,0.2776075601577759,6.926308631896973,0.2144905305514302,1.0,0.0,0.0112179487179487
xjtu_sy,tcn_vib,44,40Hz10kN_Bearing3_2,0.2607418596744537,6.505509376525879,0.4404647240307294,1.0,0.0,0.0112179487179487
xjtu_sy,tcn_vib,42,40Hz10kN_Bearing3_3,0.2818774878978729,1.042946696281433,0.1196050628151542,1.0,0.0,0.0053908355795148
xjtu_sy,tcn_vib,43,40Hz10kN_Bearing3_3,0.2466973960399627,0.9127802848815918,0.0821323495613945,1.0,0.0,0.0053908355795148
xjtu_sy,tcn_vib,44,40Hz10kN_Bearing3_3,0.2543214559555053,0.940989315509796,0.1586049341580985,1.0,0.0,0.0053908355795148
xjtu_sy,tcn_vib,42,40Hz10kN_Bearing3_4,0.2851356267929077,4.316953659057617,-0.0745626751409716,1.0,0.0,0.0389438943894389
xjtu_sy,tcn_vib,43,40Hz10kN_Bearing3_4,0.2832443118095398,4.288319110870361,-0.3240361497601193,1.0,0.0,0.0389438943894389
xjtu_sy,tcn_vib,44,40Hz10kN_Bearing3_4,0.2756008207798004,4.17259693145752,0.3384611060148891,1.0,0.0,0.0389438943894389
xjtu_sy,tcn_vib,42,40Hz10kN_Bearing3_5,0.5025543570518494,0.5678864121437073,-0.8642628942352694,1.0,0.0,0.0263157894736842
xjtu_sy,tcn_vib,43,40Hz10kN_Bearing3_5,0.4990438222885132,0.5639194846153259,-0.8507380567983834,1.0,0.0,0.0263157894736842
xjtu_sy,tcn_vib,44,40Hz10kN_Bearing3_5,0.3860952854156494,0.4362876415252685,0.8241688599615579,1.0,0.0,0.0263157894736842
xjtu_sy,transformer_vib,42,35Hz12kN_Bearing1_1,0.1668426543474197,0.2035480588674545,0.8205046173217454,1.0,0.0,0.0
xjtu_sy,transformer_vib,43,35Hz12kN_Bearing1_1,0.151885911822319,0.1853007972240448,-0.6961792747963365,1.0,0.0,0.0
xjtu_sy,transformer_vib,44,35Hz12kN_Bearing1_1,0.1644287705421447,0.2006030678749084,0.6976062863991334,1.0,0.0,0.0
xjtu_sy,transformer_vib,42,35Hz12kN_Bearing1_2,0.3023459911346435,0.4837536215782165,0.6672539939209481,1.0,0.0,0.0683229813664596
xjtu_sy,transformer_vib,43,35Hz12kN_Bearing1_2,0.3336286246776581,0.5338059067726135,-0.6062618718536603,1.0,0.0,0.0683229813664596
xjtu_sy,transformer_vib,44,35Hz12kN_Bearing1_2,0.2999010682106018,0.4798417091369629,0.6208878131572465,1.0,0.0,0.0683229813664596
xjtu_sy,transformer_vib,42,35Hz12kN_Bearing1_3,0.2368807941675186,0.3719028532505035,0.7823828030060915,1.0,0.0,0.0759493670886076
xjtu_sy,transformer_vib,43,35Hz12kN_Bearing1_3,0.1664841622114181,0.2613801658153534,-0.5865357629786399,1.0,0.0,0.0759493670886076
xjtu_sy,transformer_vib,44,35Hz12kN_Bearing1_3,0.1594840437173843,0.250389963388443,-0.7058454403135013,1.0,0.0,0.0759493670886076
xjtu_sy,transformer_vib,42,35Hz12kN_Bearing1_4,0.2799214720726013,0.3387050032615661,-0.246080319533089,1.0,0.0,0.0
xjtu_sy,transformer_vib,43,35Hz12kN_Bearing1_4,0.2805906534194946,0.3395147025585174,-0.3915129809075501,1.0,0.0,0.0
xjtu_sy,transformer_vib,44,35Hz12kN_Bearing1_4,0.2792828977108001,0.3379323184490204,0.1528513093580625,1.0,0.0,0.0
xjtu_sy,transformer_vib,42,35Hz12kN_Bearing1_5,0.1660607606172561,0.084690973162651,0.7123642240861235,1.0,0.0,0.0384615384615384
xjtu_sy,transformer_vib,43,35Hz12kN_Bearing1_5,0.1709414422512054,0.0871801376342773,0.6940510061304375,1.0,0.0,0.0384615384615384
xjtu_sy,transformer_vib,44,35Hz12kN_Bearing1_5,0.1755056679248809,0.0895079001784324,-0.0666875374066984,1.0,0.0,0.0384615384615384
xjtu_sy,transformer_vib,42,37.5Hz11kN_Bearing2_1,0.24944369494915,1.2222743034362793,-0.3858929184966418,1.0,0.0,0.0122199592668024
xjtu_sy,transformer_vib,43,37.5Hz11kN_Bearing2_1,0.2682780921459198,1.3145630359649658,-0.1661745226054811,1.0,0.0,0.0122199592668024
xjtu_sy,transformer_vib,44,37.5Hz11kN_Bearing2_1,0.2525817453861236,1.2376506328582764,-0.2110292990417194,1.0,0.0,0.0122199592668024
xjtu_sy,transformer_vib,42,37.5Hz11kN_Bearing2_2,0.2247899621725082,0.3596639931201935,-0.8918381409511512,1.0,0.0,0.1055900621118012
xjtu_sy,transformer_vib,43,37.5Hz11kN_Bearing2_2,0.2018981426954269,0.3230369985103607,-0.8029976516209911,1.0,0.0,0.1055900621118012
xjtu_sy,transformer_vib,44,37.5Hz11kN_Bearing2_2,0.1843281835317611,0.2949251532554626,0.7998622499526156,1.0,0.0,0.1055900621118012
xjtu_sy,transformer_vib,42,37.5Hz11kN_Bearing2_3,0.227747768163681,1.211618185043335,-0.8125347169906108,1.0,0.0,0.0056285178236397
xjtu_sy,transformer_vib,43,37.5Hz11kN_Bearing2_3,0.137856438755989,0.7333962321281433,0.8629777775411812,1.0,0.0,0.0056285178236397
xjtu_sy,transformer_vib,44,37.5Hz11kN_Bearing2_3,0.1524442583322525,0.8110034465789795,0.8657256187299219,1.0,0.0,0.0056285178236397
xjtu_sy,transformer_vib,42,37.5Hz11kN_Bearing2_4,0.1215810626745224,0.0498482398688793,-0.8677662272931419,1.0,0.0,0.0476190476190476
xjtu_sy,transformer_vib,43,37.5Hz11kN_Bearing2_4,0.1838230490684509,0.0753674507141113,-0.5333714341300295,1.0,0.0,0.0476190476190476
xjtu_sy,transformer_vib,44,37.5Hz11kN_Bearing2_4,0.182913064956665,0.0749943628907203,0.8422757515856228,1.0,0.0,0.0476190476190476
xjtu_sy,transformer_vib,42,37.5Hz11kN_Bearing2_5,0.194630742073059,0.6578518748283386,0.9155526045972138,1.0,0.0,0.0058997050147492
xjtu_sy,transformer_vib,43,37.5Hz11kN_Bearing2_5,0.2413811236619949,0.8158682584762573,-0.903089949990395,1.0,0.0,0.0058997050147492
xjtu_sy,transformer_vib,44,37.5Hz11kN_Bearing2_5,0.2135012447834015,0.7216343283653259,0.8936108242805514,1.0,0.0,0.0058997050147492
xjtu_sy,transformer_vib,42,40Hz10kN_Bearing3_1,0.2665101587772369,6.761362552642822,-0.218389731032289,1.0,0.0,0.0283687943262411
xjtu_sy,transformer_vib,43,40Hz10kN_Bearing3_1,0.2647803425788879,6.717477321624756,-0.2265264090142064,1.0,0.0,0.0283687943262411
xjtu_sy,transformer_vib,44,40Hz10kN_Bearing3_1,0.2612474858760834,6.627849102020264,-0.2136649741124617,1.0,0.0,0.0283687943262411
xjtu_sy,transformer_vib,42,40Hz10kN_Bearing3_2,0.2606150209903717,6.502345085144043,-0.4594104647169725,1.0,0.0,0.0112179487179487
xjtu_sy,transformer_vib,43,40Hz10kN_Bearing3_2,0.316077709197998,7.886139869689941,-0.4806998402537171,1.0,0.0,0.0112179487179487
xjtu_sy,transformer_vib,44,40Hz10kN_Bearing3_2,0.2507848441600799,6.257081985473633,-0.4446572422160492,1.0,0.0,0.0112179487179487
xjtu_sy,transformer_vib,42,40Hz10kN_Bearing3_3,0.2439562380313873,0.9026380777359008,0.6631796358425643,1.0,0.0,0.0053908355795148
xjtu_sy,transformer_vib,43,40Hz10kN_Bearing3_3,0.2476534843444824,0.9163179993629456,0.1323260300856426,1.0,0.0,0.0053908355795148
xjtu_sy,transformer_vib,44,40Hz10kN_Bearing3_3,0.2403903156518936,0.8894441723823547,-0.562253043995643,1.0,0.0,0.0053908355795148
xjtu_sy,transformer_vib,42,40Hz10kN_Bearing3_4,0.2670561969280243,4.043231010437012,-0.2097904134771221,1.0,0.0,0.0389438943894389
xjtu_sy,transformer_vib,43,40Hz10kN_Bearing3_4,0.2806302905082702,4.248743057250977,0.27213819608392,1.0,0.0,0.0389438943894389
xjtu_sy,transformer_vib,44,40Hz10kN_Bearing3_4,0.2580855786800384,3.907415866851807,0.082951140967695,1.0,0.0,0.0389438943894389
xjtu_sy,transformer_vib,42,40Hz10kN_Bearing3_5,0.4898557960987091,0.5535370111465454,-0.1890892154001361,1.0,0.0,0.0263157894736842
xjtu_sy,transformer_vib,43,40Hz10kN_Bearing3_5,0.4511426985263824,0.5097912549972534,-0.0407274236325412,1.0,0.0,0.0263157894736842
xjtu_sy,transformer_vib,44,40Hz10kN_Bearing3_5,0.4319732189178467,0.4881297647953033,0.1858377256121884,1.0,0.0,0.0263157894736842
xjtu_sy,vtoi_static,42,35Hz12kN_Bearing1_1,0.1189483031630516,0.1451169401407241,-0.8890338068749815,1.0,0.0,0.0
xjtu_sy,vtoi_static,43,35Hz12kN_Bearing1_1,0.1369765549898147,0.1671113669872284,-0.7856170299128252,1.0,0.0,0.0
xjtu_sy,vtoi_static,44,35Hz12kN_Bearing1_1,0.1764743626117706,0.2152987271547317,-0.8697376928306284,1.0,0.0,0.0
xjtu_sy,vtoi_static,42,35Hz12kN_Bearing1_2,0.3286062180995941,0.5257700085639954,-0.7140252319590842,1.0,0.0,0.0683229813664596
xjtu_sy,vtoi_static,43,35Hz12kN_Bearing1_2,0.3167029023170471,0.5067247152328491,-0.8675512778671041,1.0,0.0,0.0683229813664596
xjtu_sy,vtoi_static,44,35Hz12kN_Bearing1_2,0.3031243085861206,0.4849989116191864,-0.7668061322856904,1.0,0.0,0.0683229813664596
xjtu_sy,vtoi_static,42,35Hz12kN_Bearing1_3,0.2275779843330383,0.3572974503040313,-0.9583376288462412,1.0,0.0,0.0759493670886076
xjtu_sy,vtoi_static,43,35Hz12kN_Bearing1_3,0.1498029381036758,0.2351906150579452,-0.9267556710047165,1.0,0.0,0.0759493670886076
xjtu_sy,vtoi_static,44,35Hz12kN_Bearing1_3,0.1650214940309524,0.2590837478637695,-0.9590292504593344,1.0,0.0,0.0759493670886076
xjtu_sy,vtoi_static,42,35Hz12kN_Bearing1_4,0.2810660302639007,0.3400899171829223,-0.2192430322656956,1.0,0.0,0.0
xjtu_sy,vtoi_static,43,35Hz12kN_Bearing1_4,0.2773581147193908,0.3356032967567444,-0.4049143364013092,1.0,0.0,0.0
xjtu_sy,vtoi_static,44,35Hz12kN_Bearing1_4,0.2816650867462158,0.3408147990703583,-0.8034013526384775,1.0,0.0,0.0
xjtu_sy,vtoi_static,42,35Hz12kN_Bearing1_5,0.1586096137762069,0.0808909013867378,-0.8697644779387549,1.0,0.0,0.0384615384615384
xjtu_sy,vtoi_static,43,35Hz12kN_Bearing1_5,0.1365901827812194,0.0696609988808631,-0.7514934678889943,1.0,0.0,0.0384615384615384
xjtu_sy,vtoi_static,44,35Hz12kN_Bearing1_5,0.1574814915657043,0.0803155750036239,-0.8225973985014344,1.0,0.0,0.0384615384615384
xjtu_sy,vtoi_static,42,37.5Hz11kN_Bearing2_1,0.258253812789917,1.265444040298462,-0.2470259955401343,1.0,0.0,0.0122199592668024
xjtu_sy,vtoi_static,43,37.5Hz11kN_Bearing2_1,0.2659955322742462,1.303378343582153,-0.0417914041541412,1.0,0.0,0.0122199592668024
xjtu_sy,vtoi_static,44,37.5Hz11kN_Bearing2_1,0.2473521828651428,1.2120256423950195,0.0174402880001476,1.0,0.0,0.0122199592668024
xjtu_sy,vtoi_static,42,37.5Hz11kN_Bearing2_2,0.2496398538351059,0.3994238376617431,-0.8920778401968792,1.0,0.0,0.1055900621118012
xjtu_sy,vtoi_static,43,37.5Hz11kN_Bearing2_2,0.2404572367668151,0.3847315609455108,-0.9178360857877568,1.0,0.0,0.1055900621118012
xjtu_sy,vtoi_static,44,37.5Hz11kN_Bearing2_2,0.2541606724262237,0.4066571593284607,-0.8468060426505197,1.0,0.0,0.1055900621118012
xjtu_sy,vtoi_static,42,37.5Hz11kN_Bearing2_3,0.1276978552341461,0.6793525218963623,-0.9199554135044772,1.0,0.0,0.0056285178236397
xjtu_sy,vtoi_static,43,37.5Hz11kN_Bearing2_3,0.1611173450946808,0.857144296169281,-0.911302344747874,1.0,0.0,0.0056285178236397
xjtu_sy,vtoi_static,44,37.5Hz11kN_Bearing2_3,0.1389189809560775,0.739048957824707,-0.9216067412455144,1.0,0.0,0.0056285178236397
xjtu_sy,vtoi_static,42,37.5Hz11kN_Bearing2_4,0.1444924175739288,0.0592419020831584,-0.8595489028874286,1.0,0.0,0.0476190476190476
xjtu_sy,vtoi_static,43,37.5Hz11kN_Bearing2_4,0.1484810262918472,0.060877226293087,-0.9026479308929048,1.0,0.0,0.0476190476190476
xjtu_sy,vtoi_static,44,37.5Hz11kN_Bearing2_4,0.1283677220344543,0.0526307746767997,-0.915728569742816,1.0,0.0,0.0476190476190476
xjtu_sy,vtoi_static,42,37.5Hz11kN_Bearing2_5,0.3331331014633178,1.1259900331497192,-0.6388258388169565,1.0,0.0,0.0058997050147492
xjtu_sy,vtoi_static,43,37.5Hz11kN_Bearing2_5,0.2041577845811844,0.6900532841682434,-0.9435063738035068,1.0,0.0,0.0058997050147492
xjtu_sy,vtoi_static,44,37.5Hz11kN_Bearing2_5,0.2230500280857086,0.7539091110229492,-0.9416324504930278,1.0,0.0,0.0058997050147492
xjtu_sy,vtoi_static,42,40Hz10kN_Bearing3_1,0.2519929111003876,6.393060684204102,-0.2939348092832828,1.0,0.0,0.0283687943262411
xjtu_sy,vtoi_static,43,40Hz10kN_Bearing3_1,0.2701355516910553,6.853338718414307,-0.2575564071310084,1.0,0.0,0.0283687943262411
xjtu_sy,vtoi_static,44,40Hz10kN_Bearing3_1,0.2713856697082519,6.885055065155029,-0.0372991034195865,1.0,0.0,0.0283687943262411
xjtu_sy,vtoi_static,42,40Hz10kN_Bearing3_2,0.2560509145259857,6.38847017288208,-0.5141343959224195,1.0,0.0,0.0112179487179487
xjtu_sy,vtoi_static,43,40Hz10kN_Bearing3_2,0.2528930008411407,6.309681415557861,-0.6037211723019228,1.0,0.0,0.0112179487179487
xjtu_sy,vtoi_static,44,40Hz10kN_Bearing3_2,0.2550344169139862,6.363109588623047,-0.5312457496837262,1.0,0.0,0.0112179487179487
xjtu_sy,vtoi_static,42,40Hz10kN_Bearing3_3,0.2476144433021545,0.9161733984947203,0.3056831950638466,1.0,0.0,0.0053908355795148
xjtu_sy,vtoi_static,43,40Hz10kN_Bearing3_3,0.2357010394334793,0.872093915939331,-9.294725491872842e-05,1.0,0.0,0.0053908355795148
xjtu_sy,vtoi_static,44,40Hz10kN_Bearing3_3,0.251358151435852,0.9300251603126526,0.3213867838118154,1.0,0.0,0.0053908355795148
xjtu_sy,vtoi_static,42,40Hz10kN_Bearing3_4,0.2926283180713653,4.430392742156982,-0.4609819965345049,1.0,0.0,0.0389438943894389
xjtu_sy,vtoi_static,43,40Hz10kN_Bearing3_4,0.2627831101417541,3.978536605834961,0.0032691001296307,1.0,0.0,0.0389438943894389
xjtu_sy,vtoi_static,44,40Hz10kN_Bearing3_4,0.2692122161388397,4.075873374938965,-0.4219584428271969,1.0,0.0,0.0389438943894389
xjtu_sy,vtoi_static,42,40Hz10kN_Bearing3_5,0.442802369594574,0.5003666877746582,-0.012850926777881,1.0,0.0,0.0263157894736842
xjtu_sy,vtoi_static,43,40Hz10kN_Bearing3_5,0.4261710047721863,0.4815733134746551,-0.6322932518952036,1.0,0.0,0.0263157894736842
xjtu_sy,vtoi_static,44,40Hz10kN_Bearing3_5,0.4420591294765472,0.4995268583297729,-0.5814635835735619,1.0,0.0,0.0263157894736842
xjtu_sy,vtoi_traj,42,35Hz12kN_Bearing1_1,0.1418092399835586,0.1730072647333145,-0.9077302488668514,1.0,0.0,0.0
xjtu_sy,vtoi_traj,43,35Hz12kN_Bearing1_1,0.152986541390419,0.1866435706615448,-0.7873560788650269,1.0,0.0,0.0
xjtu_sy,vtoi_traj,44,35Hz12kN_Bearing1_1,0.1269842684268951,0.1549208164215088,-0.8093240650543336,1.0,0.0,0.0
xjtu_sy,vtoi_traj,42,35Hz12kN_Bearing1_2,0.3206366598606109,0.5130186676979065,-0.8529079324295552,1.0,0.0,0.0683229813664596
xjtu_sy,vtoi_traj,43,35Hz12kN_Bearing1_2,0.3061461746692657,0.4898339509963989,-0.7362104060606287,1.0,0.0,0.0683229813664596
xjtu_sy,vtoi_traj,44,35Hz12kN_Bearing1_2,0.3124153316020965,0.4998645186424255,-0.5327833375959231,1.0,0.0,0.0683229813664596
xjtu_sy,vtoi_traj,42,35Hz12kN_Bearing1_3,0.2097121179103851,0.3292480111122131,-0.963930332708482,1.0,0.0,0.0759493670886076
xjtu_sy,vtoi_traj,43,35Hz12kN_Bearing1_3,0.154142290353775,0.2420033812522888,-0.952034440963277,1.0,0.0,0.0759493670886076
xjtu_sy,vtoi_traj,44,35Hz12kN_Bearing1_3,0.1557249873876571,0.2444881945848465,-0.9525028574194176,1.0,0.0,0.0759493670886076
xjtu_sy,vtoi_traj,42,35Hz12kN_Bearing1_4,0.2803776860237121,0.339257001876831,-0.1366685404599384,1.0,0.0,0.0
xjtu_sy,vtoi_traj,43,35Hz12kN_Bearing1_4,0.281098872423172,0.3401296734809875,-0.6343570234729382,1.0,0.0,0.0
xjtu_sy,vtoi_traj,44,35Hz12kN_Bearing1_4,0.2809893190860748,0.3399970829486847,-0.6610230556690869,1.0,0.0,0.0
xjtu_sy,vtoi_traj,42,35Hz12kN_Bearing1_5,0.1845988631248474,0.0941454321146011,-0.7710139258583723,1.0,0.0,0.0384615384615384
xjtu_sy,vtoi_traj,43,35Hz12kN_Bearing1_5,0.1605881601572036,0.0818999856710434,-0.876035756290908,1.0,0.0,0.0384615384615384
xjtu_sy,vtoi_traj,44,35Hz12kN_Bearing1_5,0.1481911689043045,0.0755774900317192,-0.8937013291138745,1.0,0.0,0.0384615384615384
xjtu_sy,vtoi_traj,42,37.5Hz11kN_Bearing2_1,0.2548221945762634,1.248628854751587,0.0095516671132273,1.0,0.0,0.0122199592668024
xjtu_sy,vtoi_traj,43,37.5Hz11kN_Bearing2_1,0.255148708820343,1.250228762626648,-0.0709919856040449,1.0,0.0,0.0122199592668024
xjtu_sy,vtoi_traj,44,37.5Hz11kN_Bearing2_1,0.2464377731084823,1.2075453996658323,-0.0201317054877126,1.0,0.0,0.0122199592668024
xjtu_sy,vtoi_traj,42,37.5Hz11kN_Bearing2_2,0.2462896555662155,0.3940634727478027,-0.8119797521808025,1.0,0.0,0.1055900621118012
xjtu_sy,vtoi_traj,43,37.5Hz11kN_Bearing2_2,0.2317129522562027,0.3707407712936401,-0.8314784287345807,1.0,0.0,0.1055900621118012
xjtu_sy,vtoi_traj,44,37.5Hz11kN_Bearing2_2,0.24852254986763,0.3976361751556396,-0.8305621039896062,1.0,0.0,0.1055900621118012
xjtu_sy,vtoi_traj,42,37.5Hz11kN_Bearing2_3,0.2210123538970947,1.1757856607437134,-0.8997396104651255,1.0,0.0,0.0056285178236397
xjtu_sy,vtoi_traj,43,37.5Hz11kN_Bearing2_3,0.1444977968931198,0.7687283158302307,-0.903730940300984,1.0,0.0,0.0056285178236397
xjtu_sy,vtoi_traj,44,37.5Hz11kN_Bearing2_3,0.118639163672924,0.6311603784561157,-0.9153895877222056,1.0,0.0,0.0056285178236397
xjtu_sy,vtoi_traj,42,37.5Hz11kN_Bearing2_4,0.1460911929607391,0.059897381812334,-0.898623118939086,1.0,0.0,0.0476190476190476
xjtu_sy,vtoi_traj,43,37.5Hz11kN_Bearing2_4,0.1783836483955383,0.0731372982263565,-0.9122068592832244,1.0,0.0,0.0476190476190476
xjtu_sy,vtoi_traj,44,37.5Hz11kN_Bearing2_4,0.1256828904151916,0.0515299923717975,-0.9123745597813002,1.0,0.0,0.0476190476190476
xjtu_sy,vtoi_traj,42,37.5Hz11kN_Bearing2_5,0.2459257692098617,0.8312291502952576,-0.8719854982498698,1.0,0.0,0.0058997050147492
xjtu_sy,vtoi_traj,43,37.5Hz11kN_Bearing2_5,0.2091127038002014,0.7068008780479431,-0.9235128159267372,1.0,0.0,0.0058997050147492
xjtu_sy,vtoi_traj,44,37.5Hz11kN_Bearing2_5,0.2176394462585449,0.7356213331222534,-0.927998734823704,1.0,0.0,0.0058997050147492
xjtu_sy,vtoi_traj,42,40Hz10kN_Bearing3_1,0.2641963362693786,6.702661514282227,-0.1586351233686736,1.0,0.0,0.0283687943262411
xjtu_sy,vtoi_traj,43,40Hz10kN_Bearing3_1,0.26677206158638,6.768007755279541,-0.0897131665188464,1.0,0.0,0.0283687943262411
xjtu_sy,vtoi_traj,44,40Hz10kN_Bearing3_1,0.2628108263015747,6.667510986328125,-0.109346908008824,1.0,0.0,0.0283687943262411
xjtu_sy,vtoi_traj,42,40Hz10kN_Bearing3_2,0.2615772187709808,6.526352405548096,-0.5635004703963851,1.0,0.0,0.0112179487179487
xjtu_sy,vtoi_traj,43,40Hz10kN_Bearing3_2,0.2477922737598419,6.1824164390563965,-0.4723124332775024,1.0,0.0,0.0112179487179487
xjtu_sy,vtoi_traj,44,40Hz10kN_Bearing3_2,0.2540362477302551,6.338204860687256,-0.6035146885321739,1.0,0.0,0.0112179487179487
xjtu_sy,vtoi_traj,42,40Hz10kN_Bearing3_3,0.2359529733657837,0.8730258941650391,-0.5238543121601854,1.0,0.0,0.0053908355795148
xjtu_sy,vtoi_traj,43,40Hz10kN_Bearing3_3,0.2379522174596786,0.8804233074188232,0.3720502002707394,1.0,0.0,0.0053908355795148
xjtu_sy,vtoi_traj,44,40Hz10kN_Bearing3_3,0.2720779478549957,1.0066884756088257,0.4312893061098404,1.0,0.0,0.0053908355795148
xjtu_sy,vtoi_traj,42,40Hz10kN_Bearing3_4,0.269500583410263,4.080239295959473,-0.4293441180731916,1.0,0.0,0.0389438943894389
xjtu_sy,vtoi_traj,43,40Hz10kN_Bearing3_4,0.2558864653110504,3.874121189117432,-0.1469512375364965,1.0,0.0,0.0389438943894389
xjtu_sy,vtoi_traj,44,40Hz10kN_Bearing3_4,0.2548431158065796,3.8583250045776367,-0.3262068905522565,1.0,0.0,0.0389438943894389
xjtu_sy,vtoi_traj,42,40Hz10kN_Bearing3_5,0.3996108472347259,0.4515602588653564,-0.3618288004490196,1.0,0.0,0.0263157894736842
xjtu_sy,vtoi_traj,43,40Hz10kN_Bearing3_5,0.4491164088249206,0.5075016617774963,0.0873879781152552,1.0,0.0,0.0263157894736842
xjtu_sy,vtoi_traj,44,40Hz10kN_Bearing3_5,0.4423181414604187,0.4998194575309753,0.0608271614067491,1.0,0.0,0.0263157894736842
